Gene	Geneid	baseMean	log2FoldChange	lfcSE	stat	pvalue	padj
Eurotiales	Eurotiales	33.57713026965264	0.16725417996599762	0.36652318830971475	0.4563263261386524	0.6481553356085624	0.8606823908791368
Glomerellales	Glomerellales	30.53140170041068	0.5088436616117129	0.4612717368053215	1.103132104160262	0.2699698008619207	0.6479275220686096
Helotiales	Helotiales	27.956465361191853	-0.6667713542886238	0.5320639959581813	-1.2531788644857489	0.21014061997624262	0.6304218599287279
Hypocreales	Hypocreales	489.36962914343263	0.7593362677933934	0.8931939006110555	0.8501359752612653	0.3952494924791878	0.6775705585357504
Magnaporthales	Magnaporthales	26.966164600115103	0.1558571531921791	0.6731718092308563	0.2315265598692499	0.8169057541063001	0.8606823908791368
Malasseziales	Malasseziales	620.3109433617328	1.7139655060711665	1.339407746538466	1.279644313317359	0.2006702575649804	0.6304218599287279
Mycosphaerellales	Mycosphaerellales	38.07114688970727	-1.2822986876690379	0.7758727440791082	-1.6527177909710078	0.09838831186893637	0.5903298712136182
Saccharomycetales	Saccharomycetales	153.07718407860585	-0.25912219121972196	0.5540834369449844	-0.46765915373400796	0.6400283555072105	0.8606823908791368
Schizosaccharomycetales	Schizosaccharomycetales	18.33358678573811	0.5197047321239664	2.9611864657374256	0.17550557458547078	0.8606823908791368	0.8606823908791368
Sordariales	Sordariales	57.462633157608344	-0.564206647198429	0.6236686156779451	-0.9046577509517946	0.3656467300861599	0.6775705585357504
Tremellales	Tremellales	25.67503789247282	0.28706506407029775	0.8616690434878753	0.33315002580145153	0.7390210389658224	0.8606823908791368
Ustilaginales	Ustilaginales	5508.27028795487	4.059678888272015	1.8603546209942339	2.1822070063730057	0.029094258448628806	0.34913110138354564
