Gene	Geneid	baseMean	log2FoldChange	lfcSE	stat	pvalue	padj
Eurotiales	Eurotiales	33.57713026965264	0.009486101539089199	0.3278819358069385	0.02893145520732423	0.9769192584888093	0.9769192584888093
Glomerellales	Glomerellales	30.53140170041068	-0.09517768287943161	0.40124947856901544	-0.2372032562356612	0.8124991102860439	0.9769192584888093
Helotiales	Helotiales	27.956465361191853	0.1969900899163484	0.4896793236995591	0.4022838628923016	0.6874751293544221	0.9769192584888093
Hypocreales	Hypocreales	489.36962914343263	-0.5601896336481522	0.8187181041686701	-0.6842277345472545	0.4938313715483988	0.9769192584888093
Magnaporthales	Magnaporthales	26.966164600115103	-0.12318128694857564	0.6057724191743364	-0.20334581610115374	0.8388647474270725	0.9769192584888093
Malasseziales	Malasseziales	620.3109433617328	3.9848862142044443	1.2380112010428472	3.218780420441873	0.001287370256353966	0.007724221538123795
Mycosphaerellales	Mycosphaerellales	38.07114688970727	0.1338436580850905	0.7339849481070894	0.1823520474503825	0.8553064553730192	0.9769192584888093
Saccharomycetales	Saccharomycetales	153.07718407860585	-0.4392185259212553	0.5117575323136709	-0.8582551270628795	0.3907516016793016	0.9488021632931103
Schizosaccharomycetales	Schizosaccharomycetales	18.33358678573811	0.22682062535405403	2.7219300383764047	0.08333080650719059	0.9335885054222722	0.9769192584888093
Sordariales	Sordariales	57.462633157608344	-0.4869186143756857	0.5728565184006663	-0.8499835451555879	0.39533423470546264	0.9488021632931103
Tremellales	Tremellales	25.67503789247282	0.7755543378637054	0.8135108739683127	0.9533423125379321	0.34041665958221745	0.9488021632931103
Ustilaginales	Ustilaginales	5508.27028795487	5.80376434070629	1.7095681531812987	3.3948715819876436	6.866079762676697e-4	0.007724221538123795
