Gene	Geneid	baseMean	log2FoldChange	lfcSE	stat	pvalue	padj
Eurotiales	Eurotiales	33.57713026965264	0.8649226046366749	0.43114483587115204	2.0061068408463036	0.044844850158216064	0.17937940063286426
Glomerellales	Glomerellales	30.53140170041068	-1.1091268542085535	0.42544510429017013	-2.6069799441200896	0.00913447104112319	0.05480682624673914
Helotiales	Helotiales	27.956465361191853	-0.6710362757910725	0.5073504943665484	-1.3226286033857002	0.18595891725753744	0.34204526423044584
Hypocreales	Hypocreales	489.36962914343263	0.9629722087588605	0.7506202279944243	1.2829020226803873	0.19952640413442674	0.34204526423044584
Magnaporthales	Magnaporthales	26.966164600115103	0.12619945790470222	0.6431876879193117	0.19620938067541807	0.8444462860497064	0.9212141302360433
Malasseziales	Malasseziales	620.3109433617328	-0.3061714696567094	1.1114683627721864	-0.2754657531529435	0.7829584334128965	0.9212141302360433
Mycosphaerellales	Mycosphaerellales	38.07114688970727	2.1789530743316514	0.7992656517270442	2.7261938125620615	0.006406936528206213	0.05480682624673914
Saccharomycetales	Saccharomycetales	153.07718407860585	-0.8854660475659129	0.4747756880149217	-1.865019776535153	0.06217863219547942	0.18653589658643827
Schizosaccharomycetales	Schizosaccharomycetales	18.33358678573811	-0.13204047953986575	2.48550203800415	-0.05312426927072401	0.9576328946708783	0.9576328946708783
Sordariales	Sordariales	57.462633157608344	-0.31018197172480483	0.5615435244312357	-0.5523738734926654	0.5806922269088624	0.8710383403632935
Tremellales	Tremellales	25.67503789247282	1.3197661547029413	0.807721944534976	1.6339362371326445	0.10227223986783704	0.2454533756828089
Ustilaginales	Ustilaginales	5508.27028795487	0.33530595276260433	1.5424818477279238	0.21738080954178493	0.8279115854039923	0.9212141302360433
