Gene	Geneid	baseMean	log2FoldChange	lfcSE	stat	pvalue	padj
Eurotiales	Eurotiales	33.57713026965264	0.8370628379183758	0.4013534926653347	2.08559998409271	0.03701487280092327	0.10864239825428701
Glomerellales	Glomerellales	30.53140170041068	-1.0550379728360617	0.40011428466849774	-2.636841555682474	0.00836819080970353	0.04602504945336941
Helotiales	Helotiales	27.956465361191853	-0.7565831344837276	0.48550579390573995	-1.558340073343423	0.11915265421737867	0.2621358392782331
Hypocreales	Hypocreales	489.36962914343263	1.4533764435045617	0.705908454466349	2.0588738303230576	0.03950632663792255	0.10864239825428701
Magnaporthales	Magnaporthales	26.966164600115103	0.42078663427637986	0.6167096494704782	0.6823091460262984	0.49504349101814993	0.7683910868651349
Malasseziales	Malasseziales	620.3109433617328	-0.5684313630177334	0.9723749730757525	-0.5845804126567643	0.5588298813564617	0.7683910868651349
Mycosphaerellales	Mycosphaerellales	38.07114688970727	1.3809212434235956	0.7762726819919066	1.7789125850470069	NA	NA
Saccharomycetales	Saccharomycetales	153.07718407860585	-1.191506411313176	0.4429993849618072	-2.689634459460707	0.0071530324137272314	0.04602504945336941
Schizosaccharomycetales	Schizosaccharomycetales	18.33358678573811	-0.11568100340814015	2.8477774799694537	-0.04062150368903858	0.9675976408391338	0.9675976408391338
Sordariales	Sordariales	57.462633157608344	-0.3848823594721717	0.5342942011379038	-0.720356609995907	0.47130545807502366	0.7683910868651349
Tremellales	Tremellales	25.67503789247282	0.08117780216322501	0.7750787774720385	0.10473490504796276	0.9165861640455646	0.9675976408391338
Ustilaginales	Ustilaginales	5508.27028795487	0.11519451214518305	1.2816137797306466	0.08988239200220925	0.9283806736559662	0.9675976408391338
