Gene	Geneid	baseMean	log2FoldChange	lfcSE	stat	pvalue	padj
Cryptomonadales	Cryptomonadales	23.111521417201814	4.9510489022466	0.5967900846569649	8.296131302336338	1.0755665193410543e-16	1.1831231712751597e-15
Dictyosteliales	Dictyosteliales	94.70005832374265	-0.15356682090296545	0.32112983036533976	-0.47820789718680784	0.6325022422792442	0.8926714586311689
Diplomonadida	Diplomonadida	2.942532330403041	0.43318059847857554	0.31939376048330353	1.3562588004946963	0.17501683911415772	0.385037046051147
Eucoccidiorida	Eucoccidiorida	22545.703362000917	0.06503525288721841	0.20321880145189655	0.32002576741213956	0.7489487973623317	0.8926714586311689
Haemosporida	Haemosporida	53668.52919876915	-0.05063349906261186	0.45449883485314085	-0.11140512401747459	0.9112950969783272	0.9112950969783272
Naviculales	Naviculales	32.39393747093326	3.753954236781847	0.5380265666772924	6.977265565091441	3.0098046163439493e-12	1.6553925389891722e-11
Peniculida	Peniculida	1.2150133953543805	-0.09875803866532164	0.38475793978741624	-0.25667576533933706	0.7974290813599993	0.8926714586311689
Piroplasmida	Piroplasmida	199.87878105057652	-0.5324091255957707	0.31316697554754147	-1.7000806827249457	0.08911575028616567	0.24506831328695558
Pyrenomonadales	Pyrenomonadales	29.913633980472913	-0.07296920008396951	0.30599385670748536	-0.23846622565930914	0.8115195078465172	0.8926714586311689
Thalassiosirales	Thalassiosirales	14.78224689731471	-0.7689721878260927	0.45208015755133035	-1.700964253753565	0.08894969976946805	0.24506831328695558
Trypanosomatida	Trypanosomatida	281.18640781249553	-0.17282968123571413	0.4788651887061633	-0.3609151078671627	0.7181629092975477	0.8926714586311689
