Gene	Geneid	baseMean	log2FoldChange	lfcSE	stat	pvalue	padj
Cryptomonadales	Cryptomonadales	23.111521417201814	0.12426398477216194	0.4436231877972407	0.28011156357534034	0.7793919132464862	0.9085230132626114
Dictyosteliales	Dictyosteliales	94.70005832374265	-0.08734168262859225	0.27219425117517226	-0.32087996807979235	0.7483013550220372	0.9085230132626114
Diplomonadida	Diplomonadida	2.942532330403041	0.026600250326892935	0.25427753233105005	0.104611091994795	0.9166844128636142	0.9166844128636142
Eucoccidiorida	Eucoccidiorida	22545.703362000917	-0.08274949350830695	0.17223087747040133	-0.48045678407768566	0.6309026254524773	0.9085230132626114
Haemosporida	Haemosporida	53668.52919876915	-0.22604597963051457	0.3851971161795104	-0.5868319624832604	0.5573165681397414	0.9085230132626114
Naviculales	Naviculales	32.39393747093326	1.7673060279695447	0.43495064343239254	4.063233506273108	4.839757077681033e-5	5.323732785449136e-4
Peniculida	Peniculida	1.2150133953543805	-0.2671205218070146	0.3280411303905238	-0.8142897248555847	0.4154789946787937	0.9085230132626114
Piroplasmida	Piroplasmida	199.87878105057652	-0.06170322910750436	0.2656046425719474	-0.2323123139340085	0.8162954489067569	0.9085230132626114
Pyrenomonadales	Pyrenomonadales	29.913633980472913	0.05709987539582694	0.2596340760744995	0.2199244269440298	0.8259300120569194	0.9085230132626114
Thalassiosirales	Thalassiosirales	14.78224689731471	0.11325515573206506	0.38715234637494306	0.29253382238934317	0.7698785037281357	0.9085230132626114
Trypanosomatida	Trypanosomatida	281.18640781249553	-0.2665382220693567	0.4058271084902342	-0.6567777669188668	0.511323822008076	0.9085230132626114
