Gene	Geneid	baseMean	log2FoldChange	lfcSE	stat	pvalue	padj
Cryptomonadales	Cryptomonadales	23.111521417201814	1.3421661184776066	0.4232933777912833	3.1707704133736754	0.001520352525219475	0.002787312962902371
Dictyosteliales	Dictyosteliales	94.70005832374265	1.0302331772302729	0.2595206206318869	3.9697545987746055	7.194669328896022e-5	2.6380454205952083e-4
Diplomonadida	Diplomonadida	2.942532330403041	-1.8578559614550163	0.1846206868775989	-10.06309743981589	8.042729505230522e-24	8.847002455753575e-23
Eucoccidiorida	Eucoccidiorida	22545.703362000917	0.3838469440211598	0.16368612504696645	2.3450182103768578	0.019026150308341493	0.020928765339175644
Haemosporida	Haemosporida	53668.52919876915	0.8694070367534756	0.3660855554836638	2.374873916029916	0.01755494560034308	0.020928765339175644
Naviculales	Naviculales	32.39393747093326	-0.6587829122915038	0.4083709321293514	-1.613197366561914	0.10670163541344178	0.10670163541344178
Peniculida	Peniculida	1.2150133953543805	-0.7399047653157135	0.24016447976870856	-3.080825132960053	0.0020642784295593153	0.0029531294332417485
Piroplasmida	Piroplasmida	199.87878105057652	1.6512181878389316	0.2533613134674139	6.517246714744803	7.160959414519005e-11	3.9385276779854526e-10
Pyrenomonadales	Pyrenomonadales	29.913633980472913	0.760539461463542	0.24781304681062682	3.0690049263012744	0.00214773049690309	0.0029531294332417485
Thalassiosirales	Thalassiosirales	14.78224689731471	-1.3910919856958388	0.3626044660769348	-3.836389553460952	1.2485630758501398e-4	3.4335484585878843e-4
Trypanosomatida	Trypanosomatida	281.18640781249553	1.372724872662059	0.38601419279105087	3.556151297797264	3.763274055717511e-4	8.279202922578525e-4
