Gene	Geneid	baseMean	log2FoldChange	lfcSE	stat	pvalue	padj
Cryptomonadales	Cryptomonadales	9.600961162919731	3.657566388202722	1.0557915413364016	3.4642883987998627	5.316362117284859e-4	0.0011695996658026692
Dictyosteliales	Dictyosteliales	114.89578994603015	-2.455312535643292	0.5991265717962349	-4.098153297194024	4.1645944379243357e-05	1.1452634704291923e-4
Diplomonadida	Diplomonadida	5.773609643545028	1.8926272431066413	0.7319979079136927	2.585563732690059	0.009721989742246043	0.0177148261740542
Eucoccidiorida	Eucoccidiorida	33624.841476472146	-0.9763110904154708	0.38526660116786565	-2.534118159881914	0.011273071201670854	0.0177148261740542
Haemosporida	Haemosporida	46943.45527925301	-1.6897653629557567	0.9031064553357928	-1.8710588911995636	0.06133691872872849	0.07787121179830761
Naviculales	Naviculales	37.55458257423938	5.812391338104253	1.0744985815361092	5.409398800503603	6.323667195988816e-8	6.956033915587697e-7
Peniculida	Peniculida	1.5441566649126177	0.06271713788557198	0.7898836329386427	0.07940047783018664	0.9367140885895848	0.9367140885895848
Piroplasmida	Piroplasmida	94.8948097006219	-2.5589714334227267	0.5272317987746704	-4.853598435014702	1.2124111853683772e-6	6.668261519526074e-6
Pyrenomonadales	Pyrenomonadales	20.03547862219297	0.06342817727925605	0.718927752683646	0.08822607980077064	0.929696989452546	0.9367140885895848
Thalassiosirales	Thalassiosirales	40.53633862013403	4.684006437021411	1.1194733210496646	4.184116181196255	2.8627768203570125e-5	1.0496848341309046e-4
Trypanosomatida	Trypanosomatida	231.86659506305122	-1.669358962910865	0.9003199087645226	-1.8541842145884206	0.06371280965316077	0.07787121179830761
