Gene	Geneid	baseMean	log2FoldChange	lfcSE	stat	pvalue	padj
Cryptomonadales	Cryptomonadales	23.111521417201814	4.800112050456258	0.7883286197456554	6.08897346896394	1.1363694701050478e-9	1.2500064171155526e-8
Dictyosteliales	Dictyosteliales	94.70005832374265	-0.10409740000668562	0.41787918347436515	-0.24910884323356464	0.8032765891350532	0.9523501513061694
Diplomonadida	Diplomonadida	2.942532330403041	-0.1154449715566146	0.3990122103259812	-0.28932691423728474	0.7723312180455867	0.9523501513061694
Eucoccidiorida	Eucoccidiorida	22545.703362000917	-0.12203170241262022	0.2642976163172872	-0.4617207832329525	0.6442815650361614	0.9523501513061694
Haemosporida	Haemosporida	53668.52919876915	-0.03532190089912517	0.5911044177061319	-0.05975577214631052	0.9523501513061694	0.9523501513061694
Naviculales	Naviculales	32.39393747093326	4.1757742654991725	0.7251218845945011	5.758720505083538	8.475390008481472e-9	4.6614645046648096e-8
Peniculida	Peniculida	1.2150133953543805	-0.5015406036830458	0.5052802225488576	-0.9925989209572709	0.3209054508395074	0.5883266598724302
Piroplasmida	Piroplasmida	199.87878105057652	-0.06655536944189425	0.4076921351794851	-0.16324908846375824	0.8703223175678101	0.9523501513061694
Pyrenomonadales	Pyrenomonadales	29.913633980472913	-0.765515469527017	0.39502595813104596	-1.9378864952289154	0.05263707193676025	0.1447519478260907
Thalassiosirales	Thalassiosirales	14.78224689731471	3.464176697583225	0.7364994551738981	4.703569939186558	2.556514647254514e-6	9.373887039933217e-6
Trypanosomatida	Trypanosomatida	281.18640781249553	0.9218078629583016	0.6234349698714323	1.4785950540252837	0.13924857540865224	0.3063468658990349
