Gene	Geneid	baseMean	log2FoldChange	lfcSE	stat	pvalue	padj
Cryptomonadales	Cryptomonadales	23.111521417201814	-1.2179021337054448	0.4990866583638338	-2.440261852917725	0.014676619232571086	0.01766909400410501
Dictyosteliales	Dictyosteliales	94.70005832374265	-1.117574859858865	0.30594476444529195	-3.652864796967971	2.59330794003687e-4	7.018052879639175e-4
Diplomonadida	Diplomonadida	2.942532330403041	1.8844562117819095	0.2455313916043247	7.675011327344741	1.654040343450469e-14	1.8194443777955157e-13
Eucoccidiorida	Eucoccidiorida	22545.703362000917	-0.4665964375294667	0.19318053048984535	-2.4153388353698184	0.01572057782898443	0.01766909400410501
Haemosporida	Haemosporida	53668.52919876915	-1.0954530163839902	0.43205116541207655	-2.535470574044586	0.011229636254021787	0.01764657125631995
Naviculales	Naviculales	32.39393747093326	2.4260889402610486	0.4861380844567627	4.99053461933988	6.021240741856452e-7	2.207788272014032e-6
Peniculida	Peniculida	1.2150133953543805	0.47278424350869885	0.31267384929823105	1.5120683887374065	0.13051646562226732	0.13051646562226732
Piroplasmida	Piroplasmida	199.87878105057652	-1.712921416946436	0.29867857158822114	-5.734999360141535	9.751271424598973e-9	5.363199283529435e-8
Pyrenomonadales	Pyrenomonadales	29.913633980472913	-0.7034395860677151	0.2921885387336584	-2.407485211830737	0.016062812731004555	0.01766909400410501
Thalassiosirales	Thalassiosirales	14.78224689731471	1.5043471414279037	0.4300423128418367	3.49813750067236	4.6851951649133985e-4	8.589524469007897e-4
Trypanosomatida	Trypanosomatida	281.18640781249553	-1.6392630947314153	0.45543193732101167	-3.599359114720975	3.1900240361996246e-4	7.018052879639175e-4
