Gene	Geneid	baseMean	log2FoldChange	lfcSE	stat	pvalue	padj
Cryptomonadales	Cryptomonadales	9.600961162919731	-3.489342600162209e-5	2.2924400873557946	-1.522108525063779e-5	0.9999878553310804	0.9999990882964436
Dictyosteliales	Dictyosteliales	114.89578994603015	0.9866922815293789	1.2711370686197077	0.7762280763323193	0.4376143313296094	0.9999990882964436
Diplomonadida	Diplomonadida	5.773609643545028	0.5849413973284019	1.8029212507292274	0.3244409022811233	0.745604257447701	0.9999990882964436
Eucoccidiorida	Eucoccidiorida	33624.841476472146	0.1538635610892078	0.8161085296805578	0.1885332103432778	0.8504586841873103	0.9999990882964436
Haemosporida	Haemosporida	46943.45527925301	0.1537777052752337	1.9130143128343797	0.08038502599982748	0.9359310358838959	0.9999990882964436
Naviculales	Naviculales	37.55458257423938	-8.118364762929622e-5	2.3332529759172935	-3.479419011450301e-5	0.9999722382529076	0.9999990882964436
Peniculida	Peniculida	1.5441566649126177	1.9696867332222606e-6	1.7237868855593945	1.1426509562886411e-6	0.9999990882964436	0.9999990882964436
Piroplasmida	Piroplasmida	94.8948097006219	1.1046720408186432	1.1202111266892327	0.9861284310605671	0.32407009364820916	0.9999990882964436
Pyrenomonadales	Pyrenomonadales	20.03547862219297	2.0466267864491625e-6	1.5265536008281064	1.3406845231893155e-6	0.999998930288518	0.9999990882964436
Thalassiosirales	Thalassiosirales	40.53633862013403	-9.065316430834623e-5	2.4255359716163474	-3.7374487688152515e-5	0.9999701794733127	0.9999990882964436
Trypanosomatida	Trypanosomatida	231.86659506305122	-1.3143349980431167	1.9058523604613629	-0.6896310676053347	0.49042622492460536	0.9999990882964436
