Gene	Geneid	baseMean	log2FoldChange	lfcSE	stat	pvalue	padj
Cryptomonadales	Cryptomonadales	23.111521417201814	3.4579459319786516	0.820821539925737	4.212786536147073	2.5223942318507437e-5	6.936584137589545e-5
Dictyosteliales	Dictyosteliales	94.70005832374265	-1.1343305772369583	0.4406081075237715	-2.5744659661664517	0.010039496313688058	0.015776351350081236
Diplomonadida	Diplomonadida	2.942532330403041	1.7424109898984017	0.39349630749177356	4.428023736753435	9.510043779461737e-6	3.4870160524693035e-5
Eucoccidiorida	Eucoccidiorida	22545.703362000917	-0.50587864643378	0.27840343534595163	-1.8170704172711143	0.06920633176991671	0.09515870618363548
Haemosporida	Haemosporida	53668.52919876915	-0.9047289376526008	0.6226522618988851	-1.4530244134879946	0.1462169757329649	0.17870963700695713
Naviculales	Naviculales	32.39393747093326	4.834557177790676	0.7569345723731283	6.3870212224993965	1.69148171617666e-10	9.30314943897163e-10
Peniculida	Peniculida	1.2150133953543805	0.2383641616326678	0.4954412711892704	0.4811148676824846	0.630434861819535	0.630434861819535
Piroplasmida	Piroplasmida	199.87878105057652	-1.717773557280826	0.4299720265603387	-3.9950821243478445	6.467183141802993e-5	1.4227802911966585e-4
Pyrenomonadales	Pyrenomonadales	29.913633980472913	-1.5260549309905589	0.41714481848453305	-3.6583336610404094	2.5386041773538026e-4	4.654107658481971e-4
Thalassiosirales	Thalassiosirales	14.78224689731471	4.855268683279064	0.7599216494193267	6.389170103245624	1.6678844406666366e-10	9.30314943897163e-10
Trypanosomatida	Trypanosomatida	281.18640781249553	-0.45091700970375703	0.6568057462206407	-0.6865302447464894	0.492378798835116	0.5416166787186276
