Gene	Geneid	baseMean	log2FoldChange	lfcSE	stat	pvalue	padj
Cryptomonadales	Cryptomonadales	9.600961162919731	2.7833412548838274	1.0341277943780298	2.691486748557853	0.007113432423940358	0.01304129277722399
Dictyosteliales	Dictyosteliales	114.89578994603015	-2.015923105722346	0.5762085611533503	-3.498599711339302	4.677081715023415e-4	0.0012861974716314392
Diplomonadida	Diplomonadida	5.773609643545028	1.54341961858988	0.7201318757167208	2.1432458007136144	0.032093366365663824	0.05043243286032886
Eucoccidiorida	Eucoccidiorida	33624.841476472146	-1.1735417013528053	0.3707682590788559	-3.165162261376893	0.001549964879935455	0.0034099227358580014
Haemosporida	Haemosporida	46943.45527925301	-1.4764449952924803	0.8691211109307053	-1.6987793493031338	0.08936076599293934	0.12287105324029159
Naviculales	Naviculales	37.55458257423938	4.454776099699104	1.0523814490550816	4.233043164813466	2.305502336761706e-5	2.536052570437877e-4
Peniculida	Peniculida	1.5441566649126177	-0.3789255189643076	0.778607177431305	-0.48667098114150054	0.6264915129593986	0.6891406642553386
Piroplasmida	Piroplasmida	94.8948097006219	-1.962217681621775	0.5068182190853712	-3.8716399839825972	1.0810554376663969e-4	5.945804907165182e-4
Pyrenomonadales	Pyrenomonadales	20.03547862219297	0.2502466458072083	0.6928924458833028	0.3611623236679866	0.7179781052963029	0.7179781052963029
Thalassiosirales	Thalassiosirales	40.53633862013403	4.013964371173596	1.0946736117190734	3.666813859585118	2.455914331994644e-4	9.005019217313693e-4
Trypanosomatida	Trypanosomatida	231.86659506305122	-1.140464413885652	0.8663418324135619	-1.3164138810063062	0.18803516592524808	0.229820758353081
