Gene	Geneid	baseMean	log2FoldChange	lfcSE	stat	pvalue	padj
Cryptomonadales	Cryptomonadales	23.111521417201814	3.6088827837689936	0.6390965442253985	5.646850724475521	1.6341360188884373e-8	4.493874051943202e-8
Dictyosteliales	Dictyosteliales	94.70005832374265	-1.1837999981332383	0.35019546025748194	-3.3803978991128183	7.238096154400155e-4	0.0015923811539680342
Diplomonadida	Diplomonadida	2.942532330403041	2.291036559933592	0.3124755578538922	7.331890454628257	2.269285604478231e-13	1.248107082463027e-12
Eucoccidiorida	Eucoccidiorida	22545.703362000917	-0.31881169113394137	0.22125352897744455	-1.4409338129311478	0.14960338236767795	0.16456372060444577
Haemosporida	Haemosporida	53668.52919876915	-0.9200405358160875	0.4948339090027667	-1.8592916109371627	0.06298581545156208	0.08660549624589786
Naviculales	Naviculales	32.39393747093326	4.41273714907335	0.580190301354972	7.605672033413653	2.8342720679745976e-14	3.1176992747720575e-13
Peniculida	Peniculida	1.2150133953543805	0.6411467266503919	0.3717426826826234	1.724705707785977	0.08458052189546762	0.10337619342779376
Piroplasmida	Piroplasmida	199.87878105057652	-2.183627313434702	0.3416674130068478	-6.39109037124046	1.6470699745792404e-10	6.039256573457215e-10
Pyrenomonadales	Pyrenomonadales	29.913633980472913	-0.8335086615475114	0.33406067163595393	-2.4950816792221384	0.012592813935677337	0.019788707613207245
Thalassiosirales	Thalassiosirales	14.78224689731471	0.6221197978697461	0.48931169476764436	1.2714182074989386	0.2035799085879651	0.2035799085879651
Trypanosomatida	Trypanosomatida	281.18640781249553	-1.5455545538977726	0.5215692624805001	-2.963277679645772	0.0030438184944951343	0.005580333906574413
