Gene	Geneid	baseMean	log2FoldChange	lfcSE	stat	pvalue	padj
Cryptomonadales	Cryptomonadales	9.600961162919731	0.0064080431297734225	1.194431195507198	0.005364932826501019	0.9957194234622856	0.9957194234622856
Dictyosteliales	Dictyosteliales	114.89578994603015	-1.2589551657937514	0.6715816374567248	-1.8746122519987387	0.06084608640690671	0.2554592148985552
Diplomonadida	Diplomonadida	5.773609643545028	0.028538812438809163	0.8266137558614051	0.03452496675314722	0.97245853362299	0.9957194234622856
Eucoccidiorida	Eucoccidiorida	33624.841476472146	-0.6659526188135232	0.43184519162463153	-1.5421096071677058	0.12304696075865397	0.33837914208629843
Haemosporida	Haemosporida	46943.45527925301	-0.8023703786567575	1.0122894674758331	-0.792629385602012	0.42799378278868677	0.7489410109170859
Naviculales	Naviculales	37.55458257423938	0.8446958948358764	1.186731420382478	0.7117835428707491	0.47659882512905466	0.7489410109170859
Peniculida	Peniculida	1.5441566649126177	-0.3781853888509867	0.9121545086330968	-0.41460671988314124	0.67842982807249	0.9328410135996738
Piroplasmida	Piroplasmida	94.8948097006219	-1.390854411841655	0.5910889873376296	-2.353037261117504	0.018620768064790842	0.20482844871269926
Pyrenomonadales	Pyrenomonadales	20.03547862219297	1.4487830917479787	0.7986475291781853	1.8140456694817402	0.06967069497233325	0.2554592148985552
Thalassiosirales	Thalassiosirales	40.53633862013403	-0.34473429143163276	1.283522547934603	-0.2685845231050802	0.7882494235746218	0.9634159621467601
Trypanosomatida	Trypanosomatida	231.86659506305122	-1.1561132423985443	1.009302546212388	-1.1454575704154253	0.252019661937607	0.5544432562627355
