Gene	Geneid	baseMean	log2FoldChange	lfcSE	stat	pvalue	padj
Cryptomonadales	Cryptomonadales	23.111521417201814	0.09141962121032225	1.3355421195531376	0.06845132015822201	0.9454263700175372	0.9454263700175372
Dictyosteliales	Dictyosteliales	94.70005832374265	-1.8044079280857954	0.6673707662621271	-2.7037563215303733	0.006856054691407479	0.03770830080274114
Diplomonadida	Diplomonadida	2.942532330403041	0.1509155281314758	0.7098927274503924	0.21258920157344735	0.8316473948209403	0.9148121343030344
Eucoccidiorida	Eucoccidiorida	22545.703362000917	-0.6400220640354642	0.4235660250671618	-1.5110325808921539	0.1307801500922239	0.3596454127536157
Haemosporida	Haemosporida	53668.52919876915	-0.4551719382719657	0.9473320045117655	-0.4804777375874169	0.6308877294868317	0.8674706280443936
Naviculales	Naviculales	32.39393747093326	1.3000698013898533	1.291068017142544	1.0069723547696834	0.3139480593970098	0.6906857306734216
Peniculida	Peniculida	1.2150133953543805	-0.17516790066911198	0.8119808368348606	-0.2157291068000135	0.8291989114500545	0.9148121343030344
Piroplasmida	Piroplasmida	199.87878105057652	-2.305059822678608	0.6519482457839613	-3.535648477597783	4.067755807897812e-4	0.004474531388687593
Pyrenomonadales	Pyrenomonadales	29.913633980472913	1.0023875356861052	0.6532925072313416	1.5343625169286432	0.12494049356182568	0.3596454127536157
Thalassiosirales	Thalassiosirales	14.78224689731471	0.8668296174214976	1.1936375739099183	0.7262083871757505	0.4677110310869214	0.8047369098326456
Trypanosomatida	Trypanosomatida	281.18640781249553	-0.6543728248261186	0.9981844227465855	-0.6555630501882194	0.5121053062571381	0.8047369098326456
