Gene	Geneid	baseMean	log2FoldChange	lfcSE	stat	pvalue	padj
Cryptomonadales	Cryptomonadales	23.111521417201814	-4.8751257956807725	0.5842984007269236	-8.343554919225596	7.208993925493008e-17	7.929893318042309e-16
Dictyosteliales	Dictyosteliales	94.70005832374265	-0.15867167805962384	0.3099021473061754	-0.5120057393563662	0.6086469927799241	0.6695116920579165
Diplomonadida	Diplomonadida	2.942532330403041	0.10093573826328878	0.3001858039811823	0.3362442091685859	0.7366867175639691	0.7366867175639691
Eucoccidiorida	Eucoccidiorida	22545.703362000917	0.30328482059497625	0.19564164997656808	1.5502058004075336	0.12109212807952584	0.27239414190261896
Haemosporida	Haemosporida	53668.52919876915	0.402711326995297	0.4375548376401298	0.9203676713237711	0.35738065676443725	0.6551978707348016
Naviculales	Naviculales	32.39393747093326	-3.8526688376191167	0.5258772513598716	-7.326175124815647	2.368142943532789e-13	1.302478618943034e-12
Peniculida	Peniculida	1.2150133953543805	0.5742004534626138	0.3731108544124596	1.5389540311466186	0.12381551904664496	0.27239414190261896
Piroplasmida	Piroplasmida	199.87878105057652	-0.18277737970032013	0.3020670293612901	-0.6050888112045738	0.5451199881634012	0.6695116920579165
Pyrenomonadales	Pyrenomonadales	29.913633980472913	0.22555415701088824	0.29499112990192083	0.7646133532417767	0.4445018153135593	0.6695116920579165
Thalassiosirales	Thalassiosirales	14.78224689731471	-2.4053285588736766	0.4872900719557022	-4.936132905848196	7.968681369998218e-7	2.9218498356660133e-6
Trypanosomatida	Trypanosomatida	281.18640781249553	-0.24185770091541517	0.4612022319223924	-0.5244070478742027	0.5999954555497728	0.6695116920579165
