Gene	Geneid	baseMean	log2FoldChange	lfcSE	stat	pvalue	padj
Cryptomonadales	Cryptomonadales	23.111521417201814	0.07592310656582762	0.7554281767652723	0.1005034083993647	0.9199446770291266	0.9199446770291266
Dictyosteliales	Dictyosteliales	94.70005832374265	-0.31223849896258926	0.38900546108861733	-0.802658394791686	0.42217220660223065	0.7176680049641815
Diplomonadida	Diplomonadida	2.942532330403041	0.5341163367418644	0.39200471061553904	1.3625253020637862	0.173032164664077	0.47583845282621173
Eucoccidiorida	Eucoccidiorida	22545.703362000917	0.36832007348219464	0.24583659564360158	1.4982312642181308	0.13407317542725267	0.47583845282621173
Haemosporida	Haemosporida	53668.52919876915	0.3520778279326851	0.54981469560885	0.6403572526245476	0.5219403672466775	0.7176680049641815
Naviculales	Naviculales	32.39393747093326	-0.09871460083726995	0.6681323604466235	-0.14774707330637696	0.8825423801562484	0.9199446770291266
Peniculida	Peniculida	1.2150133953543805	0.4754424147972922	0.4687487114285137	1.014279939774937	0.31044919331073206	0.6829882252836106
Piroplasmida	Piroplasmida	199.87878105057652	-0.7151865052960908	0.37919540632240367	-1.88606321008018	0.05928643722709173	0.32607540474900454
Pyrenomonadales	Pyrenomonadales	29.913633980472913	0.15258495692691873	0.3704119232491177	0.4119331677784543	0.6803884092884016	0.8315858335747132
Thalassiosirales	Thalassiosirales	14.78224689731471	-3.1743007466997692	0.5877036243243969	-5.401193076440241	6.619912674957349e-8	7.281903942453083e-7
Trypanosomatida	Trypanosomatida	281.18640781249553	-0.41468738215112927	0.5794264726939192	-0.7156859441080231	0.47418529186247055	0.7176680049641815
