Gene	Geneid	baseMean	log2FoldChange	lfcSE	stat	pvalue	padj
Cryptomonadales	Cryptomonadales	9.600961162919731	-3.451980404820044	0.4112863623779967	-8.393131211210616	4.7336280747168485e-17	5.206990882188534e-16
Dictyosteliales	Dictyosteliales	114.89578994603015	0.8341411678403011	0.2812146594738824	2.9662079829013015	0.0030149652455014266	0.006632923540103139
Diplomonadida	Diplomonadida	5.773609643545028	-1.304968116411428	0.2532741230825864	-5.152394174851847	2.571817507002875e-7	1.4144996288515812e-6
Eucoccidiorida	Eucoccidiorida	33624.841476472146	0.15129792958306376	0.18003387438774995	0.8403859001401268	0.4006920521594435	0.4006920521594435
Haemosporida	Haemosporida	46943.45527925301	0.8957975995314529	0.4220161186357145	2.1226620500358373	0.03378218127456611	0.05308628486003245
Naviculales	Naviculales	37.55458257423938	-1.76526363344481	0.37652442485294546	-4.688311081370744	2.754690535938737e-6	1.0100531965108702e-5
Peniculida	Peniculida	1.5441566649126177	0.3311143975298381	0.26170184834051996	1.2652352271467349	0.20578701799500465	0.22636571979450512
Piroplasmida	Piroplasmida	94.8948097006219	0.8760723929463579	0.248237642239825	3.5291681996398236	4.168680858840608e-4	0.0011463872361811673
Pyrenomonadales	Pyrenomonadales	20.03547862219297	0.5109595019184053	0.32748689160224825	1.5602441350202045	0.11870219950767548	0.14508046606493671
Thalassiosirales	Thalassiosirales	40.53633862013403	0.8814275917958112	0.4026748774351998	2.1889311729849705	0.028601842928855703	0.052436712036235456
Trypanosomatida	Trypanosomatida	231.86659506305122	0.7750187344341235	0.42096267745270566	1.8410628208748872	0.06561235323453722	0.09021698569748868
