Gene	Geneid	baseMean	log2FoldChange	lfcSE	stat	pvalue	padj
Cryptomonadales	Cryptomonadales	9.600961162919731	-2.26017599783864	0.6768289080308479	-3.3393609094126155	8.397139032549853e-4	0.0030789509786016125
Dictyosteliales	Dictyosteliales	114.89578994603015	0.40260583801168015	0.41715060743529103	0.9651330498760761	0.3344781750469585	0.5161249878414231
Diplomonadida	Diplomonadida	5.773609643545028	-0.6245078357982975	0.46041392927543706	-1.3564051738858085	0.17497028798554143	0.3207788613068259
Eucoccidiorida	Eucoccidiorida	33624.841476472146	0.4488672571519056	0.2676897532968886	1.6768189727982497	0.09357788649940026	0.2058713502986806
Haemosporida	Haemosporida	46943.45527925301	0.4454955325943303	0.627487132900702	0.7099675981161969	0.47772422948573784	0.5838851693714574
Naviculales	Naviculales	37.55458257423938	-3.2560081572464936	0.6328749735989313	-5.144788928420967	2.6782176177322166e-7	1.473019689752719e-6
Peniculida	Peniculida	1.5441566649126177	-0.47029251764676694	0.5305220056271002	-0.8864712729321391	0.375363627521035	0.5161249878414231
Piroplasmida	Piroplasmida	94.8948097006219	0.22987128648086436	0.3677016522449869	0.6251570670879364	0.5318679765820965	0.5850547742403062
Pyrenomonadales	Pyrenomonadales	20.03547862219297	0.9413683952342676	0.48173923906920785	1.9541036288701163	0.05068896302992072	0.139394648332282
Thalassiosirales	Thalassiosirales	40.53633862013403	-6.306195166165631	0.7496477245541207	-8.412211442269717	4.023517367434396e-17	4.425869104177835e-16
Trypanosomatida	Trypanosomatida	231.86659506305122	-0.3319928775217623	0.6259166403953986	-0.5304106906504973	0.5958272154013537	0.5958272154013537
