Gene	Geneid	baseMean	log2FoldChange	lfcSE	stat	pvalue	padj
Cryptomonadales	Cryptomonadales	23.111521417201814	-4.675848065684097	0.831487814498566	-5.6234715460068365	1.8715760305329774e-8	2.0587336335862753e-7
Dictyosteliales	Dictyosteliales	94.70005832374265	0.016755717378093372	0.4481899561703246	0.037385303145271144	0.9701777908704493	0.9911470761721813
Diplomonadida	Diplomonadida	2.942532330403041	0.14204522188350754	0.4305944582688563	0.32988167672798235	0.7414893690884309	0.9911470761721813
Eucoccidiorida	Eucoccidiorida	22545.703362000917	0.039282208904313276	0.2835115453687189	0.13855594082852984	0.8898010615110505	0.9911470761721813
Haemosporida	Haemosporida	53668.52919876915	-0.19072407873138938	0.6340772205617634	-0.3007899866871366	0.7635746444902538	0.9911470761721813
Naviculales	Naviculales	32.39393747093326	-2.4084682375296276	0.7715989765878789	-3.1213989528345656	0.0017999400716070108	0.006599780262559039
Peniculida	Peniculida	1.2150133953543805	0.23442008187603108	0.543501613256999	0.4313144177645407	0.6662397683860526	0.9911470761721813
Piroplasmida	Piroplasmida	199.87878105057652	0.004852140334389887	0.4372982867019329	0.011095722260849279	0.9911470761721813	0.9911470761721813
Pyrenomonadales	Pyrenomonadales	29.913633980472913	0.8226153449228438	0.42427388123843607	1.9388781192980045	0.05251618087202826	0.14441949739807772
Thalassiosirales	Thalassiosirales	14.78224689731471	-3.35092154185116	0.7719363136688869	-4.340930051502278	1.418808882612357e-5	7.803448854367964e-5
Trypanosomatida	Trypanosomatida	281.18640781249553	-1.1883460850276584	0.6686421667924158	-1.7772526831927844	0.07552667492785474	0.16615868484128044
