Gene	Geneid	baseMean	log2FoldChange	lfcSE	stat	pvalue	padj
Cryptomonadales	Cryptomonadales	9.600961162919731	0.2055510899566762	2.0759957004660663	0.09901325417510713	0.9211277465078578	0.9211277465078578
Dictyosteliales	Dictyosteliales	114.89578994603015	-0.6344790862736118	1.1558200256400348	-0.548942804414787	0.5830447017539498	0.8710541300353678
Diplomonadida	Diplomonadida	5.773609643545028	1.1726005240236153	1.6669904164571936	0.7034236744538155	0.48179175700994725	0.8710541300353678
Eucoccidiorida	Eucoccidiorida	33624.841476472146	-0.6711495997431992	0.7416301109312563	-0.9049654131497499	0.3654837107096004	0.8710541300353678
Haemosporida	Haemosporida	46943.45527925301	-0.6401900581490702	1.7384267489723138	-0.368258287861438	0.712680651847119	0.8710541300353678
Naviculales	Naviculales	37.55458257423938	4.047046521011814	2.1050678217230963	1.9225254783948564	0.054539670839281615	0.2999681896160489
Peniculida	Peniculida	1.5441566649126177	0.3938335051021434	1.5543545966226344	0.2533742982186182	0.7999789868380014	0.8799768855218016
Piroplasmida	Piroplasmida	94.8948097006219	-0.5782269996577255	1.0190791904440324	-0.5674014395346263	0.5704414720851253	0.8710541300353678
Pyrenomonadales	Pyrenomonadales	20.03547862219297	0.5743897258244479	1.3859146803938533	0.4144481142671901	0.6785459583769342	0.8710541300353678
Thalassiosirales	Thalassiosirales	40.53633862013403	5.565343375652914	2.1891029740349133	2.5422940088537627	0.011012749395324902	0.12114024334857391
Trypanosomatida	Trypanosomatida	231.86659506305122	-2.2086752265198584	1.731737340766854	-1.2754100604782277	0.20216413963850552	0.7412685120078535
