Gene	Geneid	baseMean	log2FoldChange	lfcSE	stat	pvalue	padj
Cryptomonadales	Cryptomonadales	23.111521417201814	-0.07501374522451433	0.914316869480204	-0.08204348812590564	0.9346121314751015	0.9747937103507235
Dictyosteliales	Dictyosteliales	94.70005832374265	-0.26276907806630945	0.4720422574171691	-0.5566643111658673	0.5777568051175664	0.9241397437272724
Diplomonadida	Diplomonadida	2.942532330403041	-0.014509233293325824	0.45920154932048185	-0.03159665579263904	0.9747937103507235	0.9747937103507235
Eucoccidiorida	Eucoccidiorida	22545.703362000917	0.18125311818235607	0.298313560679179	0.6075926208975948	0.5434576961194687	0.9241397437272724
Haemosporida	Haemosporida	53668.52919876915	0.36738942609617176	0.6671817153192126	0.55065871510042	0.5818676508505689	0.9241397437272724
Naviculales	Naviculales	32.39393747093326	0.32310542788005553	0.8262747800479416	0.3910387145802859	0.6957686195473834	0.9566818518776522
Peniculida	Peniculida	1.2150133953543805	0.07265984977956817	0.571834578821056	0.12706445617431888	0.8988893832501794	0.9747937103507235
Piroplasmida	Piroplasmida	199.87878105057652	-0.24933274914221437	0.4603569035972253	-0.541607494519861	0.5880889278264461	0.9241397437272724
Pyrenomonadales	Pyrenomonadales	29.913633980472913	-0.5399613125161287	0.44678659350940614	-1.2085441245558792	0.2268380340159286	0.9241397437272724
Thalassiosirales	Thalassiosirales	14.78224689731471	1.0588481387095487	0.8267106680476646	1.2807965103560273	0.20026515009154963	0.9241397437272724
Trypanosomatida	Trypanosomatida	281.18640781249553	0.6799501620428865	0.703629398165334	0.9663470057047225	0.333870572277604	0.9241397437272724
