group	factor	Bacteria_Blood	Fungi_Blood	Human_Blood	Protozoa_Blood	Viral_Blood
GERD	Factor1	-5.84908124245942e-4	-9.639174325393185e-6	4.545525608135037e-5	6.288718698010953e-5	-0.06346947771835865
GERD	Factor2	-3.243492915781765	0.1919398071832612	7.581518199636028	27.854503104804852	-32.6730456882451
GERD	Factor3	2.0330236274457292e-4	0.010383588949447464	0.6833676630588426	-0.18266380658176207	1.577764744631338e-4
IBD	Factor1	1.2118210294753906	0.029501805374521073	0.04035419696559739	0.006617397700592331	18.609591215723718
IBD	Factor2	0.4049251303205881	1.0150332179215127e-4	0.502158480072612	16.808583880249238	0.0011381037111179992
IBD	Factor3	5.436399419522786e-6	-1.3523274615678815e-4	0.15461099115842147	0.005604212243970341	6.917080830337596e-6
