Gene	Geneid	baseMean	log2FoldChange	lfcSE	stat	pvalue	padj
Eurotiales	Eurotiales	191.23166227976938	1.0038187604556468	0.567584674328567	1.768579748287125	0.07696403285684703	0.15392806571369405
Glomerellales	Glomerellales	213.69285558259733	-0.19429478498661523	0.3106460048874595	-0.6254539956404851	0.5316731330791427	0.6380077596949711
Helotiales	Helotiales	241.6360096297502	0.6089422540292562	0.3145957263627599	1.9356342219572484	0.052912515901636176	0.15392806571369405
Hypocreales	Hypocreales	316.4084669182704	-0.35799925412663214	0.24635169572035348	-1.4532039370778902	0.1461671393716261	0.21925070905743915
Magnaporthales	Magnaporthales	98.84509444403133	-0.7999776183115758	0.3891124688577421	-2.0559033244551315	0.03979183562299569	0.15392806571369405
Malasseziales	Malasseziales	1765.0431660468685	-0.7251468807997616	0.26436487528062674	-2.7429774096502375	0.006088487390333135	0.07306184868399762
Mycosphaerellales	Mycosphaerellales	219.68771774578164	0.7053469455983589	0.3252925164402592	2.1683466724568734	0.03013231985350711	0.15392806571369405
Saccharomycetales	Saccharomycetales	1422.7931415963958	0.2616358009274564	0.22056027584953286	1.1862326519121034	0.23553043489437975	0.314040579859173
Schizosaccharomycetales	Schizosaccharomycetales	275.96878979146015	-0.6236861604136862	0.3375301513453539	-1.8477939168626845	0.06463216126649247	0.15392806571369405
Sordariales	Sordariales	1080.231707750598	-0.6135759392186068	0.373940692740308	-1.6408375743281813	0.1008311362329731	0.17285337639938245
Tremellales	Tremellales	201.19658083961656	0.041027043261677935	0.25207869907509906	0.16275489921286526	0.8707114198927904	0.8707114198927904
Ustilaginales	Ustilaginales	16264.701342268727	-0.08803585594591937	0.2051701953916651	-0.42908696254765943	0.6678599397720668	0.7285744797513456
