Gene	Geneid	baseMean	log2FoldChange	lfcSE	stat	pvalue	padj
Eurotiales	Eurotiales	191.23166227976938	-0.23175800087388596	0.5497688502569387	-0.4215553514273719	0.673349601552812	0.7545245735407924
Glomerellales	Glomerellales	213.69285558259733	-0.14025381862898884	0.2924269563826647	-0.4796200061852547	0.6314976179928544	0.7545245735407924
Helotiales	Helotiales	241.6360096297502	0.6093176290985833	0.29838329072978853	2.042063507002382	0.041145232197366904	0.49374278636840285
Hypocreales	Hypocreales	316.4084669182704	0.25530229166896384	0.23080759707896034	1.106126032678308	0.2686719724039186	0.6709817064343214
Magnaporthales	Magnaporthales	98.84509444403133	0.3694160128665443	0.34164917270508666	1.0812729617976453	0.2795757110143006	0.6709817064343214
Malasseziales	Malasseziales	1765.0431660468685	-0.23140041700862551	0.2590099868540275	-0.8934034545125006	0.3716411533713801	0.7432823067427602
Mycosphaerellales	Mycosphaerellales	219.68771774578164	-0.12018171070369305	0.30301456898888757	-0.3966202387717551	0.6916475257457264	0.7545245735407924
Saccharomycetales	Saccharomycetales	1422.7931415963958	-0.33656364301533365	0.21575426029705488	-1.5599397321375992	0.11877412403430848	0.6709817064343214
Schizosaccharomycetales	Schizosaccharomycetales	275.96878979146015	0.16597550797142668	0.3184168140137388	0.5212523355134924	0.6021910003697029	0.7545245735407924
Sordariales	Sordariales	1080.231707750598	0.07817403579254623	0.36804050738369526	0.21240606461572728	0.8317902548452305	0.8317902548452305
Tremellales	Tremellales	201.19658083961656	0.11472164728620199	0.22155839777694386	0.5177941727205446	0.6046018845044683	0.7545245735407924
Ustilaginales	Ustilaginales	16264.701342268727	-0.2371452074262503	0.20468222232810024	-1.1586018791906254	0.24661850255320109	0.6709817064343214
