Gene	Geneid	baseMean	log2FoldChange	lfcSE	stat	pvalue	padj
Eurotiales	Eurotiales	191.23166227976938	0.2520139138310136	0.5644975871030153	0.4464393109709139	0.6552799419675193	0.8341158485922083
Glomerellales	Glomerellales	213.69285558259733	-0.5619607103113965	0.3041437898486228	-1.8476810280791638	0.0646485001030122	0.2585940004120488
Helotiales	Helotiales	241.6360096297502	-0.31628760680312634	0.31050242927367605	-1.0186316659195966	0.3083778650875397	0.7401068762100953
Hypocreales	Hypocreales	316.4084669182704	-0.4721190184827818	0.24009314358796338	-1.9663994207723414	0.04925249029992394	0.2585940004120488
Magnaporthales	Magnaporthales	98.84509444403133	0.1438044952305045	0.3668967513507278	0.39194812900656456	0.695096540493507	0.8341158485922083
Malasseziales	Malasseziales	1765.0431660468685	0.6841248236761646	0.2620481202643127	2.610683957534699	0.009036135835279737	0.10843363002335685
Mycosphaerellales	Mycosphaerellales	219.68771774578164	0.08908335196744954	0.3205301574955599	0.27792502478860687	0.7810699133845339	0.8520762691467642
Saccharomycetales	Saccharomycetales	1422.7931415963958	-0.18764266820022	0.21925908848380743	-0.8558033762603992	0.3921065473991206	0.7842130947982412
Schizosaccharomycetales	Schizosaccharomycetales	275.96878979146015	0.14365878485175967	0.3293316364736775	0.43621313272538237	0.662682100482008	0.8341158485922083
Sordariales	Sordariales	1080.231707750598	0.6359045931433747	0.37146979714897227	1.7118608242821822	0.08692231973026487	0.2607669591907946
Tremellales	Tremellales	201.19658083961656	0.1006017708869575	0.24229534825789756	0.41520306357626663	0.677993256309312	0.8341158485922083
Ustilaginales	Ustilaginales	16264.701342268727	0.010824902397221886	0.2050099290612735	0.05280184450962145	0.9578897918466208	0.9578897918466208
