Gene	Geneid	baseMean	log2FoldChange	lfcSE	stat	pvalue	padj
Eurotiales	Eurotiales	191.23166227976938	-0.24438966175326624	0.5561292028012909	-0.4394476328922229	0.6603372187159624	0.8804496249546165
Glomerellales	Glomerellales	213.69285558259733	-0.007845088725730743	0.29584124655546384	-0.02651790045192349	0.9788442561233696	0.9916223589335098
Helotiales	Helotiales	241.6360096297502	0.8079322111788172	0.30176737187554875	2.677334551304688	0.007421049374584603	0.08905259249501524
Hypocreales	Hypocreales	316.4084669182704	0.4347997819384905	0.23345665168161145	1.8624433221610286	0.06254062746590486	0.2794076305108389
Magnaporthales	Magnaporthales	98.84509444403133	0.48398075226460796	0.3456422164537412	1.400236224701392	0.16144259151234225	0.3228851830246845
Malasseziales	Malasseziales	1765.0431660468685	-0.4749326695561779	0.2619783692138817	-1.8128697837966854	0.06985190762770972	0.2794076305108389
Mycosphaerellales	Mycosphaerellales	219.68771774578164	-0.4576329493719612	0.30694235642773854	-1.4909410180399745	0.13597698102221076	0.3228851830246845
Saccharomycetales	Saccharomycetales	1422.7931415963958	-0.2708218995552913	0.21822755353549778	-1.2410068993017342	0.21460320017465118	0.367891200299402
Schizosaccharomycetales	Schizosaccharomycetales	275.96878979146015	0.14431879681372742	0.3221350832508253	0.44800707627786046	0.6541480896530703	0.8804496249546165
Sordariales	Sordariales	1080.231707750598	-0.003908418214675278	0.37222998991337075	-0.010500008920788156	0.9916223589335098	0.9916223589335098
Tremellales	Tremellales	201.19658083961656	0.02374628430111722	0.22440347675471972	0.10581959176627499	0.9157254920840431	0.9916223589335098
Ustilaginales	Ustilaginales	16264.701342268727	-0.30866988336278117	0.2069997510064883	-1.4911606504932757	0.135919321936412	0.3228851830246845
