Gene	Geneid	baseMean	log2FoldChange	lfcSE	stat	pvalue	padj
Eurotiales	Eurotiales	191.23166227976938	-0.7137823761072174	0.3967107962420933	-1.799251199787441	0.07197895372272384	0.09597193829696511
Glomerellales	Glomerellales	213.69285558259733	-0.5127173343345791	0.2363875632688223	-2.1689691591410494	0.030085025431220176	0.045127538146830265
Helotiales	Helotiales	241.6360096297502	-0.7618501228470412	0.25017090787428076	-3.045318615663722	0.0023243393194392658	0.008187491731631615
Hypocreales	Hypocreales	316.4084669182704	0.012436641183909709	0.20160129967854634	0.06168929071260928	0.9508102684999123	0.9508102684999123
Magnaporthales	Magnaporthales	98.84509444403133	0.8985857717058852	0.29985812671282613	2.9967030794081495	0.0027291639105438714	0.008187491731631615
Malasseziales	Malasseziales	1765.0431660468685	1.1513696506545767	0.27987886955704594	4.113814138512162	3.891748190407228e-5	2.3350489142443366e-4
Mycosphaerellales	Mycosphaerellales	219.68771774578164	-0.642076050010992	0.2694091922351157	-2.3832744706448126	0.017159395146440794	0.029416105965327073
Saccharomycetales	Saccharomycetales	1422.7931415963958	-0.4185858132971525	0.15887853953695813	-2.634627776143307	0.008422959450379327	0.016845918900758653
Schizosaccharomycetales	Schizosaccharomycetales	275.96878979146015	0.7834592072758635	0.2734690088082467	2.8648921158931615	0.004171513347363152	0.010011632033671565
Sordariales	Sordariales	1080.231707750598	1.2807942944128856	0.30606283494306114	4.184742961853438	2.8548895482506806e-5	2.3350489142443366e-4
Tremellales	Tremellales	201.19658083961656	0.07068885700543494	0.17546123163003627	0.4028745059449024	0.6870405469855604	0.8244486563826724
Ustilaginales	Ustilaginales	16264.701342268727	0.047064219441135216	0.15763373631722302	0.2985669219082831	0.7652705073053759	0.8348405534240464
