Gene	Geneid	baseMean	log2FoldChange	lfcSE	stat	pvalue	padj
Eurotiales	Eurotiales	191.23166227976938	0.23938225295163332	0.5706938183409606	0.419458289643878	0.6748812318437598	0.8396641226758873
Glomerellales	Glomerellales	213.69285558259733	-0.4295519804081384	0.3074279814990551	-1.3972442531535103	0.16234013332371913	0.6493605332948765
Helotiales	Helotiales	241.6360096297502	-0.11767302472289247	0.31375582499614263	-0.37504650224211505	0.7076258827648949	0.8396641226758873
Hypocreales	Hypocreales	316.4084669182704	-0.2926215282132552	0.24264084395915617	-1.2059862776545252	0.22782278152131377	0.6834683445639413
Magnaporthales	Magnaporthales	98.84509444403133	0.25836923462856815	0.370617878393106	0.6971310605650862	0.48572077750856346	0.8396641226758873
Malasseziales	Malasseziales	1765.0431660468685	0.44059257112861216	0.2649824717209684	1.6627234558841484	0.09636780474716665	0.6493605332948765
Mycosphaerellales	Mycosphaerellales	219.68771774578164	-0.2483678867008186	0.3242458384198086	-0.7659863513167159	0.4436844233931785	0.8396641226758873
Saccharomycetales	Saccharomycetales	1422.7931415963958	-0.12190092474017765	0.22169328436356406	-0.5498629563368607	0.5824133736832227	0.8396641226758873
Schizosaccharomycetales	Schizosaccharomycetales	275.96878979146015	0.12200207369406041	0.33292802823828854	0.36645179542149914	0.7140279763187758	0.8396641226758873
Sordariales	Sordariales	1080.231707750598	0.5538221391361533	0.37562103493311094	1.4744172653556946	0.1403692786315852	0.6493605332948765
Tremellales	Tremellales	201.19658083961656	0.009626407901872731	0.2448996381069758	0.039307562788915895	0.9686451770442273	0.9686451770442273
Ustilaginales	Ustilaginales	16264.701342268727	-0.06069977353930896	0.20732379488156694	-0.29277765040903053	0.7696921124528967	0.8396641226758873
