Gene	Geneid	baseMean	log2FoldChange	lfcSE	stat	pvalue	padj
Eurotiales	Eurotiales	86.7103894197077	-0.9758805934027893	1.151450277329683	-0.8475230000082542	0.3967036727208836	0.7934073454417672
Glomerellales	Glomerellales	107.24115450008735	-1.234514754103685	0.7948164312780203	-1.5532073891812408	0.1203735966007366	0.3611207898022098
Helotiales	Helotiales	106.45351531682293	-0.2394171583824727	1.0815004743907206	-0.22137499155268694	0.8248004632322641	0.8997823235261062
Hypocreales	Hypocreales	134.02102491857204	0.368022999100709	1.0501409459468143	0.35045105185275577	0.7260002186710559	0.8814027796517357
Magnaporthales	Magnaporthales	51.41765420252945	-1.1513054362144506	1.0649297211485311	-1.0811093101737859	0.27964849248758283	0.6711563819701988
Malasseziales	Malasseziales	774.9162828496673	0.16249022912111555	0.43960590827189433	0.3696270365425026	0.7116604033860672	0.8814027796517357
Mycosphaerellales	Mycosphaerellales	98.23317935997561	-0.4378623606720251	1.0744739216036039	-0.4075132507809359	0.6836310639456155	0.8814027796517357
Saccharomycetales	Saccharomycetales	556.4292420462742	2.444535267822781	1.051609336100921	2.3245659618109205	0.02009518064811809	0.12057108388870855
Schizosaccharomycetales	Schizosaccharomycetales	118.31341084074971	0.36900403838981144	1.0880498369638452	0.33914258874345393	0.7345023163764465	0.8814027796517357
Sordariales	Sordariales	417.0767231157106	2.2571602429119246	1.0819098382692305	2.08627388629979	0.036953820721009896	0.14781528288403958
Tremellales	Tremellales	90.51441788451999	-0.10955121853714841	1.0461669612002444	-0.10471676376728883	0.9166005595352148	0.9166005595352148
Ustilaginales	Ustilaginales	6583.4880663133745	1.327864762495412	0.3144147964645202	4.223289671563703	2.407620528217495e-5	2.889144633860994e-4
