Gene	Geneid	baseMean	log2FoldChange	lfcSE	stat	pvalue	padj
Eurotiales	Eurotiales	86.7103894197077	-0.14692605186850616	1.151275122356346	-0.1276202786070706	0.8984494823506891	0.8984494823506891
Glomerellales	Glomerellales	107.24115450008735	-0.7813858083586065	0.7948340136925731	-0.9830804858595695	0.32556782768635933	0.8168977925222455
Helotiales	Helotiales	106.45351531682293	-0.15078494015602376	1.0816702683712434	-0.13940009683641633	0.8891339958427058	0.8984494823506891
Hypocreales	Hypocreales	134.02102491857204	0.8241270428042786	1.0501488921105375	0.7847716157163093	0.4325874849578053	0.8168977925222455
Magnaporthales	Magnaporthales	51.41765420252945	-0.963563797204099	1.0651629887906713	-0.9046162956695271	0.36566869925130546	0.8168977925222455
Malasseziales	Malasseziales	774.9162828496673	-0.15866744554126347	0.43968910311776666	-0.36086281059998404	0.7182020057738864	0.8984494823506891
Mycosphaerellales	Mycosphaerellales	98.23317935997561	-0.7652551445177236	1.0749402370681604	-0.7119048279417973	0.47652371230464324	0.8168977925222455
Saccharomycetales	Saccharomycetales	556.4292420462742	2.2426078473244373	1.0516617360004261	2.1324421822679387	0.03297051279370014	0.13256121167409768
Schizosaccharomycetales	Schizosaccharomycetales	118.31341084074971	0.5445363510209416	1.088134029727722	0.5004313220102105	0.6167714031589882	0.8984494823506891
Sordariales	Sordariales	417.0767231157106	2.3049505646932467	1.0819436961038704	2.13037940236029	0.03314030291852442	0.13256121167409768
Tremellales	Tremellales	90.51441788451999	-0.2657732326782485	1.0464486896261223	-0.2539763634022081	0.7995138187758233	0.8984494823506891
Ustilaginales	Ustilaginales	6583.4880663133745	0.9929411374738176	0.31443102347170204	3.15789811867333	0.0015891108475556462	0.019069330170667753
