Gene	Geneid	baseMean	log2FoldChange	lfcSE	stat	pvalue	padj
Eurotiales	Eurotiales	86.7103894197077	0.7491218918802727	0.3439041062494662	2.178287139545998	0.029384666021603206	0.043245829387655546
Glomerellales	Glomerellales	107.24115450008735	0.6216639221060719	0.22164558020001934	2.8047657054341646	0.005035316661726951	0.008631971420103343
Helotiales	Helotiales	106.45351531682293	0.8561124126025775	0.23423717127223698	3.6548956254580953	2.5728662861597976e-4	7.718598858479392e-4
Hypocreales	Hypocreales	134.02102491857204	0.0758483606399543	0.16794531755082132	0.4516253370207961	0.6515389139340643	0.6515389139340643
Magnaporthales	Magnaporthales	51.41765420252945	-1.2233703186721905	0.2321757684336713	-5.269155893939409	1.3705253306874414e-7	8.223151984124648e-7
Malasseziales	Malasseziales	774.9162828496673	-0.9732005047971701	0.17928448572986103	-5.428247183995336	5.6910186513079856e-8	6.829222381569582e-7
Mycosphaerellales	Mycosphaerellales	98.23317935997561	0.7974403805359682	0.2218518782721839	3.594472071846112	3.250500084928997e-4	7.801200203829592e-4
Saccharomycetales	Saccharomycetales	556.4292420462742	0.529232800386109	0.16350285548997984	3.236841330997688	0.0012086059147638248	0.0024172118295276495
Schizosaccharomycetales	Schizosaccharomycetales	118.31341084074971	-0.5340688261329093	0.24967967722508302	-2.139016006703073	0.03243437204074166	0.043245829387655546
Sordariales	Sordariales	417.0767231157106	-1.0992645620786583	0.23176561273189977	-4.743001125668535	2.1057509927276097e-6	8.423003970910439e-6
Tremellales	Tremellales	90.51441788451999	0.15229909809899794	0.1633352148305515	0.9324327167108285	0.35111294343042543	0.4213355321165105
Ustilaginales	Ustilaginales	6583.4880663133745	0.0961935607060332	0.15953178750039568	0.602974254932075	0.5465258161911766	0.5962099812994653
