Gene	Geneid	baseMean	log2FoldChange	lfcSE	stat	pvalue	padj
Eurotiales	Eurotiales	86.7103894197077	-0.1143536418144303	0.362813500006547	-0.3151857409174873	0.752620631333874	0.8210406887278625
Glomerellales	Glomerellales	107.24115450008735	0.38467288815339556	0.22787945077439087	1.6880543061086979	0.09140080476712127	0.3656032190684851
Helotiales	Helotiales	106.45351531682293	-0.23900635321257918	0.24540787982575138	-0.9739147470826222	0.33009887085147194	0.523275985250315
Hypocreales	Hypocreales	134.02102491857204	-0.14334538666998345	0.17076275154415718	-0.8394417715441653	0.4012214516841517	0.5349619355788688
Magnaporthales	Magnaporthales	51.41765420252945	-0.42461083049551207	0.2106793946234046	-2.015435972058473	0.043858988508210545	0.26315393104926327
Malasseziales	Malasseziales	774.9162828496673	0.5156741043906155	0.18845179023190942	2.7363714813004703	0.006212085494028936	0.07454502592834723
Mycosphaerellales	Mycosphaerellales	98.23317935997561	0.2159212192746335	0.2304829057646782	0.9368209696865237	0.3488506568335433	0.523275985250315
Saccharomycetales	Saccharomycetales	556.4292420462742	0.24704851540514602	0.1731237910276258	1.427004999940903	0.15357845344207544	0.4607353603262263
Schizosaccharomycetales	Schizosaccharomycetales	118.31341084074971	-0.01732694968866342	0.25725263935607684	-0.06735382669749904	0.9463000266280069	0.9463000266280069
Sordariales	Sordariales	417.0767231157106	0.28582776403611376	0.24392709781121938	1.1717753648564386	0.24128725582304666	0.48257451164609333
Tremellales	Tremellales	90.51441788451999	0.06273688834214694	0.1605476974475439	0.3907679109670514	0.6959687961176833	0.8210406887278625
Ustilaginales	Ustilaginales	6583.4880663133745	0.21340925979083636	0.17035894623241266	1.2527035680280165	0.21031360699194118	0.48257451164609333
