Gene	Geneid	baseMean	log2FoldChange	lfcSE	stat	pvalue	padj
Eurotiales	Eurotiales	86.7103894197077	-0.6631788671125496	1.133363065043605	-0.5851424733759384	0.5584519218476924	0.8928162802698625
Glomerellales	Glomerellales	107.24115450008735	-1.172619717283764	0.7846573561709647	-1.4944353838801816	0.13506185898532436	0.40518557695597307
Helotiales	Helotiales	106.45351531682293	-0.4659824078447967	1.0729176558480538	-0.434313300098017	0.6640609469861976	0.8928162802698625
Hypocreales	Hypocreales	134.02102491857204	0.2758392699035044	1.0458603088765759	0.26374389348401667	0.7919772705424439	0.8928162802698625
Magnaporthales	Magnaporthales	51.41765420252945	-1.134843785834355	1.0584572507615375	-1.0721678036763969	0.2836446687654455	0.6807472050370691
Malasseziales	Malasseziales	774.9162828496673	0.32796640544919553	0.42680862793235386	0.7684155942160942	0.44224031872222214	0.8844806374444443
Mycosphaerellales	Mycosphaerellales	98.23317935997561	-0.14372802890054062	1.0666947903837984	-0.1347414745025867	0.8928162802698625	0.8928162802698625
Saccharomycetales	Saccharomycetales	556.4292420462742	2.656862360798974	1.0471484225581014	2.5372356998910126	0.01117317001032614	0.04469268004130456
Schizosaccharomycetales	Schizosaccharomycetales	118.31341084074971	0.3903401437416654	1.078545566913695	0.3619134468825835	0.7174167109959286	0.8928162802698625
Sordariales	Sordariales	417.0767231157106	2.756991861101132	1.073267427567237	2.5687836882838924	0.010205614008176963	0.04469268004130456
Tremellales	Tremellales	90.51441788451999	-0.20774708018099258	1.0424230495120275	-0.19929248521340912	0.8420339572032323	0.8928162802698625
Ustilaginales	Ustilaginales	6583.4880663133745	1.4182887886518833	0.2996475274407232	4.7331903612401796	2.210180240040169e-6	2.6522162880482032e-5
