Gene	Geneid	baseMean	log2FoldChange	lfcSE	stat	pvalue	padj
Eurotiales	Eurotiales	86.7103894197077	0.2002966665821535	1.1274520990770684	0.17765425843467428	0.8589945101778929	0.9097704546022315
Glomerellales	Glomerellales	107.24115450008735	-0.9356286833310878	0.7828696479811781	-1.1951270377435586	0.23203739966999695	0.4640747993399939
Helotiales	Helotiales	106.45351531682293	0.6291363579703599	1.0704178255034495	0.5877483941137268	0.5567011873702179	0.907975199753596
Hypocreales	Hypocreales	134.02102491857204	0.4950330172134422	1.0454039879662416	0.4735327422812815	0.6358331470144303	0.907975199753596
Magnaporthales	Magnaporthales	51.41765420252945	-1.9336032740110336	1.0629447454212058	-1.819100458740043	0.06889610510323142	0.20668831530969428
Malasseziales	Malasseziales	774.9162828496673	-1.16090820373859	0.42284093280961776	-2.745496269778791	0.006041945433378659	0.024167781733514637
Mycosphaerellales	Mycosphaerellales	98.23317935997561	0.43779113236079403	1.064863212753217	0.4111242900662139	0.680981399815197	0.907975199753596
Saccharomycetales	Saccharomycetales	556.4292420462742	2.939046645779937	1.0456008586451717	2.810868623030954	0.0049407955752594785	0.024167781733514637
Schizosaccharomycetales	Schizosaccharomycetales	118.31341084074971	-0.1264017327025804	1.0767643942259324	-0.1173903347662684	0.906550742856082	0.9097704546022315
Sordariales	Sordariales	417.0767231157106	1.3718995349863596	1.0705689334532293	1.2814677244193493	0.20002942953624864	0.4640747993399939
Tremellales	Tremellales	90.51441788451999	-0.11818487042414155	1.042856003196026	-0.1133280817888012	0.9097704546022315	0.9097704546022315
Ustilaginales	Ustilaginales	6583.4880663133745	1.3010730895670801	0.29362707872911237	4.431039177988737	9.378004696684841e-6	1.125360563602181e-4
