Gene	Geneid	baseMean	log2FoldChange	lfcSE	stat	pvalue	padj
Eurotiales	Eurotiales	86.7103894197077	-0.5488252252981193	1.1428618880381942	-0.48022007824604057	0.6310709113484574	0.8331487156363483
Glomerellales	Glomerellales	107.24115450008735	-1.5572926054371599	0.7901808596053679	-1.9708052738899584	0.048746153246023494	0.14623845973807048
Helotiales	Helotiales	106.45351531682293	-0.2269760546322176	1.0774266884375916	-0.210664964092696	0.8331487156363483	0.8331487156363483
Hypocreales	Hypocreales	134.02102491857204	0.41918465657348786	1.0480982415926026	0.3999478674217885	0.6891949149234764	0.8331487156363483
Magnaporthales	Magnaporthales	51.41765420252945	-0.7102329553388429	1.0616269960311353	-0.6690042340615209	0.503492777053719	0.8331487156363483
Malasseziales	Malasseziales	774.9162828496673	-0.1877076989414199	0.4336990068678748	-0.4328063840796493	0.6651554350065301	0.8331487156363483
Mycosphaerellales	Mycosphaerellales	98.23317935997561	-0.35964924817517413	1.0708103873056904	-0.3358664170975239	0.7369716026873211	0.8331487156363483
Saccharomycetales	Saccharomycetales	556.4292420462742	2.4098138453938285	1.0495281441104192	2.2960926383126092	0.02167058513614037	0.08747884122592578
Schizosaccharomycetales	Schizosaccharomycetales	118.31341084074971	0.40766709343032886	1.0835903369061157	0.3762188343191638	0.7067542145015127	0.8331487156363483
Sordariales	Sordariales	417.0767231157106	2.471164097065018	1.077876272529454	2.29262315169619	0.021869710306481445	0.08747884122592578
Tremellales	Tremellales	90.51441788451999	-0.2704839685231395	1.0444139557274823	-0.2589815724309572	0.7956494586295206	0.8331487156363483
Ustilaginales	Ustilaginales	6583.4880663133745	1.204879528861047	0.3076117374897695	3.916884117275007	8.970084027339271e-5	0.0010764100832807125
