group	factor	Archaea_Blood	Archaea_Esophagus	Bacteria_Blood	Bacteria_Esophagus	Fungi_Blood	Fungi_Esophagus	Human_Blood	Human_Esophagus	Protozoa_Blood	Protozoa_Esophagus	Viral_Blood	Viral_Esophagus
Control	Factor1	0.0542257115288991	-0.11889494573200654	0.6751812698806536	9.847761627268525e-5	-2.399746748661724	0.002882233687029334	0.28881549646286864	0.021883495262586816	-0.11181163342397493	0.0026812254238062216	-0.01604811706203968	14.027665235596952
Control	Factor2	-7.293491610660396e-6	7.787442293460956e-4	0.0017661725158935049	3.071579213198561e-7	0.0014028989143710646	1.3762012839313442e-4	0.5624743634970564	0.002763817911421995	2.318989093009094	5.772982981655517e-5	-0.01075822093004053	4.262698805046483e-6
Control	Factor3	0.01439399531544261	8.712876914396261e-5	2.5603279317776284e-4	-1.4771295298032783e-9	9.679174501897592e-5	3.0122155214584723e-6	0.06446250922598207	0.014276152707082268	-0.0032458521248557304	2.450669889242363e-7	-0.014671261954668502	-2.9018084379828224e-5
Control	Factor4	-0.005087784160751063	0.0014834223062587526	0.001636798476489787	-1.0618494761249764e-4	-0.003672464489556937	0.02131663505390291	0.6685013364219894	0.006316461806155083	0.023361656482046023	0.016764604412666806	-0.004911437009424979	0.020790754505428666
EoE	Factor1	0.003545671919291671	0.9535611574690739	0.4983630533834549	3.6825975509025e-4	3.749573855848909	0.0012563763346018497	0.19210470565396154	0.0258125422908817	-0.04303437946928668	8.097382916072426e-4	0.1751128060773821	-0.20866799638901146
EoE	Factor2	2.0027093006191876e-5	-3.8128021735417406e-4	0.00022156648785687239	2.7322605844481984e-6	-0.0014222116772488747	3.4573773369794836e-4	0.2405647493951557	0.034603719318293535	-0.6790406477166	1.803876518158276e-5	0.02785931439439615	-4.5956320970930165e-7
EoE	Factor3	0.0021568863497800628	0.004376091338764709	1.3843181423389694e-4	7.960576975385436e-7	0.001549690518576341	1.6524042723009558e-5	0.10109979183041684	0.010138010537796838	-9.473417762029257e-4	5.259342961139168e-7	1.1417825504814516	1.5359242244716853e-5
EoE	Factor4	-1.2776799112046433e-4	-0.0010920771605915647	3.1375767898245144e-4	2.6196462353800243e-4	0.013247562883678121	0.1207488876161178	0.2629309972705829	0.057737054228290674	0.00498266420145832	0.11125886381195826	0.004976000404777192	-0.004784559939263744
