group	factor	Archaea_Blood	Archaea_Esophagus	Bacteria_Blood	Bacteria_Esophagus	Fungi_Blood	Fungi_Esophagus	Human_Blood	Human_Esophagus	Protozoa_Blood	Protozoa_Esophagus	Viral_Blood	Viral_Esophagus
Control	Factor1	0.05422572907600731	-0.11409870627308027	0.6751815242396986	9.938442857571061e-5	-2.399748495777243	0.0029848965763079605	0.2888155113525026	0.021990923147297003	-0.11181159166586685	0.0026119046867556506	-0.016048124638734507	14.020877460459769
Control	Factor2	-7.2934693395865224e-6	8.32962569052853e-4	0.0017661731892992805	3.2861214860346877e-7	0.0014029007009308536	1.4318223591214263e-4	0.5624743337247384	0.002908150589386871	2.318987983602727	6.084397701222599e-5	-0.010758223461193595	4.723866542377664e-6
Control	Factor3	0.014394014697993729	6.03417286804131e-5	2.560336906598515e-4	-1.4102674583682528e-8	9.679059025380354e-5	3.184150754176329e-6	0.06446271707398754	0.014136055593083618	-0.0032458076328012453	2.07670980412189e-7	-0.014671460059179076	-2.868163260227874e-5
Control	Factor4	-0.005087800190728409	0.0014838230275482367	0.0016367856161325633	-1.0754461308160046e-4	-0.0036724537607168983	0.021309059860596946	0.6685011890705805	0.00631896154444922	0.0233615351444727	0.017144508146460513	-0.0049113588647120565	0.020398819803568724
EoE	Factor1	0.00354567144025264	0.916207884021869	0.4983627292247994	3.668500052844692e-4	3.7495765292774097	0.0012759474774970414	0.19210465340167016	0.025867448573801965	-0.04303433476438023	7.969094483972761e-4	0.17511275069290733	-0.2187673273322588
EoE	Factor2	2.0027098734942683e-5	-3.168204846915046e-4	2.2156629263525573e-4	2.79350038656645e-6	-0.0014222135054975382	3.729230769744518e-4	0.2405647346930273	0.03470206987208346	-0.6790404245858639	1.8912209265309343e-5	0.027859321097134515	-5.585163886934197e-7
EoE	Factor3	0.0021568894522761006	0.00428420255617068	1.3843259327739332e-4	7.504367127708633e-7	0.0015496917048163361	1.436533076937252e-5	0.10110011750019687	0.010126986543534944	-9.473686430450101e-4	4.259010366602922e-7	1.1417797958290565	1.5225223304327073e-5
EoE	Factor4	-1.2776931870295272e-4	-0.0011204172335244067	3.137546152887083e-4	2.6683955787198954e-4	0.01324754030442854	0.1207047982293541	0.26293078313103235	0.057825524363797065	0.00498261416639334	0.11220490651842052	0.004975913928950693	-0.004725327522359102
