Gene	Geneid	baseMean	log2FoldChange	lfcSE	stat	pvalue	padj
Eurotiales	Eurotiales	6.822713234087143	-1.0244152490716298	6.453839713949573	-0.15872957719377817	0.8738819343640911	0.9903871623595348
Glomerellales	Glomerellales	11.276630693724522	-0.16611373094823767	0.8998919670975584	-0.18459297006951622	0.8535483002582416	0.9903871623595348
Helotiales	Helotiales	7.501253158204973	0.1403226055969521	6.488034897677123	0.021627905492183935	0.9827447733713437	0.9903871623595348
Hypocreales	Hypocreales	94.78478322613206	0.03644672935739786	0.9431106137184724	0.03864523294218546	0.9691732385362335	0.9903871623595348
Magnaporthales	Magnaporthales	6.375813337996084	0.44751894967115435	6.483180299423148	0.06902768841874922	0.9449675798879641	0.9903871623595348
Malasseziales	Malasseziales	212.53648702618037	-0.55501206218644	1.6401883645383688	-0.3383831236619266	0.7350744902014508	0.9903871623595348
Mycosphaerellales	Mycosphaerellales	5.560012683464512	-0.6407609027268547	6.458188989091528	-0.09921680889319878	0.920966129141626	0.9903871623595348
Saccharomycetales	Saccharomycetales	118.83846740405104	1.576524467523501	0.8858792875142952	1.7796154507089783	0.07513891586584681	0.49851481228607375
Schizosaccharomycetales	Schizosaccharomycetales	5.193785696500821	-0.07802207452041816	6.475830023820046	-0.012048196792292194	0.9903871623595348	0.9903871623595348
Sordariales	Sordariales	11.570723263221542	1.4069988969816067	0.9502736525411736	1.480624968627807	0.13870653803065516	0.5548261521226207
Tremellales	Tremellales	4.90547876821569	-0.8616064796372594	6.461837384520081	-0.13333769149024333	0.8939263202200801	0.9903871623595348
Ustilaginales	Ustilaginales	1661.4520995042096	3.019009833765019	1.7420156524492785	1.7330555150410292	0.08308580204767896	0.49851481228607375
