Gene	Geneid	baseMean	log2FoldChange	lfcSE	stat	pvalue	padj
Eurotiales	Eurotiales	6.822713234087143	0.3714914885894487	4.565981029570122	0.08136071660911474	0.9351550891043514	0.9754787210538244
Glomerellales	Glomerellales	11.276630693724522	0.8137993617555301	0.5304385667604471	1.5342009664298268	0.12498021997148973	0.4999208798859589
Helotiales	Helotiales	7.501253158204973	1.645748514050533	4.5634875756611235	0.36063394208148125	0.7183731123532693	0.9754787210538244
Hypocreales	Hypocreales	94.78478322613206	-1.4584403575279197	0.6571946438321892	-2.219190876273063	0.026473741520906292	0.15884244912543777
Magnaporthales	Magnaporthales	6.375813337996084	-0.14032344301639224	4.565189322115362	-0.030737705079747026	0.9754787210538244	0.9754787210538244
Malasseziales	Malasseziales	212.53648702618037	-0.45782366960370546	1.1589825611296678	-0.39502205206389107	0.6928266134965988	0.9754787210538244
Mycosphaerellales	Mycosphaerellales	5.560012683464512	-0.39312153921498905	4.5678104260748045	-0.08606345328407268	0.931415975847295	0.9754787210538244
Saccharomycetales	Saccharomycetales	118.83846740405104	1.5323428660670122	0.4990449406624508	3.0705508486528754	0.0021366430079703064	0.025639716095643677
Schizosaccharomycetales	Schizosaccharomycetales	5.193785696500821	0.37912533873549975	4.568742657728529	0.08298242364213	0.9338655153076918	0.9754787210538244
Sordariales	Sordariales	11.570723263221542	0.21308282814310633	0.3848669617425126	0.5536532083147866	0.5798162040690652	0.9754787210538244
Tremellales	Tremellales	4.90547876821569	0.40339945147835793	4.5722269562674125	0.08822822124465962	0.9296952874645992	0.9754787210538244
Ustilaginales	Ustilaginales	1661.4520995042096	-0.35294153951541146	1.2303885430669128	-0.2868537272264061	0.7742243224127893	0.9754787210538244
