Gene	Geneid	baseMean	log2FoldChange	lfcSE	stat	pvalue	padj
Eurotiales	Eurotiales	6.822713234087143	-0.36411308974220913	5.876017261321954	-0.061965966665709374	0.9505899345623932	0.9982247977615532
Glomerellales	Glomerellales	11.276630693724522	-0.4740468215525543	0.7915515050706639	-0.5988831030145473	0.5492508399203234	0.9982247977615532
Helotiales	Helotiales	7.501253158204973	0.013154807824423747	5.912571073136209	0.002224887897617446	0.9982247977615532	0.9982247977615532
Hypocreales	Hypocreales	94.78478322613206	1.661300931455611	0.8533930105080322	1.9467008881015142	0.0515706050933133	0.12376945222395191
Magnaporthales	Magnaporthales	6.375813337996084	1.1197639680157714	5.910806680643004	0.189443510592696	0.8497452253076595	0.9982247977615532
Malasseziales	Malasseziales	212.53648702618037	-5.523451122608614	1.503934203117248	-3.6726680669672893	2.4003118374274108e-4	0.002880374204912893
Mycosphaerellales	Mycosphaerellales	5.560012683464512	-0.732671816063701	5.882982730333083	-0.1245408748670963	0.9008870388185765	0.9982247977615532
Saccharomycetales	Saccharomycetales	118.83846740405104	2.2821872849307203	0.8180525951810196	2.7897806307010313	0.005274376497375067	0.02109750598950027
Schizosaccharomycetales	Schizosaccharomycetales	5.193785696500821	-0.24856876957685217	5.900885263918182	-0.042123979447077534	0.9663998642994744	0.9982247977615532
Sordariales	Sordariales	11.570723263221542	1.8611944581055668	0.8977950910546266	2.0730726606215337	0.03816551790568067	0.11449655371704201
Tremellales	Tremellales	4.90547876821569	-1.3601910446118701	5.884492880386442	-0.23114838818915262	0.8171995244743018	0.9982247977615532
Ustilaginales	Ustilaginales	1661.4520995042096	-4.528516562476407	1.5939592641916234	-2.8410491185124767	0.004496538612963278	0.02109750598950027
