Gene	Geneid	baseMean	log2FoldChange	lfcSE	stat	pvalue	padj
Eurotiales	Eurotiales	6.822713234087143	-0.6306445613981407	5.8106854186186085	-0.10853187119327236	0.9135738002678144	0.9660810140277373
Glomerellales	Glomerellales	11.276630693724522	0.869233346767109	0.8088499529164815	1.0746533935409184	0.28252993730712955	0.8475898119213887
Helotiales	Helotiales	7.501253158204973	1.7106355887012326	5.841117678102093	0.29286100417293004	0.7696283967634872	0.9660810140277373
Hypocreales	Hypocreales	94.78478322613206	-0.4399303976904224	0.8542466130695778	-0.5149922644815805	0.6065584255242246	0.9660810140277373
Magnaporthales	Magnaporthales	6.375813337996084	0.4021702519206527	5.8480588250090015	0.06876987115806477	0.945172800624968	0.9660810140277373
Malasseziales	Malasseziales	212.53648702618037	-0.4798994310454839	1.4781391874348386	-0.32466457497707024	0.7454349484879794	0.9660810140277373
Mycosphaerellales	Mycosphaerellales	5.560012683464512	-0.8267616532528855	5.820796233715472	-0.14203583497118147	0.8870517004061882	0.9660810140277373
Saccharomycetales	Saccharomycetales	118.83846740405104	2.720046966679675	0.819333059006765	3.3198306070757684	9.007208346495945e-4	0.010808650015795134
Schizosaccharomycetales	Schizosaccharomycetales	5.193785696500821	0.2481326248070358	5.835125463602265	0.04252395708623774	0.9660810140277373	0.9660810140277373
Sordariales	Sordariales	11.570723263221542	1.8963496398024533	0.9178640305867802	2.066046360472518	0.0388241022961357	0.2329446137768142
Tremellales	Tremellales	4.90547876821569	-0.5358789195603009	5.818274747375352	-0.09210271821591753	0.9266164288103824	0.9660810140277373
Ustilaginales	Ustilaginales	1661.4520995042096	2.0039423595118087	1.5707829445554629	1.2757601974593196	0.2020403016220895	0.808161206488358
