Gene	Geneid	baseMean	log2FoldChange	lfcSE	stat	pvalue	padj
Eurotiales	Eurotiales	6.822713234087143	-1.0021360499875895	6.243746612233442	-0.1605023573544918	0.8724853648007231	0.991755462495052
Glomerellales	Glomerellales	11.276630693724522	0.05543398501157886	0.8498831722194284	0.06522541782632985	0.9479945237170028	0.991755462495052
Helotiales	Helotiales	7.501253158204973	0.06488707465069961	6.2794879292777255	0.010333179294472026	0.991755462495052	0.991755462495052
Hypocreales	Hypocreales	94.78478322613206	1.0185099598374976	0.9060091748949748	1.1241717943480694	0.26094015265317516	0.7828204579595255
Magnaporthales	Magnaporthales	6.375813337996084	0.5424936949370449	6.274264340154714	0.08646331514359942	0.931098117100607	0.991755462495052
Malasseziales	Malasseziales	212.53648702618037	-0.0220757614417784	1.5870163237810584	-0.013910229599392532	0.9889016004797637	0.991755462495052
Mycosphaerellales	Mycosphaerellales	5.560012683464512	-0.4336401140378965	6.246778336806416	-0.0694182009761514	0.9446567415824549	0.991755462495052
Saccharomycetales	Saccharomycetales	118.83846740405104	1.1877041006126625	0.8658474692921885	1.371724400353777	0.17014924947851556	0.6805969979140623
Schizosaccharomycetales	Schizosaccharomycetales	5.193785696500821	-0.130992713928464	6.267113582545544	-0.020901602021908473	0.983324148675405	0.991755462495052
Sordariales	Sordariales	11.570723263221542	1.6832668116593468	0.9243008960293546	1.821124288519448	0.06858796596097606	0.6805969979140623
Tremellales	Tremellales	4.90547876821569	-0.9392783710386587	6.252355923934953	-0.1502279112810838	0.8805848057552986	0.991755462495052
Ustilaginales	Ustilaginales	1661.4520995042096	2.35688389902722	1.6868825904013807	1.3971831308463607	0.16235850816650071	0.6805969979140623
