Gene	Geneid	baseMean	log2FoldChange	lfcSE	stat	pvalue	padj
Eurotiales	Eurotiales	6.822713234087143	-0.2665314716559316	4.04862814308304	-0.06583253937788597	0.9475111497420903	0.9814931435934279
Glomerellales	Glomerellales	11.276630693724522	1.3432801683196633	0.43083343865640195	3.1178642319612417	0.0018216669943605436	0.005465000983081631
Helotiales	Helotiales	7.501253158204973	1.6974807808768086	4.043754057145095	0.41977844272637005	0.6746473144297667	0.9814931435934279
Hypocreales	Hypocreales	94.78478322613206	-2.1012313291460334	0.5825219354424676	-3.6071282492563927	3.0960465341410646e-4	0.0012384186136564258
Magnaporthales	Magnaporthales	6.375813337996084	-0.7175937160951187	4.051196876614762	-0.1771312868642292	0.8594052671136625	0.9814931435934279
Malasseziales	Malasseziales	212.53648702618037	5.043551691563129	1.042323295506963	4.83875944565746	1.306520635337994e-6	7.839123812027964e-6
Mycosphaerellales	Mycosphaerellales	5.560012683464512	-0.09408983718918452	4.056123554054643	-0.023196984987089216	0.9814931435934279	0.9814931435934279
Saccharomycetales	Saccharomycetales	118.83846740405104	0.43785968174895434	0.4105655382558834	1.0664793825829093	0.2862069938668405	0.6868967852804172
Schizosaccharomycetales	Schizosaccharomycetales	5.193785696500821	0.49670139438388794	4.051807460195596	0.12258761040928394	0.9024336659003755	0.9814931435934279
Sordariales	Sordariales	11.570723263221542	0.035155181696886494	0.3159532518615118	0.11126703551794956	0.911404594899654	0.9814931435934279
Tremellales	Tremellales	4.90547876821569	0.8243121250515695	4.0546961883862025	0.20329812315226792	0.8389020224061916	0.9814931435934279
Ustilaginales	Ustilaginales	1661.4520995042096	6.532458921988216	1.0995404626508374	5.941080973263482	2.8314870057208543e-9	3.397784406865025e-8
