Gene	Geneid	baseMean	log2FoldChange	lfcSE	stat	pvalue	padj
Eurotiales	Eurotiales	61.88882680607967	-0.19637925235089082	0.43518716561882215	-0.45125239865850786	0.6518076482650612	0.7110628890164303
Glomerellales	Glomerellales	94.7414897419328	0.21352994642957018	0.25682202992213987	0.8314315812171781	0.4057298643902315	0.5409731525203086
Helotiales	Helotiales	68.605769342467	-0.4349919249474487	0.26538447787898956	-1.6391008563273886	0.10119225675213472	0.15178838512820209
Hypocreales	Hypocreales	176.05340780974248	0.18562024743791133	0.2841015411642972	0.6533588190940728	0.5135249808878894	0.6162299770654673
Magnaporthales	Magnaporthales	34.64742100815867	1.1543451061743364	0.45254608512605915	2.5507791230870716	0.010748241923234057	0.04299296769293623
Malasseziales	Malasseziales	1698.6576118710561	1.1404028137869235	0.6809116856550202	1.6748175098359255	0.09397004230870191	0.15178838512820209
Mycosphaerellales	Mycosphaerellales	66.66660928900338	-1.034709025287833	0.3008220742703203	-3.439604715836239	5.825643671617355e-4	0.003495386202970413
Saccharomycetales	Saccharomycetales	361.5218239706008	-0.41882621286755434	0.21344254090051362	-1.9622433798835388	0.04973415566683437	0.11936197360040247
Schizosaccharomycetales	Schizosaccharomycetales	77.92926652468297	0.6606097616235195	0.3037880388173967	2.1745746283993888	0.029662007322950434	0.0889860219688513
Sordariales	Sordariales	259.3171350055111	1.2446360165455699	0.3200250693781813	3.889182866092136	1.0058231010331197e-4	0.0012069877212397438
Tremellales	Tremellales	60.63669717459446	-0.387695290349444	0.23103063483050218	-1.6781120418678688	0.09332522837068562	0.15178838512820209
Ustilaginales	Ustilaginales	14652.465522173794	-0.08752621274350963	0.8073736053898334	-0.10840856346950846	0.9136716085054559	0.9136716085054559
