Gene	Geneid	baseMean	log2FoldChange	lfcSE	stat	pvalue	padj
Eurotiales	Eurotiales	61.88882680607967	0.13383323394284874	0.5118240936108673	0.2614828719739799	0.7937201563707259	0.7937201563707259
Glomerellales	Glomerellales	94.7414897419328	-1.0482097674777717	0.3296710526871349	-3.1795626547549682	0.0014749747891501781	0.0029499495783003563
Helotiales	Helotiales	68.605769342467	1.2511475832566257	0.506008874876125	2.4725803150447048	0.013414156851453135	0.022995697459633944
Hypocreales	Hypocreales	176.05340780974248	-1.9763772478927366	0.28288365172899027	-6.986537524572669	2.8175307132847618e-12	3.381036855941714e-11
Magnaporthales	Magnaporthales	34.64742100815867	-0.86126036244947	0.641329350719461	-1.3429299025271249	0.1792946727797324	0.2689420091695986
Malasseziales	Malasseziales	1698.6576118710561	-3.484553343442939	0.5318058145874435	-6.552303957312191	5.6656071578746527e-11	3.3993642947247915e-10
Mycosphaerellales	Mycosphaerellales	66.66660928900338	0.49027974924715806	0.4647135702645646	1.0550149180451918	0.2914185020144372	0.3885580026859162
Saccharomycetales	Saccharomycetales	361.5218239706008	1.9596892188819082	0.32339789342207426	6.059684551885041	1.3638875984162634e-9	5.455550393665054e-9
Schizosaccharomycetales	Schizosaccharomycetales	77.92926652468297	0.19875892188452313	0.5023481192507967	0.3956597313053599	0.6923560660375438	0.7552975265864114
Sordariales	Sordariales	259.3171350055111	1.9623748805333159	0.5462567749925284	3.5924037382605585	3.276417014485081e-4	7.863400834764194e-4
Tremellales	Tremellales	60.63669717459446	0.2222717791958516	0.49455464424589524	0.44943826083116684	0.6531155359853906	0.7552975265864114
Ustilaginales	Ustilaginales	14652.465522173794	-2.3985096677129425	0.6258226766153977	-3.8325707222446304	1.2681112677009602e-4	3.8043338031028804e-4
