Gene	Geneid	baseMean	log2FoldChange	lfcSE	stat	pvalue	padj
Eurotiales	Eurotiales	61.88882680607967	-0.22891521682364505	0.32862148084350784	-0.6965923719778266	0.48605793095557154	0.8922788885275141
Glomerellales	Glomerellales	94.7414897419328	-0.46757040136521366	0.18259153673356074	-2.5607452006250253	0.010444792853771482	0.1253375142452578
Helotiales	Helotiales	68.605769342467	0.07293676337612055	0.19419742075814964	0.3755804947942889	0.7072287937725337	0.8922788885275141
Hypocreales	Hypocreales	176.05340780974248	-0.22698554123115974	0.21034911278266358	-1.0790896059812964	0.2805477843160355	0.8922788885275141
Magnaporthales	Magnaporthales	34.64742100815867	0.15587053513904683	0.30496922403152366	0.5111025075859295	0.6092792801556792	0.8922788885275141
Malasseziales	Malasseziales	1698.6576118710561	0.0909638536158961	0.5259348585186933	0.1729565023928966	0.8626856183280455	0.8922788885275141
Mycosphaerellales	Mycosphaerellales	66.66660928900338	0.41091842320626165	0.2249656883062176	1.8265826504481426	0.06776254393102195	0.4065752635861317
Saccharomycetales	Saccharomycetales	361.5218239706008	0.13099458029275501	0.16295923325524297	0.803848776629786	0.4214843159621555	0.8922788885275141
Schizosaccharomycetales	Schizosaccharomycetales	77.92926652468297	-0.029985090508519423	0.22142100025692843	-0.13542116815354405	0.8922788885275141	0.8922788885275141
Sordariales	Sordariales	259.3171350055111	-0.1263519343285471	0.243149472497941	-0.5196471661258367	0.6033095175769052	0.8922788885275141
Tremellales	Tremellales	60.63669717459446	0.053277290535437824	0.16451136968863553	0.323851723052782	0.7460502952238716	0.8922788885275141
Ustilaginales	Ustilaginales	14652.465522173794	0.1442018275243851	0.6253235308038748	0.230603552274786	0.8176228076721982	0.8922788885275141
