Gene	Geneid	baseMean	log2FoldChange	lfcSE	stat	pvalue	padj
Eurotiales	Eurotiales	61.88882680607967	-0.4714441282239233	0.5070979755784429	-0.9296904167013296	0.3525313977521785	0.47004186366957135
Glomerellales	Glomerellales	94.7414897419328	-1.1987122258879543	0.3211740467025399	-3.7322823503175506	1.8975263332173583e-4	3.7950526664347166e-4
Helotiales	Helotiales	68.605769342467	0.2439956506475974	0.5027966732090371	0.4852769790426925	0.6274798831631976	0.7315744010069208
Hypocreales	Hypocreales	176.05340780974248	-1.9171326397286026	0.27496581399717046	-6.97225815769349	3.1189353250936965e-12	3.7427223901124355e-11
Magnaporthales	Magnaporthales	34.64742100815867	-0.2653442397754948	0.6238826345153922	-0.42531114843676315	0.6706098675896774	0.7315744010069208
Malasseziales	Malasseziales	1698.6576118710561	-2.467295736954439	0.5302555756998154	-4.653031198584147	3.2709073524372912e-6	1.3083629409749165e-5
Mycosphaerellales	Mycosphaerellales	66.66660928900338	-0.6070045543546235	0.4604484465791718	-1.3182899385680784	0.18740660777851098	0.28110991166776644
Saccharomycetales	Saccharomycetales	361.5218239706008	1.2911533068484118	0.322256995681565	4.006595121752615	6.160032366109042e-5	1.47840776786617e-4
Schizosaccharomycetales	Schizosaccharomycetales	77.92926652468297	0.8524497487115861	0.4951653718896939	1.7215455625630522	0.08515187176405076	0.1459746373098013
Sordariales	Sordariales	259.3171350055111	3.1944663057689517	0.5438384520554991	5.873925048321067	4.2559585441131295e-9	2.553575126467878e-8
Tremellales	Tremellales	60.63669717459446	0.15310053707725907	0.4871347708674144	0.31428784441858104	0.7533024295866779	0.7533024295866779
Ustilaginales	Ustilaginales	14652.465522173794	-2.63657493400352	0.625755408728476	-4.213427318768197	2.5152455041021616e-5	7.545736512306485e-5
