Gene	Geneid	baseMean	log2FoldChange	lfcSE	stat	pvalue	padj
Eurotiales	Eurotiales	61.88882680607967	-0.7003593450475684	0.5069321031943341	-1.3815643961674355	0.16710549236569677	0.2506582385485452
Glomerellales	Glomerellales	94.7414897419328	-1.666282627253168	0.321141695004032	-5.188621263371757	2.1185678270358325e-7	8.47427130814333e-7
Helotiales	Helotiales	68.605769342467	0.31693241402371797	0.5024932827823052	0.6307197028960532	0.528223813904811	0.704298418539748
Hypocreales	Hypocreales	176.05340780974248	-2.1441181809597625	0.2747986173694329	-7.802507165009712	6.068918241564949e-15	7.282701889877939e-14
Magnaporthales	Magnaporthales	34.64742100815867	-0.10947370463644798	0.6233630702798876	-0.17561788603757794	0.8605941497191549	0.8605941497191549
Malasseziales	Malasseziales	1698.6576118710561	-2.3763318833385427	0.5302256731130847	-4.481736746895933	7.403803841699827e-6	2.221141152509948e-5
Mycosphaerellales	Mycosphaerellales	66.66660928900338	-0.19608613114836185	0.45982661045319073	-0.426434935888346	0.6697909490687848	0.7326686805935323
Saccharomycetales	Saccharomycetales	361.5218239706008	1.4221478871411668	0.3221712342041441	4.4142609151753796	1.0135565909479188e-5	2.4325358182750053e-5
Schizosaccharomycetales	Schizosaccharomycetales	77.92926652468297	0.8224646582030667	0.49501135796952656	1.661506640123798	0.09661173643857425	0.16562011960898443
Sordariales	Sordariales	259.3171350055111	3.0681143714404047	0.5438110627625472	5.641875609985676	1.6820760950693083e-8	1.009245657041585e-7
Tremellales	Tremellales	60.63669717459446	0.2063778276126969	0.4868143784634347	0.4239353575876318	0.671612957210738	0.7326686805935323
Ustilaginales	Ustilaginales	14652.465522173794	-2.4923731064791346	0.6257518164896437	-3.9830057872798577	6.804909781441238e-5	1.3609819562882477e-4
