Gene	Geneid	baseMean	log2FoldChange	lfcSE	stat	pvalue	padj
Eurotiales	Eurotiales	61.88882680607967	-0.8341925789904171	0.3358684618070162	-2.4836883299561743	0.013002955743243467	0.022290781274131657
Glomerellales	Glomerellales	94.7414897419328	-0.6180728597753963	0.19715451805952033	-3.134966755308149	0.001718735881500372	0.005156207644501116
Helotiales	Helotiales	68.605769342467	-0.9342151692329077	0.20236878487663212	-4.616399558866863	3.904548629304234e-6	4.6854583551650804e-5
Hypocreales	Hypocreales	176.05340780974248	-0.16774093306702575	0.22059852854644305	-0.7603900813495722	0.4470214503377745	0.5364257404053294
Magnaporthales	Magnaporthales	34.64742100815867	0.751786657813022	0.33923446471543933	2.2161270036157577	0.026682805340434056	0.04002420801065108
Malasseziales	Malasseziales	1698.6576118710561	1.1082214601043958	0.5274977955151563	2.1009025431511095	0.0356495221417711	0.047532696189028126
Mycosphaerellales	Mycosphaerellales	66.66660928900338	-0.6863658803955199	0.23357116976621142	-2.9385727745531467	0.0032972723792648526	0.007913453710235645
Saccharomycetales	Saccharomycetales	361.5218239706008	-0.5375413317407411	0.16520392824404562	-3.253804782091285	0.0011387050210409143	0.004554820084163657
Schizosaccharomycetales	Schizosaccharomycetales	77.92926652468297	0.6237057363185435	0.2370488277780187	2.6311276970439383	0.008510205295051938	0.017020410590103875
Sordariales	Sordariales	259.3171350055111	1.1057394909070886	0.2485113041033416	4.449453496277477	8.60890671344654e-6	5.165344028067924e-5
Tremellales	Tremellales	60.63669717459446	-0.01589395158315469	0.18533213945229945	-0.08575928400829504	0.9316577738399686	0.9316577738399686
Ustilaginales	Ustilaginales	14652.465522173794	-0.09386343876619221	0.6253908451441729	-0.15008764438269584	0.8806954679192454	0.9316577738399686
