Gene	Geneid	baseMean	log2FoldChange	lfcSE	stat	pvalue	padj
Eurotiales	Eurotiales	17.260710318749823	-0.30332910679729197	1.5636315744181462	-0.1939901392117679	0.8461836030098864	0.9732023702286806
Glomerellales	Glomerellales	25.06026340087595	-1.6704086306250912	1.1004791155676217	-1.5178921680521875	0.1290415846740065	0.8457949816554322
Helotiales	Helotiales	17.3264310681686	0.06289116053059658	1.5819110947587847	0.03975644442912669	0.9682873010667465	0.9732023702286806
Hypocreales	Hypocreales	174.23925385951267	0.4793620325458114	1.8733706242181378	0.2558821123534356	0.7980418671906402	0.9732023702286806
Magnaporthales	Magnaporthales	13.833323441518928	-1.1690011524942516	1.5942500556068442	-0.7332608510082671	0.4633993476910406	0.9732023702286806
Malasseziales	Malasseziales	440.8081931342743	-0.7180368874689625	2.111513019728217	-0.3400579966877896	0.7338128525421526	0.9732023702286806
Mycosphaerellales	Mycosphaerellales	16.866747893073093	-0.0558853924566872	1.6636436675971338	-0.03359216492399762	0.9732023702286806	0.9732023702286806
Saccharomycetales	Saccharomycetales	156.29680978419012	2.6581544992317614	1.8119895000989827	1.4669811823338688	NA	NA
Schizosaccharomycetales	Schizosaccharomycetales	14.88915649320571	0.3026768752771696	1.5168557252634565	0.19954229676299562	0.8418385605075567	0.9732023702286806
Sordariales	Sordariales	40.51565532898135	2.25408881004809	1.5803716649702135	1.4263029767055297	0.15378090575553313	0.8457949816554322
Tremellales	Tremellales	13.557550994677666	-1.174198114757526	1.1447072369133882	-1.025762812440723	0.3050033988213399	0.9732023702286806
Ustilaginales	Ustilaginales	3582.1094366845973	1.419987654186916	2.3751923623810076	0.5978411166510538	0.5499459527285866	0.9732023702286806
