Gene	Geneid	baseMean	log2FoldChange	lfcSE	stat	pvalue	padj
Eurotiales	Eurotiales	48.3673094999929	-0.11460255353841559	1.6731717184486188	-0.06849419714354017	0.9453922392381959	0.9548042060287657
Glomerellales	Glomerellales	56.20915663941266	-1.4560188630476867	1.3507558543667657	-1.07792896720797	0.28106545708116115	0.9548042060287657
Helotiales	Helotiales	29.976395381227597	0.2291408303386383	1.7001200248604549	0.13477920793118478	0.8927864454884532	0.9548042060287657
Hypocreales	Hypocreales	310.35899073266603	0.6089298056959922	1.7587655457846365	0.34622568491602496	0.7291731132582534	0.9548042060287657
Magnaporthales	Magnaporthales	23.503974511143614	-0.995165516005364	1.6105932858049468	-0.6178875354667813	0.5366494759554038	0.9548042060287657
Malasseziales	Malasseziales	852.7013023021779	-0.5806851669165033	1.6424555935515182	-0.35354695079510484	0.7236784367440499	0.9548042060287657
Mycosphaerellales	Mycosphaerellales	45.22163059466893	0.10175090633668744	1.795344858370234	0.05667485322516488	0.9548042060287657	0.9548042060287657
Saccharomycetales	Saccharomycetales	138.7538793201315	2.6742928678851916	1.6618028514322152	1.6092720418552464	0.10755686964857106	0.9548042060287657
Schizosaccharomycetales	Schizosaccharomycetales	20.24827999486588	0.4460885524869106	1.6199646516150443	0.2753693125601086	0.7830325180688552	0.9548042060287657
Sordariales	Sordariales	123.37853257321093	2.2855887511880186	1.749135037890874	1.3066965681186091	0.19131578470065974	0.9548042060287657
Tremellales	Tremellales	28.535599159353385	-1.0042374095831315	1.5299509795695885	-0.6563853502454355	0.5115762139463461	0.9548042060287657
Ustilaginales	Ustilaginales	3247.140877482702	1.4335630199273957	1.917812250930045	0.7474991460880427	0.4547623180617063	0.9548042060287657
