Gene	Geneid	baseMean	log2FoldChange	lfcSE	stat	pvalue	padj
Eurotiales	Eurotiales	48.3673094999929	0.24297102716068897	1.825640161835527	0.1330881256010506	0.8941236860024875	0.9018326949060552
Glomerellales	Glomerellales	56.20915663941266	-0.5223614920471215	1.4978264054810118	-0.34874635013486116	0.7272797438627381	0.9018326949060552
Helotiales	Helotiales	29.976395381227597	0.2436137274180995	1.8550252570061687	0.13132636685026514	0.8955171346873556	0.9018326949060552
Hypocreales	Hypocreales	310.35899073266603	0.24485350168882541	1.9155575262336757	0.1278236222799587	0.8982885555327276	0.9018326949060552
Magnaporthales	Magnaporthales	23.503974511143614	0.2412175452541821	1.7515424829570467	0.13771721074498056	0.8904639168033864	0.9018326949060552
Malasseziales	Malasseziales	852.7013023021779	-0.5600397100504096	1.7838292996107592	-0.3139536446523292	0.7535562461054184	0.9018326949060552
Mycosphaerellales	Mycosphaerellales	47.10854086447	0.24636850144935807	1.9973686929560504	0.12334653202395973	0.9018326949060552	0.9018326949060552
Saccharomycetales	Saccharomycetales	201.06827247939785	0.2443412653535709	1.8901632040962042	0.1292699301436272	0.8971440640333948	0.9018326949060552
Schizosaccharomycetales	Schizosaccharomycetales	20.24827999486588	0.24165191881485434	1.7692365116856832	0.13658542383607863	0.8913584986074918	0.9018326949060552
Sordariales	Sordariales	123.37853257321093	0.24435151118398843	1.8906215592234512	0.12924400972363434	0.8971645734892283	0.9018326949060552
Tremellales	Tremellales	28.535599159353385	-0.7534259761241944	1.7308309413730887	-0.4352972656743082	0.6633466693659634	0.9018326949060552
Ustilaginales	Ustilaginales	3247.140877482702	0.28812106457656733	2.061217257971626	0.13978199700311916	0.8888322379421931	0.9018326949060552
