Gene	Geneid	baseMean	log2FoldChange	lfcSE	stat	pvalue	padj
Eurotiales	Eurotiales	48.3673094999929	0.9821754882712164	0.44924665390325125	2.186272239843406	0.028795693846189387	0.05759138769237877
Glomerellales	Glomerellales	56.20915663941266	-0.3515819429473875	0.4137837510861912	-0.8496755661005957	0.39550548655663287	0.5273406487421771
Helotiales	Helotiales	29.976395381227597	0.21592018927583123	0.5107805565686352	0.4227259368022114	0.6724952297530393	0.7332206973253006
Hypocreales	Hypocreales	310.35899073266603	0.6960415216578398	0.3601301235747202	1.9327500703045863	0.05326699381822378	0.08487822039382911
Magnaporthales	Magnaporthales	23.503974511143614	0.31098293999793436	0.5080744191860841	0.6120814751825475	0.5404838532668198	0.6485806239201838
Malasseziales	Malasseziales	852.7013023021779	-1.2779048252858125	0.5187375857159146	-2.463489942650221	0.013759175556133171	0.03829807637425214
Mycosphaerellales	Mycosphaerellales	47.10854086447	1.0018309342582137	0.5254819820453493	1.9064991160282165	0.056585480262552744	0.08487822039382911
Saccharomycetales	Saccharomycetales	201.06827247939785	0.9798136717860509	0.4065810222782171	2.409885405609462	0.015957531822605057	0.03829807637425214
Schizosaccharomycetales	Schizosaccharomycetales	20.24827999486588	-1.1663966731248145	0.4563350441946707	-2.5560094232588337	0.010588025149915114	0.03829807637425214
Sordariales	Sordariales	123.37853257321093	2.702930487312466	0.5045445972895162	5.357168626585212	8.453621672467062e-8	5.072173003480237e-7
Tremellales	Tremellales	28.535599159353385	0.18761615768748238	0.55044512593888	0.3408444345246411	0.7332206973253006	0.7332206973253006
Ustilaginales	Ustilaginales	3247.140877482702	-4.976259211928127	0.6118600593235182	-8.133002205487895	4.187870072470239e-16	5.0254440869642865e-15
