Gene	Geneid	baseMean	log2FoldChange	lfcSE	stat	pvalue	padj
Eurotiales	Eurotiales	48.3673094999929	1.3399319107531167	0.16992846704332104	7.885270396816553	3.138551633975628e-15	1.2554206535902512e-14
Glomerellales	Glomerellales	56.20915663941266	1.1817441463672511	0.21024393806248118	5.620823873723557	1.900489477107448e-8	4.561174745057875e-8
Helotiales	Helotiales	29.976395381227597	-0.2683156097373228	0.17989625292806524	-1.4915019372005134	0.13582976298826357	0.14817792325992388
Hypocreales	Hypocreales	310.35899073266603	2.931601723004946	0.19759216550780215	14.836629354564103	8.491677170322858e-50	1.019001260438743e-48
Magnaporthales	Magnaporthales	23.503974511143614	0.7300088088606697	0.14816572831192357	4.926974794898792	8.351252283817331e-7	1.5986656473809739e-6
Malasseziales	Malasseziales	852.7013023021779	1.9906625048697573	0.30221108801524554	6.586993607492439	4.488215983268399e-11	1.3464647949805197e-10
Mycosphaerellales	Mycosphaerellales	45.22163059466893	1.0369599344648228	0.2113931799269434	4.905361349988642	9.325549609722348e-7	1.5986656473809739e-6
Saccharomycetales	Saccharomycetales	138.7538793201315	-0.46141852993869686	0.15950354409013315	-2.892841864867629	0.0038177345802214773	0.0050903127736286365
Schizosaccharomycetales	Schizosaccharomycetales	20.24827999486588	-1.6726620820111753	0.15031501663907595	-11.127711119025678	9.196670590856791e-29	5.5180023545140745e-28
Sordariales	Sordariales	123.37853257321093	0.34582030236140826	0.19073272029950109	1.8131147179067044	0.06981412960824217	0.0837769555298906
Tremellales	Tremellales	28.535599159353385	0.10380696920694797	0.22586305747377083	0.45960136362274706	0.645802380180154	0.645802380180154
Ustilaginales	Ustilaginales	3247.140877482702	-1.7148457213535808	0.35807058826541033	-4.789127556275292	1.675079831224939e-6	2.5126197468374087e-6
