Gene	Geneid	baseMean	log2FoldChange	lfcSE	stat	pvalue	padj
Eurotiales	Eurotiales	48.3673094999929	0.8869682282617943	0.5392673077702419	1.6447654354001606	0.1000181927037218	0.22733401363982605
Glomerellales	Glomerellales	56.20915663941266	0.9478382015892943	0.599168118054205	1.5819236254882743	0.11366700681991303	0.22733401363982605
Helotiales	Helotiales	29.976395381227597	-0.2599098611266742	0.5668845297482652	-0.45848818848891787	0.6466017464453524	0.7053837233949298
Hypocreales	Hypocreales	310.35899073266603	-0.43669618530704074	0.4297714954502095	-1.0161124921734916	0.3095758209451043	0.4643637314176564
Magnaporthales	Magnaporthales	23.503974511143614	0.4640226654428814	0.6561471076367991	0.7071930365038424	0.4794465253607224	0.6392620338142965
Malasseziales	Malasseziales	852.7013023021779	-0.34208935780640176	0.6608594528802663	-0.5176431332191008	0.6047072814595384	0.7053837233949298
Mycosphaerellales	Mycosphaerellales	47.10854086447	1.182696235664146	0.6623759360850978	1.7855362358939935	0.07417437918635945	0.22252313755907838
Saccharomycetales	Saccharomycetales	201.06827247939785	-4.345701660660815	0.3987490115613993	-10.898338389966554	1.1738123724621063e-27	1.4085748469545275e-26
Schizosaccharomycetales	Schizosaccharomycetales	20.24827999486588	-0.7121000486537468	0.6272800304106767	-1.1352187446291553	0.2562836775416992	0.43934344721434143
Sordariales	Sordariales	123.37853257321093	3.1048504318242696	0.671938149021634	4.620738436037667	3.8237660807170315e-6	2.294259648430219e-5
Tremellales	Tremellales	28.535599159353385	0.031587472557048045	0.655717524500356	0.04817237816103372	0.9615788636565986	0.9615788636565986
Ustilaginales	Ustilaginales	3247.140877482702	-1.4022477699417792	0.7802666597672231	-1.7971391605532803	0.07231353014843088	0.22252313755907838
