Gene	Geneid	baseMean	log2FoldChange	lfcSE	stat	pvalue	padj
Eurotiales	Eurotiales	48.3673094999929	-0.7628693621014087	0.24897144026138604	-3.064083821423453	0.002183377257703996	0.004366754515407992
Glomerellales	Glomerellales	56.20915663941266	-0.23283558786270392	0.3087273304597627	-0.7541787360256077	0.4507419040804738	0.5408902848965685
Helotiales	Helotiales	29.976395381227597	-0.17644409868777577	0.2645782683142818	-0.6668881001148024	0.5048436125900431	0.5507384864618651
Hypocreales	Hypocreales	310.35899073266603	-3.8651924296116094	0.2762210547056656	-13.993112993251959	1.7172744195853372e-44	2.0607293035024046e-43
Magnaporthales	Magnaporthales	23.503974511143614	-1.4364078975478005	0.21261950914985361	-6.755767160272317	1.420814368897455e-11	8.52488621338473e-11
Malasseziales	Malasseziales	852.7013023021779	-1.5452498214072539	0.43669306197344954	-3.5385261547874176	4.023674180327105e-4	0.0012883563038428216
Mycosphaerellales	Mycosphaerellales	47.10854086447	-0.8654483957384489	0.32239454187907035	-2.6844387336528706	0.007265169758743584	0.010897754638115376
Saccharomycetales	Saccharomycetales	201.06827247939785	-0.020520555467221233	0.2673591650331103	-0.07675276613270364	0.9388202270013999	0.9388202270013999
Schizosaccharomycetales	Schizosaccharomycetales	20.24827999486588	0.7647811189080075	0.22675244758330862	3.3727579439998223	7.441934409695351e-4	0.0017860642583268842
Sordariales	Sordariales	123.37853257321093	0.9623885090832602	0.27330563875606223	3.5212903526744865	4.2945210128094054e-4	0.0012883563038428216
Tremellales	Tremellales	28.535599159353385	-0.25787862714839505	0.3325638682961219	-0.7754258707346238	0.43808805293629904	0.5408902848965685
Ustilaginales	Ustilaginales	3247.140877482702	-1.5042252976144515	0.5158973131669882	-2.915745554828188	0.003548397554342471	0.0060829672360156635
