Gene	Geneid	baseMean	log2FoldChange	lfcSE	stat	pvalue	padj
Eurotiales	Eurotiales	48.3673094999929	0.591568566137806	0.20967672980786767	2.821336286005013	0.004782404071828871	0.008198406980278064
Glomerellales	Glomerellales	56.20915663941266	1.0243765361724766	0.25938494126093237	3.9492521469933326	7.8395737781998e-5	1.8814977067679517e-4
Helotiales	Helotiales	29.976395381227597	-0.4439716223777005	0.22397766541619565	-1.982213813831445	0.047455315253471735	0.06327375367129565
Hypocreales	Hypocreales	310.35899073266603	-0.9538301900653047	0.2263182040545987	-4.21455354883956	2.5027276851553296e-5	7.508183055465989e-5
Magnaporthales	Magnaporthales	23.503974511143614	-0.6738441116659316	0.18056864073233903	-3.7317892460894466	1.9012453853751337e-4	3.8024907707502674e-4
Malasseziales	Malasseziales	852.7013023021779	0.4485315938333063	0.3578379174297213	1.2534490393165143	0.2100423341341856	0.2520508009610227
Mycosphaerellales	Mycosphaerellales	47.10854086447	0.1812730647984806	0.26865825334718674	0.674734770065752	0.4998442897196703	0.5452846796941858
Saccharomycetales	Saccharomycetales	201.06827247939785	-0.5960532028495823	0.22102167757943697	-2.6968087898769837	0.00700074563989271	0.010501118459839065
Schizosaccharomycetales	Schizosaccharomycetales	20.24827999486588	-0.9149009507614828	0.19669287252750817	-4.651418930462418	3.296588685153813e-6	1.3186354740615252e-5
Sordariales	Sordariales	123.37853257321093	1.1948648138435427	0.22795365619632182	5.241700588537534	1.5910339137367892e-7	9.546203482420734e-7
Tremellales	Tremellales	28.535599159353385	-0.1377087313488767	0.27944522080872175	-0.4927932957677503	0.6221586482959451	0.6221586482959451
Ustilaginales	Ustilaginales	3247.140877482702	-3.3440551811438723	0.4224117847982531	-7.916576434393319	2.4413967722618314e-15	2.929676126714198e-14
