Gene	Geneid	baseMean	log2FoldChange	lfcSE	stat	pvalue	padj
Eurotiales	Eurotiales	17.260710318749823	-0.4965959909717563	0.8427483569826544	-0.589257738513725	0.5556883901374567	0.8505881678101864
Glomerellales	Glomerellales	25.06026340087595	0.34305134633682843	0.7635131295989288	0.44930641404560034	0.6532106314645798	0.8505881678101864
Helotiales	Helotiales	17.3264310681686	-0.3563585477371053	0.8647219930970509	-0.4121076491425723	0.6802605224014089	0.8505881678101864
Hypocreales	Hypocreales	174.23925385951267	-4.159161770568417	0.9679346929358631	-4.29694461922134	1.7316843647856884e-5	1.9048528012642572e-4
Magnaporthales	Magnaporthales	13.833323441518928	0.5905037715464438	0.9623291684399099	0.6136193216545075	0.5394669125498196	0.8505881678101864
Malasseziales	Malasseziales	440.8081931342743	-2.7164209852686176	1.2594555325665153	-2.1568216701808454	0.03101956197534172	0.17060759086437946
Mycosphaerellales	Mycosphaerellales	16.866747893073093	-0.11928475884692846	0.9360160499714428	-0.12743879642936437	0.8985931114401524	0.8985931114401524
Saccharomycetales	Saccharomycetales	156.29680978419012	-6.521910659057693	0.9194986985931022	-7.092898194458215	NA	NA
Schizosaccharomycetales	Schizosaccharomycetales	14.88915649320571	0.3872123476175206	0.890257588427402	0.4349441696998202	0.6636029526794995	0.8505881678101864
Sordariales	Sordariales	40.51565532898135	0.3561654519380607	0.9269305930755615	0.38424177020234224	0.7007992619385417	0.8505881678101864
Tremellales	Tremellales	13.557550994677666	-0.2422106895039193	0.8406860793692229	-0.2881107412717634	0.773261970736533	0.8505881678101864
Ustilaginales	Ustilaginales	3582.1094366845973	-1.2242981305146121	1.4117831563706167	-0.8671998422633209	0.38583252268834756	0.8505881678101864
