Gene	Geneid	baseMean	log2FoldChange	lfcSE	stat	pvalue	padj
Eurotiales	Eurotiales	48.3673094999929	-0.4674696999774192	0.5557262389832831	-0.841187021927682	0.40024316987398956	0.8004863397479791
Glomerellales	Glomerellales	56.20915663941266	-0.3093739224458894	0.6221208944044992	-0.4972890723145144	0.6189852166658372	0.8717473890838848
Helotiales	Helotiales	29.976395381227597	0.007617662563252593	0.5841178875182732	0.01304131019787386	0.9895948348857259	0.9895948348857259
Hypocreales	Hypocreales	310.35899073266603	-3.348058424853352	0.45801928156074995	-7.309863491869781	2.67413912765722e-13	1.6044834765943319e-12
Magnaporthales	Magnaporthales	23.503974511143614	-0.29854112043898523	0.6656808705411991	-0.4484748377946794	0.6538105418129136	0.8717473890838848
Malasseziales	Malasseziales	852.7013023021779	-2.335870773046965	0.7066738780284576	-3.3054437777773638	9.482612647795423e-4	0.002844783794338627
Mycosphaerellales	Mycosphaerellales	47.10854086447	0.13597477512721534	0.6859320685166609	0.1982335880887782	0.8428623094039377	0.9778499841222
Saccharomycetales	Saccharomycetales	201.06827247939785	-3.7701690132784416	0.4261820059431459	-8.84638243919992	9.04020711542325e-19	1.08482485385079e-17
Schizosaccharomycetales	Schizosaccharomycetales	20.24827999486588	0.9675820210157439	0.637345116364794	1.518144559629659	0.1289779600519497	0.3095471041246793
Sordariales	Sordariales	123.37853257321093	2.872374127063991	0.6886464484161605	4.171043259818234	3.0320828870521672e-5	1.2128331548208669e-4
Tremellales	Tremellales	28.535599159353385	-0.08858242324246851	0.6800547815720912	-0.13025777575990483	0.8963624854453501	0.9778499841222
Ustilaginales	Ustilaginales	3247.140877482702	0.43758211358764165	0.8345862348292182	0.5243102453962523	0.6000627720408238	0.8717473890838848
