Gene	Geneid	baseMean	log2FoldChange	lfcSE	stat	pvalue	padj
Eurotiales	Eurotiales	48.3673094999929	-0.09538256390310475	0.9167594216181064	-0.10404317823617434	0.9171350832096947	0.9807430097826393
Glomerellales	Glomerellales	56.20915663941266	0.6997448925311106	0.8975878041821644	0.7795837791810039	0.43563590669832303	0.7229120490130244
Helotiales	Helotiales	29.976395381227597	0.022745255107152498	0.9423240915910153	0.024137401675414585	0.9807430097826393	0.9807430097826393
Hypocreales	Hypocreales	310.35899073266603	-3.7324321955825437	0.8879126024392098	-4.203603130903958	2.6269937583281753e-5	1.5761962549969052e-4
Magnaporthales	Magnaporthales	23.503974511143614	0.9686776984181709	0.968202710122628	1.0004905876533672	0.31707315039966644	0.7229120490130244
Malasseziales	Malasseziales	852.7013023021779	-2.3121030322701426	0.9837487102225856	-2.3502984128406124	0.018758365464753932	0.07503346185901573
Mycosphaerellales	Mycosphaerellales	47.10854086447	0.2883451298108832	1.0456526692850479	0.27575612656163895	0.7827353834801783	0.9807430097826393
Saccharomycetales	Saccharomycetales	201.06827247939785	-6.319058162796938	0.864367938859237	-7.310611463836353	2.6592944661250404e-13	3.1911533593500483e-12
Schizosaccharomycetales	Schizosaccharomycetales	20.24827999486588	0.7559027835811277	0.9538794471291149	0.7924510648134454	0.42809771436409494	0.7229120490130244
Sordariales	Sordariales	123.37853257321093	0.7170909217232807	1.0197777182682843	0.7031835554722599	0.4819413660086829	0.7229120490130244
Tremellales	Tremellales	28.535599159353385	0.1778957184362134	1.0449096817988865	0.17024985176704768	0.864813647893623	0.9807430097826393
Ustilaginales	Ustilaginales	3247.140877482702	-0.8328190035915719	1.1353255426468158	-0.7335508383348779	0.4632225327243373	0.7229120490130244
