Gene	Geneid	baseMean	log2FoldChange	lfcSE	stat	pvalue	padj
Eurotiales	Eurotiales	48.3673094999929	0.37208713607431443	0.761166975437023	0.4888377295411182	0.6249565842245972	0.9844220105648598
Glomerellales	Glomerellales	56.20915663941266	1.009118814977	0.7019769005879805	1.4375384918389131	0.1505650437779387	0.38758774411207225
Helotiales	Helotiales	29.976395381227597	0.015127592543899905	0.7747665830449997	0.019525354958451105	0.9844220105648598	0.9844220105648598
Hypocreales	Hypocreales	310.35899073266603	-0.3843737707291917	0.8028192987855163	-0.47877993380411027	0.6320951933372337	0.9844220105648598
Magnaporthales	Magnaporthales	23.503974511143614	1.267218818857156	0.7268773993573769	1.7433735317365597	0.08126838859535976	0.32507355438143903
Malasseziales	Malasseziales	852.7013023021779	0.023767740776822217	0.7957781725057137	0.02986729417569136	0.9761728896734366	0.9844220105648598
Mycosphaerellales	Mycosphaerellales	47.10854086447	0.1523703546836679	0.8408011559148473	0.1812204391154516	0.8561945521158215	0.9844220105648598
Saccharomycetales	Saccharomycetales	201.06827247939785	-2.5488891495184967	0.7908304231812917	-3.22305398831904	0.001268316461475337	0.015219797537704043
Schizosaccharomycetales	Schizosaccharomycetales	20.24827999486588	-0.21167923743461603	0.734660608889659	-0.2881320093567298	0.7732456911937671	0.9844220105648598
Sordariales	Sordariales	123.37853257321093	-2.15528320534071	0.7910614157353586	-2.7245459865302517	0.0064389962660971614	0.03863397759658297
Tremellales	Tremellales	28.535599159353385	0.26647814167868195	0.8462426191200301	0.31489567608374613	0.7528408647095894	0.9844220105648598
Ustilaginales	Ustilaginales	3247.140877482702	-1.2704011171792136	0.9073894887383435	-1.4000615313999398	0.16149489338003012	0.38758774411207225
