Gene	Geneid	baseMean	log2FoldChange	lfcSE	stat	pvalue	padj
Eurotiales	Eurotiales	48.3673094999929	-0.3907822260270913	0.7704563186312	-0.5072088015597804	0.6120083200196726	0.8160110933595635
Glomerellales	Glomerellales	56.20915663941266	0.7762832271142931	0.716897468454806	1.082837171663455	0.27888070313789565	0.5577614062757913
Helotiales	Helotiales	29.976395381227597	-0.16131650614387422	0.785355090471969	-0.20540581973808691	0.8372550737252995	0.9133691713366903
Hypocreales	Hypocreales	310.35899073266603	-4.249566200340809	0.8092621211667917	-5.251161631306549	1.5114297710409954e-7	1.8137157252491944e-6
Magnaporthales	Magnaporthales	23.503974511143614	-0.1691890786906418	0.734501528279287	-0.23034544133216464	0.8178233527203441	0.9133691713366903
Malasseziales	Malasseziales	852.7013023021779	-1.5214820806304314	0.8118339014563978	-1.8741297670631307	0.060912541407101325	0.18273762422130396
Mycosphaerellales	Mycosphaerellales	47.10854086447	-0.7130780410547783	0.852540251935331	-0.836415687630041	0.4029210902188198	0.6867924332182205
Saccharomycetales	Saccharomycetales	201.06827247939785	-2.5694097049857203	0.7981113590637654	-3.219362405767284	0.001284760012542061	0.007708560075252366
Schizosaccharomycetales	Schizosaccharomycetales	20.24827999486588	0.5531018814733955	0.7450462060882341	0.7423725897181374	0.4578616221454803	0.6867924332182205
Sordariales	Sordariales	123.37853257321093	-1.1928946962574525	0.8002553267171423	-1.4906426192138202	0.13605534853495144	0.3265328364838834
Tremellales	Tremellales	28.535599159353385	0.008599514530280565	0.8602095108827097	0.009997000058109235	0.9920236808584133	0.9920236808584133
Ustilaginales	Ustilaginales	3247.140877482702	-2.774626414793662	0.9265957820854975	-2.9944302234452063	0.002749579382348007	0.010998317529392027
