Gene	Geneid	baseMean	log2FoldChange	lfcSE	stat	pvalue	padj
Eurotiales	Eurotiales	48.3673094999929	-0.25138521181277357	1.0718696326539834	-0.23452965188530975	0.814573816126543	0.9598706805164936
Glomerellales	Glomerellales	56.20915663941266	0.09474213716309707	1.0158245939121044	0.09326623683940335	0.9256920542348291	0.9598706805164936
Helotiales	Helotiales	29.976395381227597	0.06078206922662044	1.1359685676107836	0.05350682312844256	0.9573280943686456	0.9598706805164936
Hypocreales	Hypocreales	310.35899073266603	0.06125106824407617	1.1730372929491601	0.052215789397524984	0.958356751976137	0.9598706805164936
Magnaporthales	Magnaporthales	23.503974511143614	0.05988314118000061	1.0725976111532456	0.0558300154291924	0.95547722337313	0.9598706805164936
Malasseziales	Malasseziales	852.7013023021779	-0.25183041091138114	1.1069318388935403	-0.22750308741964106	0.8200325687619082	0.9598706805164936
Mycosphaerellales	Mycosphaerellales	47.10854086447	0.061826869730106704	1.2231362171469005	0.05054782031908488	0.9596858429795142	0.9598706805164936
Saccharomycetales	Saccharomycetales	201.06827247939785	0.0610587191372699	1.1574875694625877	0.05275107979398775	0.9579302398591744	0.9598706805164936
Schizosaccharomycetales	Schizosaccharomycetales	20.24827999486588	0.060046110504005476	1.0834337340232318	0.055422042547106	0.9558022354104696	0.9598706805164936
Sordariales	Sordariales	123.37853257321093	0.061062299553808555	1.1577680454711725	0.05274139305594521	0.9579379580138401	0.9598706805164936
Tremellales	Tremellales	28.535599159353385	0.061904346539355525	1.2303146386537265	0.05031586603496358	0.9598706805164936	0.9598706805164936
Ustilaginales	Ustilaginales	3247.140877482702	0.4137097853275948	1.264071286293383	0.3272835874159516	0.7434534048499932	0.9598706805164936
