Gene	Geneid	baseMean	log2FoldChange	lfcSE	stat	pvalue	padj
Eurotiales	Eurotiales	48.3673094999929	1.225325426611865	1.6683046679823625	0.7344734149151342	0.462660257127076	0.833565984289648
Glomerellales	Glomerellales	56.20915663941266	-0.2743205043080039	1.3423890388245787	-0.2043524614505227	0.8380780765067309	0.9618782251968097
Helotiales	Helotiales	29.976395381227597	-0.03909731068519999	1.695050574280582	-0.023065571776106904	0.9815979681182316	0.9815979681182316
Hypocreales	Hypocreales	310.35899073266603	3.540548170466829	1.7507005493175962	2.022360803991805	0.04313909125074216	0.5176690950089059
Magnaporthales	Magnaporthales	23.503974511143614	-0.26420347807326183	1.6031071747678456	-0.16480712096589709	0.8690957989698467	0.9618782251968097
Malasseziales	Malasseziales	852.7013023021779	1.4099723756855058	1.6257930438603974	0.8672520656980843	0.38580391431195865	0.833565984289648
Mycosphaerellales	Mycosphaerellales	45.22163059466893	1.1387436449437065	1.7885493760154565	0.6366856069026219	0.5243296506594017	0.833565984289648
Saccharomycetales	Saccharomycetales	201.06827247939785	2.21809140859041	1.7359505897263239	1.2777387914825944	0.20134154262768694	0.8053661705107478
Schizosaccharomycetales	Schizosaccharomycetales	20.24827999486588	-1.2263842463538723	1.6166035111961534	-0.7586178292081335	0.44808120411658814	0.833565984289648
Sordariales	Sordariales	123.37853257321093	2.631816621641264	1.7341530176255786	1.517638060131958	0.12910566659239175	0.7746339995543505
Tremellales	Tremellales	28.535599159353385	-0.8997697632713627	1.5270405418721047	-0.5892245415883148	0.5557106561930987	0.833565984289648
Ustilaginales	Ustilaginales	3247.140877482702	-0.2813116629120672	1.890700510620847	-0.1487870031936963	0.8817217064304089	0.9618782251968097
