Gene	Geneid	baseMean	log2FoldChange	lfcSE	stat	pvalue	padj
Eurotiales	Eurotiales	48.3673094999929	-0.09538256390310283	0.9167594216181064	-0.10404317823617225	0.9171350832096964	0.9807430097826397
Glomerellales	Glomerellales	56.20915663941266	0.6997448925311109	0.8975878041821652	0.7795837791810035	0.4356359066983233	0.7229120490130294
Helotiales	Helotiales	29.976395381227597	0.022745255107152088	0.9423240915910154	0.024137401675414148	0.9807430097826397	0.9807430097826397
Hypocreales	Hypocreales	310.35899073266603	-3.732432195582545	0.8879126024392094	-4.203603130903962	2.626993758328134e-5	1.5761962549968803e-4
Magnaporthales	Magnaporthales	23.503974511143614	0.9686776984181712	0.9682027101226274	1.0004905876533683	0.3170731503996659	0.7229120490130294
Malasseziales	Malasseziales	852.7013023021779	-2.3121030322701395	0.983748710222585	-2.3502984128406106	0.01875836546475402	0.07503346185901608
Mycosphaerellales	Mycosphaerellales	47.10854086447	0.2883451298108871	1.0456526692850479	0.27575612656164267	0.7827353834801755	0.9807430097826397
Saccharomycetales	Saccharomycetales	201.06827247939785	-6.319058162796953	0.8643679388592358	-7.310611463836381	2.6592944661244956e-13	3.1911533593493948e-12
Schizosaccharomycetales	Schizosaccharomycetales	20.24827999486588	0.7559027835811315	0.9538794471291163	0.7924510648134482	0.4280977143640933	0.7229120490130294
Sordariales	Sordariales	123.37853257321093	0.7170909217232746	1.0197777182682832	0.7031835554722546	0.48194136600868626	0.7229120490130294
Tremellales	Tremellales	28.535599159353385	0.17789571843620533	1.0449096817988863	0.17024985176704	0.8648136478936291	0.9807430097826397
Ustilaginales	Ustilaginales	3247.140877482702	-0.8328190035915695	1.1353255426468156	-0.7335508383348759	0.4632225327243384	0.7229120490130294
