Gene	Geneid	baseMean	log2FoldChange	lfcSE	stat	pvalue	padj
Eurotiales	Eurotiales	17.260710318749823	-0.22468715124293384	0.8012862114354629	-0.2804081089083243	0.779164416495586	0.9191075191297383
Glomerellales	Glomerellales	25.06026340087595	-0.8581647886295373	0.6557650523176626	-1.3086467258304415	0.19065404537012956	0.5242986247678563
Helotiales	Helotiales	17.3264310681686	0.284325329421937	0.8413940211984601	0.33792173732938025	0.7354221661382998	0.9191075191297383
Hypocreales	Hypocreales	174.23925385951267	-2.8742563561909247	0.9237224547250833	-3.1116016953884227	0.0018607537130842136	0.006822763614642116
Magnaporthales	Magnaporthales	13.833323441518928	0.5884473960695025	0.8704595217686267	0.6760192534557802	0.4990284210146189	0.9191075191297383
Malasseziales	Malasseziales	440.8081931342743	-3.5779586752381123	1.1426701236388355	-3.1312262403816904	0.0017407799930525896	0.006822763614642116
Mycosphaerellales	Mycosphaerellales	16.866747893073093	-0.12415782847473662	0.8652802780732682	-0.14348856852625905	0.8859043388239909	0.9191075191297383
Saccharomycetales	Saccharomycetales	156.29680978419012	-1.2377710540274753	0.9120747111904192	-1.3570939297417475	NA	NA
Schizosaccharomycetales	Schizosaccharomycetales	14.88915649320571	0.08022090200736905	0.7899023511115263	0.10155799877603182	0.9191075191297383	0.9191075191297383
Sordariales	Sordariales	40.51565532898135	0.1317517133649632	0.8308758206906837	0.15856968043123665	0.8740079180178951	0.9191075191297383
Tremellales	Tremellales	13.557550994677666	0.1626757737144155	0.8048615066384718	0.20211647888819498	0.8398256654292118	0.9191075191297383
Ustilaginales	Ustilaginales	3582.1094366845973	-4.733244427443832	1.2769275104403148	-3.7067448142077364	2.0994029050018105e-4	0.0023093431955019915
