Gene	Geneid	baseMean	log2FoldChange	lfcSE	stat	pvalue	padj
Eurotiales	Eurotiales	48.3673094999929	-0.6089687436065092	0.7849880176164259	-0.7757682027499098	0.43788586162501275	0.8757717232500255
Glomerellales	Glomerellales	56.20915663941266	-0.8389176246249601	0.78215293063657	-1.0725749297419254	0.2834618781435582	0.6803085075445398
Helotiales	Helotiales	29.976395381227597	0.04630849685543501	0.8612400167512366	0.05376956011649295	0.9571187619301581	0.9571187619301581
Hypocreales	Hypocreales	310.35899073266603	0.42534276910942187	0.8925832371156027	0.4765300886491258	0.6336967766709971	0.9571187619301581
Magnaporthales	Magnaporthales	23.503974511143614	-1.1766194141708113	0.8133489033063243	-1.4466355206083947	0.1479990322606138	0.4439970967818414
Malasseziales	Malasseziales	852.7013023021779	-0.272481025765597	0.863014175230397	-0.3157318078730901	0.7522060815328708	0.9571187619301581
Mycosphaerellales	Mycosphaerellales	45.22163059466893	-0.08233836804033816	0.912405117707954	-0.09024321153215334	0.9280939465525803	0.9571187619301581
Saccharomycetales	Saccharomycetales	138.7538793201315	2.492047762939288	0.8399001033948322	2.9670763854731788	0.003006462565844221	0.036077550790130655
Schizosaccharomycetales	Schizosaccharomycetales	20.24827999486588	0.26447424089979094	0.8179682736952943	0.3233306833588898	0.7464448189302032	0.9571187619301581
Sordariales	Sordariales	123.37853257321093	2.1020972026905067	0.8867911555978196	2.37045350466244	0.017766278352490825	0.10659767011494495
Tremellales	Tremellales	28.535599159353385	-0.1888605133815858	0.9357417276629998	-0.20182974403980247	0.8400498276502296	0.9571187619301581
Ustilaginales	Ustilaginales	3247.140877482702	1.5591550796375437	0.9997355277716586	1.5595675419406096	0.11886211181572864	0.4439970967818414
