Gene	Geneid	baseMean	log2FoldChange	lfcSE	stat	pvalue	padj
Eurotiales	Eurotiales	48.3673094999929	-0.12911610891362624	1.6737220731039333	-0.07714309979444747	0.9385097064568709	0.9591422908409635
Glomerellales	Glomerellales	56.20915663941266	-1.5314803070241207	1.350871669992295	-1.1336978493544512	0.2569213120818724	0.9591422908409635
Helotiales	Helotiales	29.976395381227597	0.22848613487419833	1.7012752405064218	0.1343028626021645	0.8931630897223802	0.9591422908409635
Hypocreales	Hypocreales	310.35899073266603	0.6292272724180157	1.758053790201288	0.35791127434500875	0.7204097131866669	0.9591422908409635
Magnaporthales	Magnaporthales	23.503974511143614	-1.0260012736029749	1.6042491882396257	-0.6395523096563486	0.5224636955501418	0.9591422908409635
Malasseziales	Malasseziales	852.7013023021779	-0.5838074508272338	1.6473228842417755	-0.3543977057636438	0.7230408536769143	0.9591422908409635
Mycosphaerellales	Mycosphaerellales	47.10854086447	0.09399814676568967	1.8348281953756986	0.05122994458151034	0.9591422908409635	0.9591422908409635
Saccharomycetales	Saccharomycetales	201.06827247939785	2.793230414872065	1.7341325693290943	1.6107363786799282	0.10723719308346123	0.9591422908409635
Schizosaccharomycetales	Schizosaccharomycetales	20.24827999486588	0.45333115624946657	1.6206543344896014	0.2797210648822507	0.7796915157753854	0.9591422908409635
Sordariales	Sordariales	123.37853257321093	2.3996347165247	1.7345711031741822	1.3834167490358182	0.16653711781780034	0.9591422908409635
Tremellales	Tremellales	28.535599159353385	-1.0199041178028698	1.538315208286512	-0.6630007376309526	0.5073300816576498	0.9591422908409635
Ustilaginales	Ustilaginales	3247.140877482702	1.558522181755784	1.912115402692649	0.8150774684211353	0.4150279679651331	0.9591422908409635
