Gene	Geneid	baseMean	log2FoldChange	lfcSE	stat	pvalue	padj
Eurotiales	Eurotiales	48.3673094999929	-0.6089354381662712	0.7851551129172849	-0.775560686223821	0.43800842055331946	0.8760168411066389
Glomerellales	Glomerellales	56.20915663941266	-0.8387334634595387	0.7827936135360505	-1.0714618118443706	0.28396183271380515	0.6815083985131324
Helotiales	Helotiales	29.976395381227597	0.04631960133760376	0.8614663083908652	0.0537683260348559	0.9571197451625042	0.9571197451625042
Hypocreales	Hypocreales	310.35899073266603	0.425421508326741	0.891796102838889	0.477038985674506	0.6333343607229467	0.9571197451625042
Magnaporthales	Magnaporthales	23.503974511143614	-1.1766101947038712	0.8114028398481093	-1.450093759745932	0.14703237504757652	0.4410971251427296
Malasseziales	Malasseziales	852.7013023021779	-0.2724803638817874	0.8625952624571868	-0.31588437328718977	0.75209027340860235	0.9571197451625042
Mycosphaerellales	Mycosphaerellales	45.22163059466893	-0.08232620686843753	0.9127113235576393	-0.09019961157876276	0.9281285929855956	0.9571197451625042
Saccharomycetales	Saccharomycetales	201.06827247939785	2.4785584936823817	0.8827347391150362	2.8078180044972503	0.004987840643436441	0.05985408772123729
Schizosaccharomycetales	Schizosaccharomycetales	20.24827999486588	0.264444980538694	0.8181660577912071	0.32321675779683756	0.7465310905741145	0.9571197451625042
Sordariales	Sordariales	123.37853257321093	2.1034715144693688	0.8819025774576286	2.3851517936746602	0.017072075513656637	0.10243245308193982
Tremellales	Tremellales	28.535599159353385	-0.1887759160055622	0.9388198643952834	-0.20107788849052244	0.8406376713062895	0.9571197451625042
Ustilaginales	Ustilaginales	3247.140877482702	1.559166823292953	0.9954269449409721	1.566329735413592	0.11727144312435192	0.4410971251427296
