Gene	Geneid	baseMean	log2FoldChange	lfcSE	stat	pvalue	padj
Eurotiales	Eurotiales	48.3673094999929	1.3544379282392132	0.17244306045935806	7.854406693033794	4.016689636981422e-15	1.6066758547925687e-14
Glomerellales	Glomerellales	56.20915663941266	1.2572121240351832	0.2147328635027848	5.85477277919725	4.776626160028116e-9	1.1463902784067479e-8
Helotiales	Helotiales	29.976395381227597	-0.26752752368992444	0.18343035541124464	-1.4584691998777237	0.1447112587696884	0.17365351052362607
Hypocreales	Hypocreales	310.35899073266603	2.911362239546314	0.20207338967214158	14.407449908520451	4.645482773267627e-47	5.574579327921152e-46
Magnaporthales	Magnaporthales	23.503974511143614	0.762563785881865	0.14650367641280582	5.2050829341181615	1.9390998567744278e-7	3.8781997135488556e-7
Malasseziales	Malasseziales	852.7013023021779	1.9937814152405617	0.31974484601732384	6.235538868177842	4.502255427566958e-10	1.3506766282700874e-9
Mycosphaerellales	Mycosphaerellales	47.10854086447	1.0467214605369288	0.22868989870310916	4.577034081841141	4.71614648384651e-6	7.074219725769765e-6
Saccharomycetales	Saccharomycetales	201.06827247939785	-0.5755326473823552	0.19308461667049157	-2.980727606925466	0.002875644533323422	0.003834192711097896
Schizosaccharomycetales	Schizosaccharomycetales	20.24827999486588	-1.6796820696694958	0.15271045931005	-10.999129183805385	3.85839849430656e-28	2.315039096583936e-27
Sordariales	Sordariales	123.37853257321093	0.23247630476028194	0.1932162404925786	1.203192361923693	0.2289018899584083	0.24971115268189994
Tremellales	Tremellales	28.535599159353385	0.12016989579952157	0.232928989371028	0.5159078572573262	0.6059187660668148	0.6059187660668148
Ustilaginales	Ustilaginales	3247.140877482702	-1.8398298835294167	0.37842829037888703	-4.861766232348423	1.1634296960186522e-6	1.9944509074605467e-6
