Gene	Geneid	baseMean	log2FoldChange	lfcSE	stat	pvalue	padj
Eurotiales	Eurotiales	48.3673094999929	1.2253218193255861	1.6683295215907574	0.734460311028506	0.4626682407853467	0.8338500987442262
Glomerellales	Glomerellales	56.20915663941266	-0.274268182988938	1.340456082246773	-0.20460810810692884	0.8378783200728168	0.9617673806514762
Helotiales	Helotiales	29.976395381227597	-0.03904138881572676	1.6954356610046026	-0.02302734908418372	0.9816284573159063	0.9816284573159063
Hypocreales	Hypocreales	310.35899073266603	3.5405895119643294	1.750907017817326	2.0221459368973314	0.043161277528481354	0.5179353303417762
Magnaporthales	Magnaporthales	23.503974511143614	-0.26343748772110764	1.6003167213319942	-0.1646158439823339	0.86924635966048	0.9617673806514762
Malasseziales	Malasseziales	852.7013023021779	1.409973964413328	1.6281955231933904	0.8659733701072565	0.3865047655121736	0.8338500987442262
Mycosphaerellales	Mycosphaerellales	47.10854086447	1.140719607302617	1.8261528061810992	0.6246572594809966	0.5321960303094582	0.8338500987442262
Saccharomycetales	Saccharomycetales	201.06827247939785	2.217697767489709	1.7275953746791977	1.2836904983619326	0.19925027032016876	0.797001081280675
Schizosaccharomycetales	Schizosaccharomycetales	20.24827999486588	-1.2263509134200241	1.6167226327291022	-0.7585413159893032	0.44812698884910296	0.8338500987442262
Sordariales	Sordariales	123.37853257321093	2.6321110212849836	1.7280058337965576	1.5232072541688355	0.12770686178833637	0.7662411707300183
Tremellales	Tremellales	28.535599159353385	-0.8997342220033517	1.527712334320374	-0.5889421730718776	0.5559000658294841	0.8338500987442262
Ustilaginales	Ustilaginales	3247.140877482702	-0.28130770177364234	1.8890390565362793	-0.14891576794047073	0.8816200989305198	0.9617673806514762
