Gene	Geneid	baseMean	log2FoldChange	lfcSE	stat	pvalue	padj
Eurotiales	Eurotiales	48.3673094999929	0.7309655556570396	0.7741259724938373	0.9442462617579449	0.3450438198311944	0.5915036911391904
Glomerellales	Glomerellales	56.20915663941266	0.34280922028493865	0.7658906144672941	0.4475955362416543	0.6544451252377868	0.872593500317049
Helotiales	Helotiales	29.976395381227597	-0.22193495108683914	0.8505874510101353	-0.2609196159939522	0.7941544973040524	0.9270626059698289
Hypocreales	Hypocreales	310.35899073266603	3.3569925991047067	0.8787469874825048	3.820203820808594	1.3334143890340107e-4	0.0016000972668408129
Magnaporthales	Magnaporthales	23.503974511143614	-0.44559931387489704	0.8036708917804108	-0.5544549621397129	0.5792675202942499	0.8689012804413748
Malasseziales	Malasseziales	852.7013023021779	1.7181807587498925	0.832042878026	2.0650146814864057	0.03892161117736147	0.1167648335320844
Mycosphaerellales	Mycosphaerellales	45.22163059466893	0.9546473289648003	0.8981395303980839	1.062916503120256	0.2878198182527431	0.5756396365054862
Saccharomycetales	Saccharomycetales	201.06827247939785	2.0347292938389954	0.8712628412969549	2.3353794026267822	0.01952360946295284	0.07809443785181136
Schizosaccharomycetales	Schizosaccharomycetales	20.24827999486588	-1.4080058275933853	0.8107664195374351	-1.7366356001728487	0.08245151156429692	0.1978836277543126
Sordariales	Sordariales	123.37853257321093	2.44844546330382	0.870322846586228	2.8132611626911235	0.004904180263238563	0.029425081579431377
Tremellales	Tremellales	28.535599159353385	-0.0844608955376066	0.9226548964180884	-0.09154115570783718	0.9270626059698289	0.9270626059698289
Ustilaginales	Ustilaginales	3247.140877482702	-0.15571295544161096	0.9588435183515224	-0.16239662933668067	0.8709935250076116	0.9270626059698289
