Gene	Geneid	baseMean	log2FoldChange	lfcSE	stat	pvalue	padj
Eurotiales	Eurotiales	48.3673094999929	0.9823507921648972	0.7492347875486219	1.3111387891891593	0.18981087788233356	0.3796217557646671
Glomerellales	Glomerellales	56.20915663941266	0.2480933090581834	0.6817181316909947	0.3639235888339812	0.7159150693834035	0.7809982575091674
Helotiales	Helotiales	29.976395381227597	-0.2826551162338262	0.761858024479397	-0.37100759872808836	0.7106318720287622	0.7809982575091674
Hypocreales	Hypocreales	310.35899073266603	3.2957360102755042	0.787045589423643	4.187477897803844	2.8207148000787132e-5	3.384857760094456e-4
Magnaporthales	Magnaporthales	23.503974511143614	-0.5046550329752898	0.7181565045018223	-0.7027089914410282	0.4822371230954266	0.6756661997798588
Malasseziales	Malasseziales	852.7013023021779	1.9700136744637378	0.7553874440041968	2.6079513104175884	0.009108590949467775	0.03309391734432756
Mycosphaerellales	Mycosphaerellales	47.10854086447	0.8943511058532589	0.8216968428951164	1.0884197908101447	0.2764098281672906	0.47384541971535526
Saccharomycetales	Saccharomycetales	201.06827247939785	1.973356502136138	0.7763906770668422	2.5417055619361135	0.01103130578144252	0.03309391734432756
Schizosaccharomycetales	Schizosaccharomycetales	20.24827999486588	-1.4680028322348784	0.7259460441923041	-2.0221927565817857	0.04315644230216046	0.1035754615251851
Sordariales	Sordariales	123.37853257321093	2.387759510100995	0.7765598025038837	3.0747915387869353	0.002106497312497516	0.012638983874985094
Tremellales	Tremellales	28.535599159353385	-0.14630824587915728	0.8268116958710937	-0.1769547366223613	0.8595439433559872	0.8595439433559872
Ustilaginales	Ustilaginales	3247.140877482702	-0.5694287663502097	0.8576931967922286	-0.6639072904855402	0.5067496498348941	0.6756661997798588
