Gene	Geneid	baseMean	log2FoldChange	lfcSE	stat	pvalue	padj
Eurotiales	Eurotiales	48.3673094999929	-0.11457556721144592	1.6734508669823225	-0.06846664546420546	0.9454141708126175	0.9548099174883086
Glomerellales	Glomerellales	56.20915663941266	-1.4558631880524813	1.352104120207515	-1.0767389628463242	0.2815969004657667	0.9548099174883086
Helotiales	Helotiales	29.976395381227597	0.22915724173924296	1.7005356287070812	0.13475591917675458	0.8928048592464203	0.9548099174883086
Hypocreales	Hypocreales	310.35899073266603	0.6089770796888633	1.7572865878630677	0.3465439751801693	0.7289339416871349	0.9548099174883086
Magnaporthales	Magnaporthales	23.503974511143614	-0.9952143589022361	1.6069972469994767	-0.6193005997741825	0.5357183494226291	0.9548099174883086
Malasseziales	Malasseziales	852.7013023021779	-0.5806887469461741	1.6416387282455938	-0.3537250534816217	0.7235449449898429	0.9548099174883086
Mycosphaerellales	Mycosphaerellales	45.22163059466893	0.10177010911046859	1.7959108769243393	0.05666768346810125	0.9548099174883086	0.9548099174883086
Saccharomycetales	Saccharomycetales	201.06827247939785	2.6619206084337965	1.7417364579762982	1.528314227013798	0.12643453924813036	0.9548099174883086
Schizosaccharomycetales	Schizosaccharomycetales	20.24827999486588	0.4460665617782071	1.6203272193403455	0.27529412359054617	0.7830902788147674	0.9548099174883086
Sordariales	Sordariales	123.37853257321093	2.2868426728068125	1.739993317201201	1.3142824459149216	0.18875117237407668	0.9548099174883086
Tremellales	Tremellales	28.535599159353385	-1.0040847837393183	1.5368614827160663	-0.6533346010889792	0.5135405902997108	0.9548099174883086
Ustilaginales	Ustilaginales	3247.140877482702	1.4335681158224967	1.9095133716569637	0.7507504985830659	0.45280282555132534	0.9548099174883086
