Gene	Geneid	baseMean	log2FoldChange	lfcSE	stat	pvalue	padj
Eurotiales	Eurotiales	48.3673094999929	0.7309631671466077	0.7739703644545807	0.9444330180028531	0.3449484154756645	0.5913401408154249
Glomerellales	Glomerellales	56.20915663941266	0.34282652174229095	0.7652876444100438	0.44797080450263127	0.654174267185418	0.8722323562472241
Helotiales	Helotiales	29.976395381227597	-0.2220071128818878	0.850376812983076	-0.2610691042987153	0.7940392168628123	0.9263227569918346
Hypocreales	Hypocreales	310.35899073266603	3.3569444921143683	0.8794825291449836	3.8169541530039566	1.3510926383714767e-4	0.001621311166045772
Magnaporthales	Magnaporthales	23.503974511143614	-0.4466106053101415	0.8054685127032779	-0.5544730778007034	0.5792551255778516	0.8688826883667775
Malasseziales	Malasseziales	852.7013023021779	1.71818147910416	0.832445047761527	2.0640178997093064	0.039016019278989615	0.11704805783696884
Mycosphaerellales	Mycosphaerellales	45.22163059466893	0.9546215664244846	0.8978532835610585	1.0632266806869293	0.28767916565949897	0.5753583313189979
Saccharomycetales	Saccharomycetales	138.7538793201315	2.0306292330005915	0.8311840183009727	2.443056156386898	0.014563470964825522	0.05825388385930209
Schizosaccharomycetales	Schizosaccharomycetales	20.24827999486588	-1.4081878411113844	0.8105830443820441	-1.737253019133814	0.08234252019105141	0.19762204845852338
Sordariales	Sordariales	123.37853257321093	2.447917505051915	0.8749030476830749	2.797930023828936	0.005143125378594122	0.030858752271564732
Tremellales	Tremellales	28.535599159353385	-0.08505354417463781	0.9197726924676736	-0.09247235199649843	0.9263227569918346	0.9263227569918346
Ustilaginales	Ustilaginales	3247.140877482702	-0.1556906417160371	0.9629861896382975	-0.16167484372181423	0.8715619156873606	0.9263227569918346
