Gene	Geneid	baseMean	log2FoldChange	lfcSE	stat	pvalue	padj
Eurotiales	Eurotiales	48.3673094999929	1.3399009938233108	0.17003530840703135	7.880133875582178	3.2703050103848144e-15	1.3081220041539258e-14
Glomerellales	Glomerellales	56.20915663941266	1.1815426837444774	0.2105676823619595	5.611225191306618	2.0089912696858004e-8	4.821579047245921e-8
Helotiales	Helotiales	29.976395381227597	-0.2682545524244429	0.18004655697436087	-1.489917702023278	0.13624587643178407	0.14863186519830987
Hypocreales	Hypocreales	310.35899073266603	2.9315710907779655	0.19710694134974335	14.872997727544426	4.935305495519572e-50	5.922366594623486e-49
Magnaporthales	Magnaporthales	23.503974511143614	0.7310108808289741	0.14662085097184677	4.985722535257542	6.173068128221585e-7	1.234613625644317e-6
Malasseziales	Malasseziales	852.7013023021779	1.99066112263168	0.30205389891540396	6.590416908305505	4.385932098947236e-11	1.3157796296841707e-10
Mycosphaerellales	Mycosphaerellales	45.22163059466893	1.0369735358332377	0.21157461845286782	4.901218980878101	9.524381843452775e-7	1.6327511731633328e-6
Saccharomycetales	Saccharomycetales	201.06827247939785	-0.44382919984338626	0.18771170412479984	-2.3644194266560334	0.018058355003456338	0.024077806671275116
Schizosaccharomycetales	Schizosaccharomycetales	20.24827999486588	-1.6724508081320792	0.1504664999312927	-11.115104085598906	1.0592703722456823e-28	6.355622233474094e-28
Sordariales	Sordariales	123.37853257321093	0.3449739488344515	0.1876962560315645	1.8379372936263465	0.06607164591494463	0.07928597509793356
Tremellales	Tremellales	28.535599159353385	0.10431502046795561	0.22760840883825453	0.458309167927469	0.6467303384502918	0.6467303384502918
Ustilaginales	Ustilaginales	3247.140877482702	-1.7148797787345638	0.35649122621885654	-4.810440349187633	1.5059814364588744e-6	2.2589721546883116e-6
