Gene	Geneid	baseMean	log2FoldChange	lfcSE	stat	pvalue	padj
Eurotiales	Eurotiales	48.3673094999929	0.9821745666869741	0.4492492611201979	2.186257500430681	0.028796771575836537	0.057593543151673074
Glomerellales	Glomerellales	56.20915663941266	-0.35147185897194444	0.41448637886765133	-0.847969624314656	0.3964548876129525	0.52860651681727
Helotiales	Helotiales	29.976395381227597	0.21592495696241112	0.5106417562510887	0.42285017689826027	0.6724045757832937	0.7330926681489067
Hypocreales	Hypocreales	310.35899073266603	0.6960172163407811	0.3600501634506834	1.9331117910632905	0.05322242786440437	0.07983364179660656
Magnaporthales	Magnaporthales	23.503974511143614	0.30853158829647065	0.5090619379185181	0.6060786818162295	0.5444625064023823	0.6533550076828587
Malasseziales	Malasseziales	852.7013023021779	-1.2779191486785708	0.5179395448357481	-2.4673133407564616	0.013613117530906767	0.04050117544456588
Mycosphaerellales	Mycosphaerellales	45.22163059466893	1.0007297332331087	0.5102350203053672	1.961311343612182	0.04984271482637629	0.07983364179660656
Saccharomycetales	Saccharomycetales	201.06827247939785	0.9812174162453797	0.4106527136511918	2.3894093077364276	0.016875489768569115	0.04050117544456588
Schizosaccharomycetales	Schizosaccharomycetales	20.24827999486588	-1.1664294081160265	0.4562929101947698	-2.556317185857946	0.010578664151500073	0.04050117544456588
Sordariales	Sordariales	123.37853257321093	2.700925064300849	0.5069349079867046	5.3279524091714086	9.932613971499627e-8	5.959568382899776e-7
Tremellales	Tremellales	28.535599159353385	0.1876398496895973	0.5502400963300392	0.3410144970188598	0.7330926681489067	0.7330926681489067
Ustilaginales	Ustilaginales	3247.140877482702	-4.976253028587366	0.6124251385585868	-8.125487860115525	4.455665876437283e-16	5.34679905172474e-15
