Gene	Geneid	baseMean	log2FoldChange	lfcSE	stat	pvalue	padj
Eurotiales	Eurotiales	48.3673094999929	0.6265140010772123	0.19775467775674843	3.1681374528488613	0.00153418966561486	0.0023012844984222898
Glomerellales	Glomerellales	56.20915663941266	1.0126963470653707	0.24321321318578837	4.163821257078583	3.1296515309236545e-5	7.51116367421677e-5
Helotiales	Helotiales	29.976395381227597	-0.4218411347119792	0.21115962628740884	-1.9977357515200955	0.0457453160551165	0.054894379266139805
Hypocreales	Hypocreales	310.35899073266603	-0.8654270020156795	0.2068103087403533	-4.184641506928979	2.856164832249501e-5	7.51116367421677e-5
Magnaporthales	Magnaporthales	23.503974511143614	-0.5926869552479035	0.17594626927496887	-3.3685679025205824	7.555978252582778e-4	0.001295310557585619
Malasseziales	Malasseziales	852.7013023021779	0.24623072397481985	0.3249006455400591	0.757864680648843	0.4485319962064883	0.48930763222525997
Mycosphaerellales	Mycosphaerellales	45.22163059466893	0.9709979892819243	0.24596977714264864	3.947631292599009	7.892823528546375e-5	1.578564705709275e-4
Saccharomycetales	Saccharomycetales	138.7538793201315	-0.4274791597324417	0.1768623153496823	-2.417016643072063	0.01564830161661629	0.020864402155488383
Schizosaccharomycetales	Schizosaccharomycetales	20.24827999486588	-0.8985296665570462	0.18914365210510634	-4.750514524578055	2.0289971945594637e-6	8.115988778237855e-6
Sordariales	Sordariales	123.37853257321093	1.3699090909440859	0.21830231079810866	6.275284425234561	3.489957176763796e-10	2.0939743060582775e-9
Tremellales	Tremellales	28.535599159353385	-0.11546475806031775	0.2597758177448099	-0.44447847017748304	0.6566966913282483	0.6566966913282483
Ustilaginales	Ustilaginales	3247.140877482702	-3.1044302980417657	0.38585412317539286	-8.045606128279271	8.581959253072441e-16	1.0298351103686929e-14
