Gene	Geneid	baseMean	log2FoldChange	lfcSE	stat	pvalue	padj
Eurotiales	Eurotiales	48.3673094999929	0.7309655803521251	0.774122665673864	0.9442503271956633	0.34504174282475863	0.591500130556729
Glomerellales	Glomerellales	56.20915663941266	0.34283544622128026	0.765008609803035	0.4481458663707711	0.6540479280358653	0.8720639040478204
Helotiales	Helotiales	29.976395381227597	-0.2218730470072039	0.8507690421464638	-0.2607911618968	0.7942535604514858	0.9271335060042598
Hypocreales	Hypocreales	310.35899073266603	3.3569870785195817	0.8788237817564469	3.8198637180825874	1.3352542914092875e-4	0.001602305149691145
Magnaporthales	Magnaporthales	23.503974511143614	-0.44477189179529025	0.8022332419084841	-0.5544171801422662	0.579293371098172	0.868940056647258
Malasseziales	Malasseziales	852.7013023021779	1.7181832635523582	0.8332297327585633	2.0620762750076023	0.03920047471465175	0.11760142414395525
Mycosphaerellales	Mycosphaerellales	47.10854086447	0.9561779755833676	0.9172865319071023	1.0423983589897556	0.2972270270039476	0.591500130556729
Saccharomycetales	Saccharomycetales	201.06827247939785	2.0344152212734112	0.8669753825535644	2.346566306509538	0.01894729460908362	0.07578917843633448
Schizosaccharomycetales	Schizosaccharomycetales	20.24827999486588	-1.4079567217308742	0.8108161893525621	-1.7364684378775537	0.08248104040276213	0.19795449696662912
Sordariales	Sordariales	123.37853257321093	2.4488218096548002	0.8671684545394418	2.823928611373881	0.004743894986125852	0.02846336991675511
Tremellales	Tremellales	28.535599159353385	-0.08440389933980483	0.9229319253907884	-0.09145192296177909	0.9271335060042598	0.9271335060042598
Ustilaginales	Ustilaginales	3247.140877482702	-0.15571898102260834	0.9579813095199543	-0.16254908052500452	0.8708734814808095	0.9271335060042598
