Gene	Geneid	baseMean	log2FoldChange	lfcSE	stat	pvalue	padj
Eurotiales	Eurotiales	48.3673094999929	1.225321819325586	1.6683295215907554	0.7344603110285066	0.4626682407853463	0.8338500987442302
Glomerellales	Glomerellales	56.20915663941266	-0.274268182988943	1.3404560822467715	-0.20460810810693278	0.8378783200728138	0.9617673806514748
Helotiales	Helotiales	29.976395381227597	-0.039041388815723034	1.6954356610046037	-0.023027349084181508	0.981628457315908	0.981628457315908
Hypocreales	Hypocreales	310.35899073266603	3.5405895119643307	1.7509070178173274	2.0221459368973305	0.04316127752848146	0.5179353303417775
Magnaporthales	Magnaporthales	23.503974511143614	-0.2634374877211125	1.6003167213319938	-0.16461584398233695	0.8692463596604777	0.9617673806514748
Malasseziales	Malasseziales	852.7013023021779	1.4099739644133256	1.6281955231933911	0.8659733701072546	0.3865047655121747	0.8338500987442302
Mycosphaerellales	Mycosphaerellales	47.10854086447	1.1407196073026198	1.8261528061810999	0.6246572594809979	0.5321960303094573	0.8338500987442302
Saccharomycetales	Saccharomycetales	201.06827247939785	2.2176977674897103	1.7275953746791992	1.2836904983619322	0.19925027032016887	0.7970010812806755
Schizosaccharomycetales	Schizosaccharomycetales	20.24827999486588	-1.2263509134200299	1.616722632729098	-0.7585413159893087	0.4481269888490997	0.8338500987442302
Sordariales	Sordariales	123.37853257321093	2.6321110212849783	1.7280058337965574	1.5232072541688326	0.1277068617883371	0.7662411707300225
Tremellales	Tremellales	28.535599159353385	-0.899734222003346	1.5277123343203751	-0.5889421730718734	0.5559000658294868	0.8338500987442302
Ustilaginales	Ustilaginales	3247.140877482702	-0.2813077017736452	1.8890390565362787	-0.14891576794047232	0.8816200989305186	0.9617673806514748
