Gene	Geneid	baseMean	log2FoldChange	lfcSE	stat	pvalue	padj
Eurotiales	Eurotiales	48.3673094999929	0.5915685661378045	0.2096767298078677	2.8213362860050055	0.004782404071828983	0.008198406980278256
Glomerellales	Glomerellales	56.20915663941266	1.0243765361724793	0.2593849412609324	3.949252146993342	7.839573778199495e-5	1.8814977067678785e-4
Helotiales	Helotiales	29.976395381227597	-0.4439716223777002	0.22397766541619554	-1.9822138138314447	0.04745531525347175	0.06327375367129566
Hypocreales	Hypocreales	310.35899073266603	-0.953830190065295	0.22631820405459852	-4.214553548839521	2.5027276851557632e-5	7.50818305546729e-5
Magnaporthales	Magnaporthales	23.503974511143614	-0.6738441116659354	0.18056864073233922	-3.7317892460894635	1.9012453853750055e-4	3.802490770750011e-4
Malasseziales	Malasseziales	852.7013023021779	0.44853159383330793	0.3578379174297214	1.2534490393165185	0.21004233413418405	0.25205080096102084
Mycosphaerellales	Mycosphaerellales	47.10854086447	0.18127306479847996	0.2686582533471866	0.6747347700657499	0.49984428971967154	0.5452846796941871
Saccharomycetales	Saccharomycetales	201.06827247939785	-0.5960532028495764	0.2210216775794374	-2.696808789876952	0.007000745639893368	0.010501118459840052
Schizosaccharomycetales	Schizosaccharomycetales	20.24827999486588	-0.9149009507614881	0.19669287252750722	-4.651418930462468	3.2965886851530168e-6	1.3186354740612067e-5
Sordariales	Sordariales	123.37853257321093	1.194864813843542	0.22795365619632194	5.241700588537528	1.5910339137368424e-7	9.546203482421054e-7
Tremellales	Tremellales	28.535599159353385	-0.13770873134887346	0.2794452208087219	-0.4927932957677384	0.6221586482959536	0.6221586482959536
Ustilaginales	Ustilaginales	3247.140877482702	-3.3440551811438683	0.422411784798253	-7.916576434393312	2.4413967722619707e-15	2.929676126714365e-14
