Gene	Geneid	baseMean	log2FoldChange	lfcSE	stat	pvalue	padj
Eurotiales	Eurotiales	48.3673094999929	0.4943562389734612	1.8359943178408302	0.2692580440852535	0.7877311162030125	0.952423053260635
Glomerellales	Glomerellales	56.20915663941266	-0.6171036292102152	1.5375247975082003	-0.4013617407734355	0.6881538132671486	0.952423053260635
Helotiales	Helotiales	29.976395381227597	0.18283165819147776	1.8932773219319716	0.09656887349440674	0.9230687762850097	0.952423053260635
Hypocreales	Hypocreales	310.35899073266603	0.18360243344474517	1.955057829287891	0.09391151028592355	0.9251794503633265	0.952423053260635
Magnaporthales	Magnaporthales	23.503974511143614	0.1813344040741807	1.7876606162994206	0.10143670583824534	0.9192037996853502	0.952423053260635
Malasseziales	Malasseziales	852.7013023021779	-0.30820929913902917	1.8181607649334435	-0.16951707741329003	0.8653899409126902	0.952423053260635
Mycosphaerellales	Mycosphaerellales	47.10854086447	0.1845416317192502	2.0385560025653406	0.09052566203087924	0.9278695023174802	0.952423053260635
Saccharomycetales	Saccharomycetales	201.06827247939785	0.18328254621629972	1.9291399038526824	0.09500738948495463	0.9243089575133328	0.952423053260635
Schizosaccharomycetales	Schizosaccharomycetales	20.24827999486588	0.18160580831084425	1.805719543040792	0.1005725440646359	0.9198897928328971	0.952423053260635
Sordariales	Sordariales	123.37853257321093	0.18328921163018053	1.9296077015507291	0.094987810985041235	0.9243245085669999	0.952423053260635
Tremellales	Tremellales	28.535599159353385	-0.8153303226635445	1.7787527951041047	-0.4583719136845128	0.6466852664336462	0.952423053260635
Ustilaginales	Ustilaginales	3247.140877482702	-0.12558872075103497	2.104924500813632	-0.059664240072501526	0.952423053260635	0.952423053260635
