Gene	Geneid	baseMean	log2FoldChange	lfcSE	stat	pvalue	padj
Eurotiales	Eurotiales	48.3673094999929	-0.3577153453643652	0.4678580009497794	-0.7645810152614295	0.4445210775519995	0.5334252930623994
Glomerellales	Glomerellales	56.20915663941266	-1.533291390247434	0.4444087316367947	-3.450182863419882	5.602069460531994e-4	0.0011204138921063987
Helotiales	Helotiales	29.976395381227597	0.4842458803846796	0.5283788730078643	0.9164747213075495	0.3594179600831011	0.5334252930623994
Hypocreales	Hypocreales	310.35899073266603	-2.2353519701083098	0.3916662797491096	-5.707287263892652	1.1479095611889536e-8	6.887457367133722e-8
Magnaporthales	Magnaporthales	23.503974511143614	-0.42450606763832216	0.5226462497266933	-0.8122244593935355	0.41666284701119993	0.5334252930623994
Malasseziales	Malasseziales	852.7013023021779	-3.268576837788118	0.5660126219887177	-5.77474195947042	7.707110503879748e-9	6.887457367133722e-8
Mycosphaerellales	Mycosphaerellales	45.22163059466893	-0.036250570896122686	0.535208003324379	-0.0677317429316391	0.9459991801196118	0.9459991801196118
Saccharomycetales	Saccharomycetales	138.7538793201315	1.4274284801154917	0.39041939974079626	3.6561412702933747	2.560402895585758e-4	6.144966949405819e-4
Schizosaccharomycetales	Schizosaccharomycetales	20.24827999486588	0.5061116812527038	0.46913636164210876	1.078815718912026	0.28066988611193605	0.4811483761918903
Sordariales	Sordariales	123.37853257321093	2.352262325094955	0.5305173479530442	4.433902744502056	9.25423852839913e-6	2.776271558519739e-5
Tremellales	Tremellales	28.535599159353385	0.08408023295185613	0.574498807721688	0.1463540599593171	0.8836418915679494	0.9459991801196118
Ustilaginales	Ustilaginales	3247.140877482702	-3.261380203256946	0.6712123298086026	-4.858939650567704	1.180160967446395e-6	4.72064386978558e-6
