Gene	Geneid	baseMean	log2FoldChange	lfcSE	stat	pvalue	padj
Eurotiales	Eurotiales	48.3673094999929	-1.75303893682285e-4	0.8668685966967976	-2.022266054512534e-4	0.9998386465148267	0.9998386465148267
Glomerellales	Glomerellales	56.20915663941266	-0.5996752520055707	0.7860524315762404	-0.762894722942419	0.4455261836000373	0.8806724344312055
Helotiales	Helotiales	29.976395381227597	0.49857530550965556	0.9096776354805535	0.5480791063377899	0.5836375863391299	0.8806724344312055
Hypocreales	Hypocreales	310.35899073266603	-2.599694488617666	0.856375476747677	-3.0356946914112086	0.0023998223217838533	0.009599289287135413
Magnaporthales	Magnaporthales	23.503974511143614	0.8156379729732254	0.8746582626717417	0.9325218862985044	0.3510668812733793	0.8425605150561103
Malasseziales	Malasseziales	852.7013023021779	-3.247918499749552	0.8944914707462647	-3.631022324941621	2.8230076100752764e-4	0.0016938045660451657
Mycosphaerellales	Mycosphaerellales	47.10854086447	0.10747982840495285	0.9647688518669496	0.11140474549625623	0.9112953971261957	0.994140433228577
Saccharomycetales	Saccharomycetales	201.06827247939785	-0.9935428303500905	0.8680088059365362	-1.1446229848764145	0.2523653667538978	0.7570961002616934
Schizosaccharomycetales	Schizosaccharomycetales	20.24827999486588	0.30160615911006505	0.8512622602133202	0.3543046287926411	0.7231105991884716	0.8806724344312055
Sordariales	Sordariales	123.37853257321093	0.3151709772114744	0.9181562880141421	0.343265064266074	0.731399060528124	0.8806724344312055
Tremellales	Tremellales	28.535599159353385	0.3339244035666427	0.9822731839208814	0.33995064614686576	0.7338936953593379	0.8806724344312055
Ustilaginales	Ustilaginales	3247.140877482702	-4.406830445577924	1.0268986121509156	-4.291397800555489	1.7755191563357464e-5	2.1306229876028957e-4
