Gene	Geneid	baseMean	log2FoldChange	lfcSE	stat	pvalue	padj
Eurotiales	Eurotiales	48.3673094999929	0.9821754882712138	0.44924665390325125	2.1862722398434	0.02879569384618981	0.05759138769237962
Glomerellales	Glomerellales	56.20915663941266	-0.3515819429473889	0.4137837510861912	-0.8496755661005991	0.395505486556631	0.5273406487421746
Helotiales	Helotiales	29.976395381227597	0.21592018927582546	0.5107805565686346	0.42272593680220055	0.6724952297530472	0.7332206973253028
Hypocreales	Hypocreales	310.35899073266603	0.6960415216578363	0.36013012357472035	1.9327500703045757	0.053266993818225104	0.08487822039382986
Magnaporthales	Magnaporthales	23.503974511143614	0.31098293999793275	0.5080744191860833	0.6120814751825453	0.5404838532668212	0.6485806239201855
Malasseziales	Malasseziales	852.7013023021779	-1.2779048252858125	0.5187375857159143	-2.4634899426502224	0.013759175556133117	0.03829807637425238
Mycosphaerellales	Mycosphaerellales	47.10854086447	1.001830934258212	0.5254819820453495	1.9064991160282128	0.056585480262553244	0.08487822039382986
Saccharomycetales	Saccharomycetales	201.06827247939785	0.9798136717860484	0.4065810222782164	2.40988540560946	0.015957531822605158	0.03829807637425238
Schizosaccharomycetales	Schizosaccharomycetales	20.24827999486588	-1.166396673124813	0.4563350441946714	-2.556009423258826	0.010588025149915343	0.03829807637425238
Sordariales	Sordariales	123.37853257321093	2.702930487312468	0.5045445972895158	5.357168626585219	8.453621672466728e-8	5.072173003480038e-7
Tremellales	Tremellales	28.535599159353385	0.18761615768748086	0.55044512593888	0.3408444345246383	0.7332206973253028	0.7332206973253028
Ustilaginales	Ustilaginales	3247.140877482702	-4.97625921192813	0.6118600593235184	-8.133002205487896	4.187870072470178e-16	5.025444086964214e-15
