Gene	Geneid	baseMean	log2FoldChange	lfcSE	stat	pvalue	padj
Eurotiales	Eurotiales	48.3673094999929	0.8869682282617939	0.5392673077702417	1.6447654354001604	0.10001819270372188	0.22733401363982594
Glomerellales	Glomerellales	56.20915663941266	0.9478382015892938	0.5991681180542046	1.5819236254882745	0.11366700681991297	0.22733401363982594
Helotiales	Helotiales	29.976395381227597	-0.25990986112667186	0.5668845297482652	-0.45848818848891376	0.6466017464453553	0.7053837233949329
Hypocreales	Hypocreales	310.35899073266603	-0.4366961853070382	0.4297714954502092	-1.0161124921734863	0.30957582094510683	0.46436373141766024
Magnaporthales	Magnaporthales	23.503974511143614	0.46402266544287984	0.6561471076367996	0.7071930365038394	0.47944652536072413	0.6392620338142988
Malasseziales	Malasseziales	852.7013023021779	-0.34208935780640304	0.6608594528802664	-0.5176431332191027	0.6047072814595371	0.7053837233949329
Mycosphaerellales	Mycosphaerellales	47.10854086447	1.1826962356641442	0.6623759360850974	1.785536235893992	0.0741743791863597	0.2225231375590791
Saccharomycetales	Saccharomycetales	201.06827247939785	-4.345701660660796	0.3987490115614002	-10.898338389966483	1.1738123724630225e-27	1.408574846955627e-26
Schizosaccharomycetales	Schizosaccharomycetales	20.24827999486588	-0.7121000486537519	0.6272800304106753	-1.135218744629166	0.25628367754169473	0.4393434472143338
Sordariales	Sordariales	123.37853257321093	3.1048504318242727	0.6719381490216353	4.620738436037662	3.82376608071711e-6	2.2942596484302663e-5
Tremellales	Tremellales	28.535599159353385	0.03158747255705306	0.6557175245003567	0.04817237816104132	0.9615788636565925	0.9615788636565925
Ustilaginales	Ustilaginales	3247.140877482702	-1.4022477699417752	0.7802666597672234	-1.7971391605532743	0.07231353014843181	0.2225231375590791
