Gene	Geneid	baseMean	log2FoldChange	lfcSE	stat	pvalue	padj
Eurotiales	Eurotiales	48.3673094999929	-0.623472347887088	0.7856769663872882	-0.7935479523524128	0.4274586427906867	0.8549172855813734
Glomerellales	Glomerellales	56.20915663941266	-0.9143766778139031	0.7831156447725609	-1.1676138561622837	0.242962558493106	0.5831101403834543
Helotiales	Helotiales	29.976395381227597	0.045654476682720546	0.8623477004536729	0.05294207505708215	0.957778060336729	0.957778060336729
Hypocreales	Hypocreales	310.35899073266603	0.44562483897326793	0.8929777633834842	0.4990324028728327	0.6177565569792687	0.957778060336729
Magnaporthales	Magnaporthales	23.503974511143614	-1.2073356776771553	0.8100494765458162	-1.4904468339704788	0.13610678591876255	0.4083203577562876
Malasseziales	Malasseziales	852.7013023021779	-0.2755981516882034	0.8700140550871397	-0.3167743671228389	0.7514148153818604	0.957778060336729
Mycosphaerellales	Mycosphaerellales	47.10854086447	-0.0905434849535612	0.9344385671812001	-0.09689613435658163	0.9228088786996897	0.957778060336729
Saccharomycetales	Saccharomycetales	201.06827247939785	2.6099478686557664	0.8799298670401013	2.9660862375715022	0.003016159026660935	0.036193908319931224
Schizosaccharomycetales	Schizosaccharomycetales	20.24827999486588	0.2717253479386215	0.8186277754196085	0.33192783838703954	0.7399437489879269	0.957778060336729
Sordariales	Sordariales	123.37853257321093	2.2163455048945186	0.8801784746611336	2.518063743546791	0.011800196321479396	0.07080117792887637
Tremellales	Tremellales	28.535599159353385	-0.2045737951393264	0.9403788064956233	-0.21754402983802093	0.8277843976346521	0.957778060336729
Ustilaginales	Ustilaginales	3247.140877482702	1.6841109025068084	1.0027193873360523	1.6795435729840875	0.09304615429237723	0.3721846171695089
