Gene	Geneid	baseMean	log2FoldChange	lfcSE	stat	pvalue	padj
Eurotiales	Eurotiales	48.3673094999929	-0.6234723478870875	0.7856769663872888	-0.7935479523524116	0.4274586427906875	0.854917285581375
Glomerellales	Glomerellales	56.20915663941266	-0.9143766778139055	0.7831156447725609	-1.1676138561622869	0.24296255849310477	0.5831101403834514
Helotiales	Helotiales	29.976395381227597	0.045654476682720546	0.8623477004536733	0.05294207505708213	0.957778060336729	0.957778060336729
Hypocreales	Hypocreales	310.35899073266603	0.44562483897327054	0.8929777633834841	0.4990324028728356	0.6177565569792667	0.957778060336729
Magnaporthales	Magnaporthales	23.503974511143614	-1.2073356776771555	0.810049476545816	-1.4904468339704793	0.13610678591876244	0.4083203577562873
Malasseziales	Malasseziales	852.7013023021779	-0.2755981516882046	0.8700140550871391	-0.3167743671228405	0.7514148153818592	0.957778060336729
Mycosphaerellales	Mycosphaerellales	47.10854086447	-0.09054348495356056	0.9344385671812	-0.09689613435658095	0.9228088786996903	0.957778060336729
Saccharomycetales	Saccharomycetales	201.06827247939785	2.609947868655765	0.8799298670401002	2.9660862375715045	0.003016159026660913	0.036193908319930954
Schizosaccharomycetales	Schizosaccharomycetales	20.24827999486588	0.2717253479386223	0.8186277754196101	0.3319278383870399	0.7399437489879267	0.957778060336729
Sordariales	Sordariales	123.37853257321093	2.2163455048945195	0.8801784746611331	2.5180637435467936	0.011800196321479302	0.07080117792887582
Tremellales	Tremellales	28.535599159353385	-0.2045737951393252	0.9403788064956233	-0.21754402983801965	0.8277843976346531	0.957778060336729
Ustilaginales	Ustilaginales	3247.140877482702	1.6841109025068188	1.0027193873360518	1.6795435729840986	0.09304615429237506	0.37218461716950024
