Gene	Geneid	baseMean	log2FoldChange	lfcSE	stat	pvalue	padj
Eurotiales	Eurotiales	48.3673094999929	0.4943562389734609	1.8359943178408282	0.26925804408525367	0.7877311162030124	0.9524230532606344
Glomerellales	Glomerellales	56.20915663941266	-0.6171036292102233	1.537524797508199	-0.40136174077344117	0.6881538132671445	0.9524230532606344
Helotiales	Helotiales	29.976395381227597	0.18283165819148087	1.8932773219319727	0.09656887349440833	0.9230687762850084	0.9524230532606344
Hypocreales	Hypocreales	310.35899073266603	0.18360243344474877	1.955057829287892	0.09391151028592536	0.925179450363325	0.9524230532606344
Magnaporthales	Magnaporthales	23.503974511143614	0.1813344040741778	1.78766061629942	0.10143670583824375	0.9192037996853514	0.9524230532606344
Malasseziales	Malasseziales	852.7013023021779	-0.3082092991390329	1.8181607649334441	-0.16951707741329203	0.8653899409126886	0.9524230532606344
Mycosphaerellales	Mycosphaerellales	47.10854086447	0.18454163171925225	2.038556002565341	0.09052566203088022	0.9278695023174794	0.9524230532606344
Saccharomycetales	Saccharomycetales	201.06827247939785	0.18328254621629875	1.9291399038526844	0.09500738948495402	0.9243089575133333	0.9524230532606344
Schizosaccharomycetales	Schizosaccharomycetales	20.24827999486588	0.18160580831084416	1.805719543040787	0.10057254406463613	0.9198897928328968	0.9524230532606344
Sordariales	Sordariales	123.37853257321093	0.18328921163017797	1.9296077015507287	0.09498781098503994	0.924324508567001	0.9524230532606344
Tremellales	Tremellales	28.535599159353385	-0.8153303226635411	1.7787527951041056	-0.45837191368451063	0.6466852664336478	0.9524230532606344
Ustilaginales	Ustilaginales	3247.140877482702	-0.12558872075103691	2.104924500813632	-0.05966424007250245	0.9524230532606344	0.9524230532606344
