Gene	Geneid	baseMean	log2FoldChange	lfcSE	stat	pvalue	padj
Eurotiales	Eurotiales	48.3673094999929	-0.3577264271363367	0.46799832122325036	-0.7643754494702334	0.4446435347172299	0.53357224166067585
Glomerellales	Glomerellales	56.20915663941266	-1.533014542716422	0.4449453520722233	-3.445399610484264	5.702157284173226e-4	0.0013685177482015741
Helotiales	Helotiales	29.976395381227597	0.48417950938685406	0.5285642741464951	0.9160276868289825	0.35965237348618	0.53357224166067585
Hypocreales	Hypocreales	310.35899073266603	-2.2355538744371843	0.3908198321863772	-5.720164869655529	1.0642073762861064e-8	6.385244257716638e-8
Magnaporthales	Magnaporthales	23.503974511143614	-0.4224792925325035	0.521183003230044	-0.8106160214630526	0.41758621326584866	0.53357224166067585
Malasseziales	Malasseziales	852.7013023021779	-3.2685802713102508	0.5657177812697801	-5.777757708046172	7.570271680560183e-9	6.385244257716638e-8
Mycosphaerellales	Mycosphaerellales	45.22163059466893	-0.03624380260012929	0.5354690654304349	-0.06768608112028814	0.9460355295563958	0.9460355295563958
Saccharomycetales	Saccharomycetales	201.06827247939785	1.425046616088766	0.43446211830831777	3.2800250149254118	0.0010379788289634124	0.002075957657926825
Schizosaccharomycetales	Schizosaccharomycetales	20.24827999486588	0.5060214000160528	0.4693151723161622	1.078212318427163	0.28093901584324604	0.4816097414455646
Sordariales	Sordariales	123.37853257321093	2.3559511154663975	0.52656746934474	4.474167609324861	7.670955355298727e-6	2.301286606589618e-5
Tremellales	Tremellales	28.535599159353385	0.08332482922164168	0.5769357360299567	0.1444265349118799	0.8851636646367668	0.9460355295563958
Ustilaginales	Ustilaginales	3247.140877482702	-3.2613732498528023	0.6682502976947471	-4.880466587300465	1.058351446172311e-6	4.233405784689244e-6
