Gene	Geneid	baseMean	log2FoldChange	lfcSE	stat	pvalue	padj
Eurotiales	Eurotiales	48.3673094999929	0.4943598709548253	1.8359712641797443	0.26926340330042703	0.7877269924011492	0.9524611465526763
Glomerellales	Glomerellales	56.20915663941266	-0.6171297245929426	1.5396205206053348	-0.40083235858034993	0.6885435532745491	0.9524611465526763
Helotiales	Helotiales	29.976395381227597	0.1828376404016392	1.89285386391755	0.09659363772712426	0.9230491092268613	0.9524611465526763
Hypocreales	Hypocreales	310.35899073266603	0.18355557136212228	1.9548381789489124	0.09389809005102273	0.9251901110542026	0.9524611465526763
Magnaporthales	Magnaporthales	23.503974511143614	0.1813958358016352	1.7907604453973418	0.10129542243791648	0.9193159498704724	0.9524611465526763
Malasseziales	Malasseziales	852.7013023021779	-0.3082083830643867	1.8154972320513734	-0.16976527290880788	0.8651947386423574	0.9524611465526763
Mycosphaerellales	Mycosphaerellales	45.22163059466893	0.18409631597890613	1.9967916650822335	0.09219605590216871	0.9265422716341346	0.9524611465526763
Saccharomycetales	Saccharomycetales	201.06827247939785	0.18336211475141484	1.9384273110068948	0.09459323736837437	0.9246379215481919	0.9524611465526763
Schizosaccharomycetales	Schizosaccharomycetales	20.24827999486588	0.18162158123951302	1.8055901239239829	0.10058848840223246	0.9198771352789894	0.9524611465526763
Sordariales	Sordariales	123.37853257321093	0.18337115833744347	1.93644004562611	0.0946949835868293	0.9245571025914078	0.9524611465526763
Tremellales	Tremellales	28.535599159353385	-0.8153088677337561	1.7780388816549546	-0.45854389133205387	0.646561736768059	0.9524611465526763
Ustilaginales	Ustilaginales	3247.140877482702	-0.12559870747045623	2.106780713257879	-0.05961641222556721	0.9524611465526763	0.9524611465526763
