Gene	Geneid	baseMean	log2FoldChange	lfcSE	stat	pvalue	padj
Eurotiales	Eurotiales	48.3673094999929	0.24297102716068736	1.8256401618355254	0.13308812560104985	0.894123686002488	0.9018326949060549
Glomerellales	Glomerellales	56.20915663941266	-0.5223614920471262	1.4978264054810102	-0.3487463501348647	0.7272797438627355	0.9018326949060549
Helotiales	Helotiales	29.976395381227597	0.2436137274181013	1.8550252570061696	0.13132636685026605	0.8955171346873548	0.9018326949060549
Hypocreales	Hypocreales	310.35899073266603	0.24485350168882494	1.915557526233677	0.12782362227995836	0.8982885555327279	0.9018326949060549
Magnaporthales	Magnaporthales	23.503974511143614	0.2412175452541784	1.7515424829570465	0.13771721074497845	0.8904639168033881	0.9018326949060549
Malasseziales	Malasseziales	852.7013023021779	-0.5600397100504141	1.78382929961076	-0.31395364465233155	0.7535562461054166	0.9018326949060549
Mycosphaerellales	Mycosphaerellales	47.10854086447	0.24636850144935896	1.997368692956051	0.12334653202396013	0.9018326949060549	0.9018326949060549
Saccharomycetales	Saccharomycetales	201.06827247939785	0.24434126535356865	1.8901632040962062	0.1292699301436259	0.8971440640333957	0.9018326949060549
Schizosaccharomycetales	Schizosaccharomycetales	20.24827999486588	0.24165191881484965	1.769236511685679	0.13658542383607633	0.8913584986074937	0.9018326949060549
Sordariales	Sordariales	123.37853257321093	0.24435151118398651	1.8906215592234512	0.1292440097236333	0.8971645734892291	0.9018326949060549
Tremellales	Tremellales	28.535599159353385	-0.7534259761241855	1.7308309413730898	-0.4352972656743028	0.6633466693659673	0.9018326949060549
Ustilaginales	Ustilaginales	3247.140877482702	0.2881210645765579	2.0612172579716255	0.1397819970031146	0.8888322379421967	0.9018326949060549
