Gene	Geneid	baseMean	log2FoldChange	lfcSE	stat	pvalue	padj
Eurotiales	Eurotiales	48.3673094999929	-0.7483320748380765	0.24731144580604922	-3.02586915214974	0.002479195647791152	0.0042500496819276885
Glomerellales	Glomerellales	56.20915663941266	-0.15766689364756536	0.3061667125360528	-0.5149707240920229	0.6065734778939327	0.6617165213388356
Helotiales	Helotiales	29.976395381227597	-0.17579743792723188	0.2621538891200939	-0.6705887084768681	0.5024825777049423	0.6617165213388356
Hypocreales	Hypocreales	310.35899073266603	-3.8854087265431043	0.2725746802717186	-14.254474123091326	4.2045760260227265e-46	5.045491231227272e-45
Magnaporthales	Magnaporthales	23.503974511143614	-1.404359521917196	0.21357889668539454	-6.575366497870069	4.8533472636920904e-11	2.912008358215254e-10
Malasseziales	Malasseziales	852.7013023021779	-1.5420835901311332	0.4235904520573739	-3.6405060185876503	2.7210274670658375e-4	0.001088410986826335
Mycosphaerellales	Mycosphaerellales	45.22163059466893	-0.09606036348909952	0.3081470505327429	-0.3117354630622772	0.7552415743717144	0.7552415743717144
Saccharomycetales	Saccharomycetales	201.06827247939785	-0.15092969481072852	0.26546365887614065	-0.5685512489720821	0.5696607169703158	0.6617165213388356
Schizosaccharomycetales	Schizosaccharomycetales	20.24827999486588	0.7575098954585976	0.2252169090961898	3.363468127231363	7.696972353651828e-4	0.0023090917060955484
Sordariales	Sordariales	123.37853257321093	0.8505976100036097	0.2708876208930756	3.140038689104056	0.00168925523774881	0.00337851047549762
Tremellales	Tremellales	28.535599159353385	-0.24210852420226847	0.32874457150169106	-0.736463945537799	0.46144840153812816	0.6617165213388356
Ustilaginales	Ustilaginales	3247.140877482702	-1.6291729678011566	0.5002553165653313	-3.256682965384124	0.001127222566318844	0.0027053341591652255
