Gene	Geneid	baseMean	log2FoldChange	lfcSE	stat	pvalue	padj
Eurotiales	Eurotiales	48.3673094999929	-0.467469699977418	0.5557262389832832	-0.8411870219276797	0.40024316987399094	0.8004863397479819
Glomerellales	Glomerellales	56.20915663941266	-0.3093739224458884	0.6221208944044994	-0.4972890723145127	0.6189852166658383	0.8717473890838838
Helotiales	Helotiales	29.976395381227597	0.0076176625632509145	0.5841178875182735	0.01304131019787098	0.9895948348857282	0.9895948348857282
Hypocreales	Hypocreales	310.35899073266603	-3.348058424853355	0.45801928156075017	-7.309863491869784	2.6741391276571663e-13	1.6044834765942998e-12
Magnaporthales	Magnaporthales	23.503974511143614	-0.2985411204389858	0.6656808705411986	-0.44847483779468056	0.6538105418129129	0.8717473890838838
Malasseziales	Malasseziales	852.7013023021779	-2.3358707730469637	0.7066738780284576	-3.305443777777362	9.48261264779548e-4	0.0028447837943386444
Mycosphaerellales	Mycosphaerellales	47.10854086447	0.13597477512721867	0.6859320685166613	0.19823358808878294	0.842862309403934	0.977849984122198
Saccharomycetales	Saccharomycetales	201.06827247939785	-3.770169013278459	0.4261820059431453	-8.846382439199973	9.040207115418937e-19	1.0848248538502724e-17
Schizosaccharomycetales	Schizosaccharomycetales	20.24827999486588	0.9675820210157439	0.6373451163647952	1.518144559629656	0.12897796005195042	0.309547104124681
Sordariales	Sordariales	123.37853257321093	2.872374127063986	0.6886464484161595	4.171043259818233	3.0320828870521787e-5	1.2128331548208715e-4
Tremellales	Tremellales	28.535599159353385	-0.08858242324246998	0.6800547815720904	-0.13025777575990713	0.8963624854453482	0.977849984122198
Ustilaginales	Ustilaginales	3247.140877482702	0.43758211358764715	0.8345862348292178	0.5243102453962591	0.6000627720408191	0.8717473890838838
