Gene	Geneid	baseMean	log2FoldChange	lfcSE	stat	pvalue	padj
Eurotiales	Eurotiales	17.260710318749823	-0.8425171275376175	0.18318949917848731	-4.599156236115513	4.242055625842034e-6	9.956339202252506e-6
Glomerellales	Glomerellales	25.06026340087595	-0.2087792479644448	0.21704485792160583	-0.961917503891539	0.3360910452139884	0.3697001497353873
Helotiales	Helotiales	17.3264310681686	-0.1753205734779622	0.1972118620351063	-0.8889960860810332	0.3740051832756296	0.3740051832756296
Hypocreales	Hypocreales	174.23925385951267	-3.9815419610790714	0.32768740243961303	-12.150427301863699	5.70665563116848e-34	6.277321194285328e-33
Magnaporthales	Magnaporthales	13.833323441518928	-1.5224549457078016	0.2057574094677001	-7.399271548210259	1.369335791728926e-13	7.531346854509094e-13
Malasseziales	Malasseziales	440.8081931342743	-1.6348297456903302	0.5660011206105983	-2.888386058187812	0.003872242913354363	0.006084953149556856
Mycosphaerellales	Mycosphaerellales	16.866747893073093	-0.7916288898565903	0.24180711014334183	-3.2738031953953604	0.0010611048630613695	0.0019453589156125108
Saccharomycetales	Saccharomycetales	156.29680978419012	-0.021742103279505275	0.30347147736968105	-0.07164463516622227	NA	NA
Schizosaccharomycetales	Schizosaccharomycetales	14.88915649320571	0.7130799335519014	0.15269843365974167	4.669857551655436	3.014086648749616e-6	9.956339202252506e-6
Sordariales	Sordariales	40.51565532898135	0.8624991944153722	0.18808628278713926	4.585657080540416	4.5256087282965935e-6	9.956339202252506e-6
Tremellales	Tremellales	13.557550994677666	0.3123696717081424	0.1676630586849872	1.8630798827011523	0.0624510281376423	0.0763290343904517
Ustilaginales	Ustilaginales	3582.1094366845973	-1.6087418669389189	0.6432145364945093	-2.501096874623653	0.012380930637307438	0.017023779626297728
