Gene	Geneid	baseMean	log2FoldChange	lfcSE	stat	pvalue	padj
Eurotiales	Eurotiales	48.3673094999929	-0.3907822260270941	0.7704563186312002	-0.507208801559784	0.6120083200196701	0.8160110933595601
Glomerellales	Glomerellales	56.20915663941266	0.776283227114296	0.7168974684548054	1.08283717166346	0.2788807031378935	0.557761406275787
Helotiales	Helotiales	29.976395381227597	-0.16131650614387585	0.7853550904719687	-0.20540581973808908	0.8372550737252977	0.9133691713366884
Hypocreales	Hypocreales	310.35899073266603	-4.249566200340801	0.8092621211667923	-5.251161631306536	1.5114297710411042e-7	1.813715725249325e-6
Magnaporthales	Magnaporthales	23.503974511143614	-0.1691890786906445	0.7345015282792877	-0.23034544133216814	0.8178233527203415	0.9133691713366884
Malasseziales	Malasseziales	852.7013023021779	-1.5214820806304317	0.8118339014563982	-1.87412976706313	0.06091254140710142	0.18273762422130427
Mycosphaerellales	Mycosphaerellales	47.10854086447	-0.713078041054781	0.8525402519353313	-0.8364156876300439	0.4029210902188181	0.6867924332182245
Saccharomycetales	Saccharomycetales	201.06827247939785	-2.5694097049857176	0.7981113590637666	-3.2193624057672756	0.0012847600125420993	0.0077085600752525955
Schizosaccharomycetales	Schizosaccharomycetales	20.24827999486588	0.5531018814733915	0.7450462060882331	0.742372589718133	0.457861622145483	0.6867924332182245
Sordariales	Sordariales	123.37853257321093	-1.19289469625745	0.8002553267171424	-1.4906426192138171	0.13605534853495224	0.32653283648388537
Tremellales	Tremellales	28.535599159353385	0.008599514530286893	0.8602095108827094	0.009997000058116596	0.9920236808584074	0.9920236808584074
Ustilaginales	Ustilaginales	3247.140877482702	-2.774626414793665	0.9265957820854979	-2.994430223445208	0.002749579382347991	0.010998317529391965
