Gene	Geneid	baseMean	log2FoldChange	lfcSE	stat	pvalue	padj
Eurotiales	Eurotiales	17.260710318749823	0.4135171564289632	1.5670080957001027	0.26388961075801803	0.7918649813889431	0.9911526571056067
Glomerellales	Glomerellales	25.06026340087595	-0.6365191833161272	1.1048096376289447	-0.5761347128381089	0.5645241299151256	0.9911526571056067
Helotiales	Helotiales	17.3264310681686	0.017588348577599066	1.5861467516955121	0.01108872716777183	0.9911526571056067	0.9911526571056067
Hypocreales	Hypocreales	174.23925385951267	4.157904110129648	1.8733461443387656	2.2195065886220733	0.026452279481263233	0.2909750742938956
Magnaporthales	Magnaporthales	13.833323441518928	0.593867683607821	1.5974802171006726	0.37175276241332994	0.7100769370707379	0.9911526571056067
Malasseziales	Malasseziales	440.8081931342743	1.4784819315670699	2.110652142763419	0.7004858363971498	0.4836239473927034	0.9911526571056067
Mycosphaerellales	Mycosphaerellales	16.866747893073093	0.0583808552308791	1.6685182438051192	0.03498964152632778	0.9720880006815165	0.9911526571056067
Saccharomycetales	Saccharomycetales	156.29680978419012	2.8118756312285162	1.812814617847961	1.5511104133563125	NA	NA
Schizosaccharomycetales	Schizosaccharomycetales	14.88915649320571	-0.29893457611709195	1.5202648679434547	-0.19663321992139243	0.8441145723578134	0.9911526571056067
Sordariales	Sordariales	40.51565532898135	1.3542784767496596	1.582796888069646	0.8556236665345711	0.3922059749002335	0.9911526571056067
Tremellales	Tremellales	13.557550994677666	-1.7252512491312662	1.150422977968691	-1.4996668896318057	0.13370071140506817	0.49023594181858327
Ustilaginales	Ustilaginales	3582.1094366845973	3.674256900181073	2.3739925677829126	1.5477120484890505	0.12169163995609995	0.49023594181858327
