Gene	Geneid	baseMean	log2FoldChange	lfcSE	stat	pvalue	padj
Eurotiales	Eurotiales	48.3673094999929	-0.25120990791908887	0.8884673874577812	-0.28274522111373057	0.7773721486054198	0.8712179565625314
Glomerellales	Glomerellales	56.20915663941266	0.6944173891686661	0.8592886518414105	0.8081305248016091	0.41901544709128774	0.8476347893271516
Helotiales	Helotiales	29.976395381227597	-0.43779323628303	0.9853393903141429	-0.44430704850179	0.656820605931498	0.8712179565625314
Hypocreales	Hypocreales	310.35899073266603	2.660945556861748	0.9414188423461156	2.8265267670130645	0.004705581116341738	0.01882232446536695
Magnaporthales	Magnaporthales	23.503974511143614	-0.755754831793221	0.9449108349070112	-0.79981602906225	0.4238173946635758	0.8476347893271516
Malasseziales	Malasseziales	852.7013023021779	2.9960880888381696	0.961132971149941	3.1172461862935785	0.0018254906077759148	0.01095294364665549
Mycosphaerellales	Mycosphaerellales	47.10854086447	-0.04565295867484518	1.0473814097677212	-0.04358771145744288	0.9652330472252786	0.9652330472252786
Saccharomycetales	Saccharomycetales	201.06827247939785	1.0546015494873606	0.9498963720853729	1.1102280001050233	0.2669007899507033	0.80070236985211
Schizosaccharomycetales	Schizosaccharomycetales	20.24827999486588	-0.24156004860605526	0.9247013947763069	-0.2612303279422334	0.7939148915587259	0.8712179565625314
Sordariales	Sordariales	123.37853257321093	-0.25410867765766487	0.9959653462361797	-0.2551380714378856	0.7986164601823206	0.8712179565625314
Tremellales	Tremellales	28.535599159353385	-0.27202005702728804	1.0644465070290605	-0.2555507066170133	0.7982977850718622	0.8712179565625314
Ustilaginales	Ustilaginales	3247.140877482702	4.820540230905522	1.1120302735102718	4.334900178291768	1.4582627990057556e-5	1.7499153588069067e-4
