Gene	Geneid	baseMean	log2FoldChange	lfcSE	stat	pvalue	padj
Eurotiales	Eurotiales	48.3673094999929	-0.29539970882482447	0.5683869816659055	-0.5197158245233326	0.6032616557780777	0.8815885834378554
Glomerellales	Glomerellales	56.20915663941266	0.07611363175953888	0.6397823347141488	0.11896801088380476	0.9053006993703486	0.9053006993703486
Helotiales	Helotiales	29.976395381227597	-0.18405613069992782	0.5978702741887297	-0.3078529551409455	0.7581942246600752	0.8815885834378554
Hypocreales	Hypocreales	310.35899073266603	-0.5171501594476712	0.4691032656811999	-1.10242285074844	0.2702778817751113	0.5490587830710149
Magnaporthales	Magnaporthales	23.503974511143614	-1.136221413336003	0.6754341473539117	-1.6822090173961095	0.09252831615917219	0.2775849484775166
Malasseziales	Malasseziales	852.7013023021779	0.7906658084582983	0.7235949063985032	1.0926912302266225	0.27452939153550743	0.5490587830710149
Mycosphaerellales	Mycosphaerellales	45.22163059466893	-0.23793448041386228	0.6816295819748299	-0.3490671278152484	0.7270389144176903	0.8815885834378554
Saccharomycetales	Saccharomycetales	201.06827247939785	3.750244685628772	0.4464096745595521	8.400903697548518	4.4305564299573425e-17	5.316667715948811e-16
Schizosaccharomycetales	Schizosaccharomycetales	20.24827999486588	-0.20279666334595606	0.6492354191792424	-0.31236229163579793	0.7547652045554827	0.8815885834378554
Sordariales	Sordariales	123.37853257321093	-1.9081462967902205	0.7023694294256985	-2.7167274326709254	0.006593087952024862	0.03955852771214917
Tremellales	Tremellales	28.535599159353385	-0.16927678976221042	0.6970472740270226	-0.24284836347505467	0.8081228681513675	0.8815885834378554
Ustilaginales	Ustilaginales	3247.140877482702	-1.9418099785268472	0.8562151103485407	-2.267899684387013	0.023335321596877776	0.0933412863875111
