Gene	Geneid	baseMean	log2FoldChange	lfcSE	stat	pvalue	padj
Eurotiales	Eurotiales	17.260710318749823	-0.1180594557362254	0.49662991412807694	-0.23772119314137566	0.8120973450556882	0.9434692894041896
Glomerellales	Glomerellales	25.06026340087595	0.41736813572271897	0.5261774033103377	0.7932080190006879	0.4276566362320166	0.8761574230634517
Helotiales	Helotiales	17.3264310681686	-0.37389730433795754	0.5268551140967308	-0.7096776596332134	0.4779040489437009	0.8761574230634517
Hypocreales	Hypocreales	174.23925385951267	-0.03822909174819783	0.5391203961157447	-0.07091011956444393	0.9434692894041896	0.9434692894041896
Magnaporthales	Magnaporthales	13.833323441518928	1.149146809971038	0.668751371169367	1.7183468468433343	0.08573336926787212	0.23576676548664832
Malasseziales	Malasseziales	440.8081931342743	-0.4756885832797643	0.9129546560671521	-0.5210429456912428	0.6023368547760386	0.9434692894041896
Mycosphaerellales	Mycosphaerellales	16.866747893073093	-0.09663637058088348	0.6050278015026987	-0.1597221984524829	0.8730999135585197	0.9434692894041896
Saccharomycetales	Saccharomycetales	156.29680978419012	-3.746678296138391	0.48829698800952903	-7.672949840242052	NA	NA
Schizosaccharomycetales	Schizosaccharomycetales	14.88915649320571	0.05369460792925483	0.5930724171988895	0.09053634323925759	0.9278610147988551	0.9434692894041896
Sordariales	Sordariales	40.51565532898135	1.6753323434986438	0.6193565041370696	2.704956406057014	0.006831335383691305	0.07514468922060435
Tremellales	Tremellales	13.557550994677666	-1.0021898353002832	0.5106754743490186	-1.9624788846141874	0.04970675659746495	0.18225810752403815
Ustilaginales	Ustilaginales	3582.1094366845973	2.3509568820965088	1.0368794736095994	2.267338627036684	0.023369547525821283	0.12853251139201705
