Gene	Geneid	baseMean	log2FoldChange	lfcSE	stat	pvalue	padj
Eurotiales	Eurotiales	17.260710318749823	0.3785365352355309	0.7137590559154819	0.5303421821387782	0.5958747053015647	0.8648652981239701
Glomerellales	Glomerellales	25.06026340087595	0.07431678938589054	0.5997350785720759	0.12391602899539114	0.901381761463009	0.980691749266464
Helotiales	Helotiales	17.3264310681686	-0.017538756600852214	0.7246921191522034	-0.024201665972813813	0.980691749266464	0.980691749266464
Hypocreales	Hypocreales	174.23925385951267	4.120932678820219	0.8596420536924682	4.793777434595421	1.6366984863684275e-6	1.80036833500527e-5
Magnaporthales	Magnaporthales	13.833323441518928	0.5586430384245942	0.7289837228282376	0.7663312923603111	0.4434792034106157	0.8130452062527954
Malasseziales	Malasseziales	440.8081931342743	2.2407324019888533	1.0113970630070002	2.215482409378269	0.026726970423281097	0.09799889155203069
Mycosphaerellales	Mycosphaerellales	16.866747893073093	0.022648388266044994	0.76677467941508	0.029537214613453197	0.9764361389107866	0.980691749266464
Saccharomycetales	Saccharomycetales	156.29680978419012	2.775232362919303	0.8311108736131068	3.3391842785722123	NA	NA
Schizosaccharomycetales	Schizosaccharomycetales	14.88915649320571	-0.33351773968826576	0.6903060057042378	-0.4831447748278199	0.62899294409016	0.8648652981239701
Sordariales	Sordariales	40.51565532898135	1.319166891560583	0.7197376047003264	1.8328441961981936	0.06682574447121747	0.18377079729584805
Tremellales	Tremellales	13.557550994677666	-0.7599791457963638	0.7005308611068333	-1.0848617641135792	0.277982884987414	0.6115623469723109
Ustilaginales	Ustilaginales	3582.1094366845973	3.575255012611121	1.1249995245661135	3.1780057987046835	0.0014829178500212227	0.008156048175116726
