Gene	Geneid	baseMean	log2FoldChange	lfcSE	stat	pvalue	padj
Eurotiales	Eurotiales	48.3673094999929	0.46292983405033217	1.6779284968599237	0.2758936599006807	0.782629743667498	0.9453166846921839
Glomerellales	Glomerellales	56.20915663941266	-0.46526105810137824	1.3548581113394158	-0.3434020538441624	0.7312960146270078	0.9453166846921839
Helotiales	Helotiales	29.976395381227597	0.2702568795182257	1.7060562913003448	0.15841029448813654	0.8741335023729242	0.9453166846921839
Hypocreales	Hypocreales	310.35899073266603	4.230216184715488	1.7581536337299621	2.406056048549631	0.016125790453706195	0.19350948544447433
Magnaporthales	Magnaporthales	23.503974511143614	0.6931406841613335	1.6075213592120419	0.4311859871654147	0.6663331420142526	0.9453166846921839
Malasseziales	Malasseziales	852.7013023021779	1.536081853356062	1.6467771112767517	0.9327806676673643	0.35093322478161154	0.8318009863657454
Mycosphaerellales	Mycosphaerellales	47.10854086447	0.14922078095456467	1.840180577628238	0.08109029231625275	0.9353701458730299	0.9453166846921839
Saccharomycetales	Saccharomycetales	201.06827247939785	2.879817046063124	1.7350700288842265	1.6597699217449173	0.09696074684533142	0.38784298738132567
Schizosaccharomycetales	Schizosaccharomycetales	20.24827999486588	-0.11150959892559671	1.6257623603399507	-0.06858911341893768	0.9453166846921839	0.9453166846921839
Sordariales	Sordariales	123.37853257321093	1.4133181204238159	1.7372148649629147	0.8135540104614445	0.4159004931828727	0.8318009863657454
Tremellales	Tremellales	28.535599159353385	-1.3662433353832821	1.5467114683865917	-0.8833213972405857	0.37706264611178	0.8318009863657454
Ustilaginales	Ustilaginales	3247.140877482702	3.6755270254836248	1.911166516192362	1.9231851303079637	0.05445680402041964	0.32674082412251787
