Gene	Geneid	baseMean	log2FoldChange	lfcSE	stat	pvalue	padj
Eurotiales	Eurotiales	48.3673094999929	-0.29539966212398844	0.568383146544194	-0.519719249101662	0.6032592685477458	0.881656529213666
Glomerellales	Glomerellales	56.20915663941266	0.07653833458318214	0.6389090724768808	0.11979534785202431	0.904645267280605	0.904645267280605
Helotiales	Helotiales	29.976395381227597	-0.1840617612510263	0.5980911625617774	-0.30774867239743636	0.7582735806454555	0.881656529213666
Hypocreales	Hypocreales	310.35899073266603	-0.5171340047582639	0.46922058695849883	-1.1021127783636715	0.2704126447171767	0.47193143579781083
Magnaporthales	Magnaporthales	23.503974511143614	-1.137866777108813	0.6739975941696452	-1.6882356657528539	0.09136599931839078	0.2740979979551723
Malasseziales	Malasseziales	852.7013023021779	0.7906209516397081	0.7247063608496431	1.090953514900555	0.275293337548723	0.47193143579781083
Mycosphaerellales	Mycosphaerellales	47.10854086447	-1.0014231708656653	0.7002721329960009	-1.4300485820865647	0.15270307605682307	0.36648738253637536
Saccharomycetales	Saccharomycetales	201.06827247939785	3.7496484578112326	0.43954525620406465	8.530744911669366	1.4540834574543764e-17	1.7449001489452515e-16
Schizosaccharomycetales	Schizosaccharomycetales	20.24827999486588	-0.20280090210773608	0.649289170308605	-0.312342961166818	0.7547798937054006	0.881656529213666
Sordariales	Sordariales	123.37853257321093	-1.9099856179807269	0.699188341711237	-2.7317183425943705	0.006300497781626396	0.03780298668975837
Tremellales	Tremellales	28.535599159353385	-0.16929620390592476	0.697358081706031	-0.2427679671995126	0.8081851517791939	0.881656529213666
Ustilaginales	Ustilaginales	3247.140877482702	-1.941807411202093	0.8554286550608842	-2.2699817216947067	0.023208692083219826	0.0928347683328793
