Gene	Geneid	baseMean	log2FoldChange	lfcSE	stat	pvalue	padj
Eurotiales	Eurotiales	48.3673094999929	0.10444916606939533	0.7914779949336868	0.13196723944061958	0.8950102042142286	0.9858139261189098
Glomerellales	Glomerellales	56.20915663941266	-0.6698698253230797	0.7916522977162523	-0.8461667164429523	0.3974597465918438	0.7949194931836876
Helotiales	Helotiales	29.976395381227597	0.1998340218300914	0.8683087540787565	0.23014166434623584	0.81798169021365	0.9858139261189098
Hypocreales	Hypocreales	310.35899073266603	4.222371494130048	0.8946690310449642	4.719478765458509	2.3644972564379323e-6	2.8373967077255188e-5
Magnaporthales	Magnaporthales	23.503974511143614	0.14607634993776183	0.8188653400499294	0.17838873230225497	0.858417697701759	0.9858139261189098
Malasseziales	Malasseziales	852.7013023021779	1.4719507551293405	0.8712188900623352	1.6895303487095226	0.09111784098247307	0.2733535229474192
Mycosphaerellales	Mycosphaerellales	45.22163059466893	-0.016376422857439694	0.9210304846026589	-0.017780543783525945	0.9858139261189098	0.9858139261189098
Saccharomycetales	Saccharomycetales	138.7538793201315	2.458108392733033	0.8433688882666462	2.9146301540540795	0.0035611028384792075	0.01424441135391683
Schizosaccharomycetales	Schizosaccharomycetales	20.24827999486588	-0.5096581745543382	0.8259859645758988	-0.6170300663837809	0.5372148943997879	0.9209398189710649
Sordariales	Sordariales	123.37853257321093	1.0780084141078292	0.8931268006018546	1.20700488819884	0.2274302614639772	0.5458326275135453
Tremellales	Tremellales	28.535599159353385	0.03041121388567994	0.9445008923463936	0.03219818438723793	0.9743140040789962	0.9858139261189098
Ustilaginales	Ustilaginales	3247.140877482702	2.9487396563257287	1.0100197937066386	2.919486998867859	0.003506080186781726	0.01424441135391683
