Gene	Geneid	baseMean	log2FoldChange	lfcSE	stat	pvalue	padj
Eurotiales	Eurotiales	48.3673094999929	0.6337532531877802	1.6779670928409016	0.37769110961216584	0.7056600729692899	0.8480432537727212
Glomerellales	Glomerellales	56.20915663941266	-1.2986447191614146	1.3586849810139958	-0.9558100202095612	0.3391682249807584	0.8480432537727212
Helotiales	Helotiales	29.976395381227597	0.40493023356197366	1.7061233980204027	0.23733935894192063	0.8123935302180151	0.8480432537727212
Hypocreales	Hypocreales	310.35899073266603	4.494419702029634	1.761005339562067	2.552189707242638	0.0107048214121076	0.1284578569452912
Magnaporthales	Magnaporthales	23.503974511143614	0.4104066239448239	1.607718053223609	0.25527275950028944	0.7985124378925893	0.8480432537727212
Malasseziales	Malasseziales	852.7013023021779	0.9614423705800218	1.655138892885316	0.5808831963968838	0.5613191781727369	0.8480432537727212
Mycosphaerellales	Mycosphaerellales	47.10854086447	0.9594465425041364	1.8402372811866476	0.5213711037771459	0.6021082771839351	0.8480432537727212
Saccharomycetales	Saccharomycetales	201.06827247939785	2.813750970339291	1.7374651181083447	1.6194575309821162	0.10534885705675397	0.44365637365110344
Schizosaccharomycetales	Schizosaccharomycetales	20.24827999486588	-0.31144996265854114	1.625388649310229	-0.1916156869870551	0.8480432537727212	0.8480432537727212
Sordariales	Sordariales	123.37853257321093	1.4372462074414407	1.738783374290544	0.8265815217078804	0.4084742943390323	0.8480432537727212
Tremellales	Tremellales	28.535599159353385	-0.762025490654475	1.546042625097516	-0.49288776278494295	0.622091894343874	0.8480432537727212
Ustilaginales	Ustilaginales	3247.140877482702	3.0627474793702296	1.9213044216558182	1.5940979705499732	0.11091409341277586	0.44365637365110344
