Gene	Geneid	baseMean	log2FoldChange	lfcSE	stat	pvalue	padj
Eurotiales	Eurotiales	48.3673094999929	-0.2953996621239893	0.5683831465441939	-0.5197192491016637	0.6032592685477447	0.8816565292136641
Glomerellales	Glomerellales	56.20915663941266	0.07653833458318546	0.6389090724768803	0.11979534785202958	0.9046452672806009	0.9046452672806009
Helotiales	Helotiales	29.976395381227597	-0.18406176125102836	0.5980911625617774	-0.3077486723974398	0.7582735806454528	0.8816565292136641
Hypocreales	Hypocreales	310.35899073266603	-0.5171340047582568	0.46922058695849844	-1.1021127783636573	0.27041264471718285	0.47193143579780833
Magnaporthales	Magnaporthales	23.503974511143614	-1.1378667771088153	0.6739975941696458	-1.6882356657528563	0.0913659993183903	0.2740979979551709
Malasseziales	Malasseziales	852.7013023021779	0.790620951639711	0.7247063608496435	1.0909535149005585	0.27529333754872154	0.47193143579780833
Mycosphaerellales	Mycosphaerellales	47.10854086447	-1.0014231708656642	0.7002721329960006	-1.4300485820865638	0.1527030760568233	0.36648738253637586
Saccharomycetales	Saccharomycetales	201.06827247939785	3.7496484578112197	0.43954525620406565	8.530744911669318	1.4540834574549794e-17	1.7449001489459753e-16
Schizosaccharomycetales	Schizosaccharomycetales	20.24827999486588	-0.20280090210773624	0.6492891703086034	-0.312342961166819	0.7547798937053998	0.8816565292136641
Sordariales	Sordariales	123.37853257321093	-1.9099856179807306	0.6991883417112384	-2.7317183425943705	0.006300497781626396	0.03780298668975837
Tremellales	Tremellales	28.535599159353385	-0.1692962039059265	0.6973580817060318	-0.24276796719951485	0.8081851517791921	0.8816565292136641
Ustilaginales	Ustilaginales	3247.140877482702	-1.941807411202093	0.8554286550608842	-2.2699817216947067	0.023208692083219826	0.0928347683328793
