Gene	Geneid	baseMean	log2FoldChange	lfcSE	stat	pvalue	padj
Eurotiales	Eurotiales	48.3673094999929	-0.39060692213340786	0.4838106324678923	-0.8073549771755588	0.41946199819904834	0.5033543978388579
Glomerellales	Glomerellales	56.20915663941266	1.3759584791198654	0.4694884043973945	2.930761369678466	0.0033813241306362672	0.011659714668717052
Helotiales	Helotiales	29.976395381227597	-0.659891811653526	0.5452079838329141	-1.2103487682156873	0.2261450916777049	0.3015267889036065
Hypocreales	Hypocreales	310.35899073266603	-1.649871711723141	0.40639651429375273	-4.059758520789319	4.912349263062416e-5	5.894819115674899e-4
Magnaporthales	Magnaporthales	23.503974511143614	-0.9848270516638644	0.5309268739832341	-1.8549203288115412	0.06360760453620953	0.1090416077763592
Malasseziales	Malasseziales	852.7013023021779	1.7264364191191188	0.5979571688918123	2.887224217611949	0.003886571556239017	0.011659714668717052
Mycosphaerellales	Mycosphaerellales	47.10854086447	-0.8205578694597314	0.572512439166583	-1.4332577134118392	0.1517842017931592	0.22767630268973882
Saccharomycetales	Saccharomycetales	201.06827247939785	-1.5758668746356308	0.4466624964188322	-3.5280931066976167	4.185649034053446e-4	0.0025113894204320674
Schizosaccharomycetales	Schizosaccharomycetales	20.24827999486588	0.2514957223633301	0.4861459273594406	0.5173255769710117	0.6049289024288764	0.6049289024288764
Sordariales	Sordariales	123.37853257321093	-1.5080656734689253	0.540304276985044	-2.7911414691812064	0.005252251035780634	0.012605402485873522
Tremellales	Tremellales	28.535599159353385	-0.3253248890363576	0.5994436244166016	-0.5427114006808806	0.5873285234224039	0.6049289024288764
Ustilaginales	Ustilaginales	3247.140877482702	1.6322040307842576	0.7052055414915376	2.314508231645602	0.020639860245202032	0.041279720490404063
