Gene	Geneid	baseMean	log2FoldChange	lfcSE	stat	pvalue	padj
Eurotiales	Eurotiales	48.3673094999929	-0.031347701692989324	0.7944315248795454	-0.039459287189971944	0.9685242123350376	0.9734288215743787
Glomerellales	Glomerellales	56.20915663941266	0.1519590429764799	0.7902695649855531	0.19228760629198452	0.8475169259986554	0.9734288215743787
Helotiales	Helotiales	29.976395381227597	0.08674382336912147	0.8713150223111504	0.09955506464129901	0.9206975697409705	0.9734288215743787
Hypocreales	Hypocreales	310.35899073266603	4.0463841128301015	0.8938835564710006	4.526746334617662	5.989876811307974e-6	7.18785217356957e-5
Magnaporthales	Magnaporthales	23.503974511143614	0.5062429479862076	0.8201190319790871	0.6172798438350553	0.537050159279409	0.9607651057222109
Malasseziales	Malasseziales	852.7013023021779	1.8442939238345406	0.8681566968290216	2.124379078766426	0.03363845798100382	0.10091537394301148
Mycosphaerellales	Mycosphaerellales	45.22163059466893	-0.03077174685408473	0.9238492256410795	-0.03330819142347771	0.9734288215743787	0.9734288215743787
Saccharomycetales	Saccharomycetales	138.7538793201315	2.6998629849780875	0.8431420542744769	3.202144847704599	0.0013640838878759423	0.005456335551503769
Schizosaccharomycetales	Schizosaccharomycetales	20.24827999486588	-0.29333337484276434	0.828432139890459	-0.35408256237083086	0.7232770098550636	0.9734288215743787
Sordariales	Sordariales	123.37853257321093	1.227015062877567	0.8937367488136306	1.3729043418057258	0.16978208664735492	0.40747700795365177
Tremellales	Tremellales	28.535599159353385	-0.5534415909766305	0.9506386624442206	-0.5821787108402022	0.5604463116712897	0.9607651057222109
Ustilaginales	Ustilaginales	3247.140877482702	3.801112831370792	1.006148724021613	3.7778836673147147	1.5816672606811465e-4	9.490003564086879e-4
