Gene	Geneid	baseMean	log2FoldChange	lfcSE	stat	pvalue	padj
Eurotiales	Eurotiales	48.3673094999929	0.13939701421431902	0.7946798560148122	0.17541279442185934	0.8607552879564911	0.9390057686798085
Glomerellales	Glomerellales	56.20915663941266	-0.6815410899511993	0.7965177601745111	-0.8556508392253284	0.39219094015989586	0.7066640095221819
Helotiales	Helotiales	29.976395381227597	0.2220985753704959	0.8718732314628062	0.25473723398740516	0.798926056120619	0.9390057686798085
Hypocreales	Hypocreales	310.35899073266603	4.31081726858489	0.8987745325190671	4.796327791468031	1.6160075926989499e-6	1.9392091112387397e-5
Magnaporthales	Magnaporthales	23.503974511143614	0.22907221987064322	0.8168977319770989	0.2804172553108093	0.7791574000718975	0.9390057686798085
Malasseziales	Malasseziales	852.7013023021779	1.2696516697190507	0.8847236181698912	1.4350828254652097	0.15126349699424238	0.3795058998902093
Mycosphaerellales	Mycosphaerellales	47.10854086447	0.7749049107848862	0.9450152174247319	0.8199919921888511	0.4122206722212728	0.7066640095221819
Saccharomycetales	Saccharomycetales	201.06827247939785	2.6304684241229914	0.8864793127784752	2.9673207103709665	0.00300407428464611	0.01201629713858444
Schizosaccharomycetales	Schizosaccharomycetales	20.24827999486588	-0.4930557709693854	0.8279607980117349	-0.5955061787386667	0.5515051702099849	0.8272577553149774
Sordariales	Sordariales	123.37853257321093	1.2539569958112602	0.8884506680860853	1.4113974369703097	0.1581274582875872	0.3795058998902093
Tremellales	Tremellales	28.535599159353385	0.053304832009069554	0.9529670304314741	0.05593565181886174	0.9553930692335415	0.9553930692335415
Ustilaginales	Ustilaginales	3247.140877482702	3.1883362001212645	1.0201324977396384	3.1254138135838527	0.0017755509120352326	0.010653305472211395
