Gene	Geneid	baseMean	log2FoldChange	lfcSE	stat	pvalue	padj
Eurotiales	Eurotiales	48.3673094999929	0.21978350299596575	0.4836767557022327	0.45440162340832374	0.6495397841291438	0.7794477409549726
Glomerellales	Glomerellales	56.20915663941266	-0.5425748180598299	0.4582957408626165	-1.1838967061718293	0.2364539542040015	0.40534963577828825
Helotiales	Helotiales	29.976395381227597	0.5252184576097837	0.5449979499483942	0.9637072169895622	0.3351927350323969	0.5027891025485953
Hypocreales	Hypocreales	310.35899073266603	1.385668194408992	0.3938559643598975	3.5182105129752377	4.344675576729595e-4	0.002606805346037757
Magnaporthales	Magnaporthales	23.503974511143614	1.2675611118803807	0.5303309600423384	2.390132214380217	0.01684230846090623	0.05052692538271869
Malasseziales	Malasseziales	852.7013023021779	-1.1517969363430756	0.5744065418433644	-2.0051946703928043	0.044942239633557354	0.10786137512053764
Mycosphaerellales	Mycosphaerellales	47.10854086447	0.010332107910162123	0.5723301496614006	0.018052705970976295	0.9855968069631914	0.9855968069631914
Saccharomycetales	Saccharomycetales	201.06827247939785	1.641932950359458	0.43725319232244236	3.7551079767729907	1.7326676447307525e-4	0.002079201173676903
Schizosaccharomycetales	Schizosaccharomycetales	20.24827999486588	-0.05155535863038154	0.48739394095512467	-0.10577759446362987	0.9157588140683853	0.9855968069631914
Sordariales	Sordariales	123.37853257321093	1.4841375864512998	0.5352350661786252	2.7728706137426267	0.005556420821045228	0.02222568328418091
Tremellales	Tremellales	28.535599159353385	-0.27889295569244965	0.601166554853063	-0.46391961336008886	0.6427053401435447	0.7794477409549726
Ustilaginales	Ustilaginales	3247.140877482702	-1.0194244846708647	0.6770979454192271	-1.5055790547993542	0.13217526864568327	0.26435053729136654
