Gene	Geneid	baseMean	log2FoldChange	lfcSE	stat	pvalue	padj
Eurotiales	Eurotiales	48.3673094999929	0.5920459429639584	0.24871118590818586	2.3804556309040232	0.01729124321637576	0.025936864824563637
Glomerellales	Glomerellales	56.20915663941266	1.0662192489227427	0.291424416173141	3.658647627827041	2.535496722243293e-4	5.070993444486586e-4
Helotiales	Helotiales	29.976395381227597	0.04177074464402734	0.26414518716319185	0.15813555072733884	0.8743499876129346	0.8743499876129346
Hypocreales	Hypocreales	310.35899073266603	3.6009889122974723	0.257414968907002	13.989042391697218	1.8184391805893838e-44	2.1821270167072604e-43
Magnaporthales	Magnaporthales	23.503974511143614	1.7191419577643083	0.21112706452757343	8.142688677129723	3.8659539127031026e-16	2.3195723476218616e-15
Malasseziales	Malasseziales	852.7013023021779	2.119889304183296	0.4038451918300668	5.249262210048349	1.5270958049660833e-7	6.108383219864333e-7
Mycosphaerellales	Mycosphaerellales	47.10854086447	0.05522263418887502	0.32207071875517046	0.17146120703650117	0.8638611309920952	0.8743499876129346
Saccharomycetales	Saccharomycetales	201.06827247939785	0.08658663119105942	0.25132427780229427	0.3445215557693686	0.7304540879778193	0.8743499876129346
Schizosaccharomycetales	Schizosaccharomycetales	20.24827999486588	-0.5648407551750633	0.22941591790680257	-2.4620817959306684	0.013813316010813264	0.02367997030425131
Sordariales	Sordariales	123.37853257321093	-0.9863165961008841	0.2631422375251385	-3.748226074906197	1.7808969646055297e-4	4.274152715053271e-4
Tremellales	Tremellales	28.535599159353385	-0.34633921758041236	0.335659491087785	-1.031817144386465	0.3021577862296003	0.40287704830613374
Ustilaginales	Ustilaginales	3247.140877482702	2.117004843727841	0.4767565706080573	4.440431394637738	8.977872328342843e-6	2.693361698502853e-5
