Gene	Geneid	baseMean	log2FoldChange	lfcSE	stat	pvalue	padj
Eurotiales	Eurotiales	48.3673094999929	-0.7623937487755736	0.20936992016842274	-3.641371922778037	2.711890302663183e-4	5.423780605326366e-4
Glomerellales	Glomerellales	56.20915663941266	-0.1905979568567177	0.238986731862831	-0.7975252658215078	0.42514603514041904	0.4637956746986389
Helotiales	Helotiales	29.976395381227597	0.3090451371118389	0.2233427550855279	1.3837258208509684	0.16644242410927698	0.19973090893113238
Hypocreales	Hypocreales	310.35899073266603	0.689648584571809	0.2028870725006112	3.3991746052214906	6.758955225682864e-4	0.001158678038688491
Magnaporthales	Magnaporthales	23.503974511143614	0.9549025167364853	0.1800972648154892	5.302148912226896	1.1444742394277326e-7	3.4334227182831975e-7
Malasseziales	Malasseziales	852.7013023021779	0.12611476661512122	0.31643272538805856	0.39855159247659944	0.6902236359848564	0.6902236359848564
Mycosphaerellales	Mycosphaerellales	45.22163059466893	-0.9854915043843072	0.25650248043691276	-3.8420349881438693	1.2201843710642976e-4	2.928442490554314e-4
Saccharomycetales	Saccharomycetales	201.06827247939785	0.6614382530665988	0.20423165725580364	3.238666629621166	0.0012008984953340899	0.0018013477430011348
Schizosaccharomycetales	Schizosaccharomycetales	20.24827999486588	1.1148441044807382	0.1997143529760747	5.5821932067861635	2.3750432131535382e-8	9.500172852614153e-8
Sordariales	Sordariales	123.37853257321093	-1.2196695600065905	0.21776368730231876	-5.60088587365504	2.1325911378845448e-8	9.500172852614153e-8
Tremellales	Tremellales	28.535599159353385	-0.4666722430178051	0.28296077224687166	-1.649247135255387	0.09909701504608166	0.13212935339477555
Ustilaginales	Ustilaginales	3247.140877482702	3.956829198856381	0.3739470153705497	10.581256264167532	3.640439737411141e-26	4.368527684893369e-25
