Gene	Geneid	baseMean	log2FoldChange	lfcSE	stat	pvalue	padj
Eurotiales	Eurotiales	48.3673094999929	0.2199056965491546	0.48353528203627183	0.4547872817534308	0.6492622809344597	0.7791147371213516
Glomerellales	Glomerellales	56.20915663941266	-0.5424147226459939	0.4585432359049283	-1.1829085682085059	0.23684538553088416	0.4060206609100871
Helotiales	Helotiales	29.976395381227597	0.5246812068983661	0.5446464312676719	0.9633427794196017	0.33537553156614086	0.5030632973492113
Hypocreales	Hypocreales	310.35899073266603	1.3856893736123694	0.394620643203076	3.5114467463357686	4.4567474559548635e-4	0.002674048473572918
Magnaporthales	Magnaporthales	23.503974511143614	1.2583562945186968	0.5331208966624345	2.3603582271798893	0.018257295338744938	0.05477188601623481
Malasseziales	Malasseziales	852.7013023021779	-1.1518018881879808	0.5738230318234683	-2.0072423453060746	0.04472386478717076	0.10733727548920982
Mycosphaerellales	Mycosphaerellales	45.22163059466893	0.015316050290130747	0.5544924703912947	0.027621746205719448	0.977963837317284	0.977963837317284
Saccharomycetales	Saccharomycetales	138.7538793201315	1.6352437021542912	0.39734575334027483	4.115417588857224	3.864790685357394e-5	4.637748822428873e-4
Schizosaccharomycetales	Schizosaccharomycetales	20.24827999486588	-0.0516959344898514	0.4871515569577341	-0.10611879147568158	0.9154881018880878	0.977963837317284
Sordariales	Sordariales	123.37853257321093	1.477180185282015	0.5420474877837614	2.7251859266457945	0.006426528630694726	0.025706114522778906
Tremellales	Tremellales	28.535599159353385	-0.28050084464318853	0.5984564860688306	-0.4687071678105718	0.6392789627869411	0.7791147371213516
Ustilaginales	Ustilaginales	3247.140877482702	-1.0194224515236976	0.6807276408731232	-1.4975481974202685	0.13425067434366042	0.26850134868732084
