Gene	Geneid	baseMean	log2FoldChange	lfcSE	stat	pvalue	padj
Eurotiales	Eurotiales	48.3673094999929	-0.09520593887691536	0.6934862928477329	-0.137285970694477	0.8908047592008128	0.8908047592008128
Glomerellales	Glomerellales	56.20915663941266	1.2992340173093178	0.716630829840214	1.8129753329186324	0.06983562594033105	0.20950687782099314
Helotiales	Helotiales	29.976395381227597	-0.4759208166141581	0.7537270030194504	-0.6314233332593985	0.527763763448693	0.8908047592008128
Hypocreales	Hypocreales	310.35899073266603	-1.1327046926582482	0.5463525041376847	-2.073212228515381	0.03815253283836246	0.15261013135344983
Magnaporthales	Magnaporthales	23.503974511143614	0.15434118395131047	0.8259703778930666	0.18686043480761738	0.8517700611877368	0.8908047592008128
Malasseziales	Malasseziales	852.7013023021779	0.9358308727208193	0.8149830216242107	1.1482826609758894	0.25085189462960306	0.6020445471110473
Mycosphaerellales	Mycosphaerellales	45.22163059466893	0.17811791952489203	0.8101798579961963	0.21984984910070213	0.8259880952837391	0.8908047592008128
Saccharomycetales	Saccharomycetales	201.06827247939785	-5.326220996528266	0.5635316988432257	-9.451502031671902	3.3400290440841943e-21	4.008034852901033e-20
Schizosaccharomycetales	Schizosaccharomycetales	20.24827999486588	0.4542851587885009	0.7687917171374645	0.5909079776249359	0.5545820804429724	0.8908047592008128
Sordariales	Sordariales	123.37853257321093	0.40279279132743273	0.8349946179522687	0.4823896857146663	0.6295291468124397	0.8908047592008128
Tremellales	Tremellales	28.535599159353385	-0.15615656366169972	0.8430045981155248	-0.18523809242651382	0.8530422926256558	0.8908047592008128
Ustilaginales	Ustilaginales	3247.140877482702	3.574010260578493	0.9640577751381845	3.7072573374206828	2.0951601560565726e-4	0.0012570960936339436
