Gene	Geneid	baseMean	log2FoldChange	lfcSE	stat	pvalue	padj
Eurotiales	Eurotiales	48.3673094999929	0.13939701421432055	0.7946798560148115	0.1754127944218614	0.8607552879564896	0.9390057686798068
Glomerellales	Glomerellales	56.20915663941266	-0.681541089951199	0.7965177601745111	-0.855650839225328	0.39219094015989614	0.7066640095221804
Helotiales	Helotiales	29.976395381227597	0.22209857537049632	0.8718732314628062	0.2547372339874056	0.7989260561206186	0.9390057686798068
Hypocreales	Hypocreales	310.35899073266603	4.310817268584876	0.898774532519067	4.796327791468017	1.6160075926990642e-6	1.9392091112388772e-5
Magnaporthales	Magnaporthales	23.503974511143614	0.22907221987064513	0.8168977319770993	0.2804172553108115	0.7791574000718958	0.9390057686798068
Malasseziales	Malasseziales	852.7013023021779	1.2696516697190505	0.8847236181698916	1.4350828254652086	0.1512634969942427	0.37950589989021094
Mycosphaerellales	Mycosphaerellales	47.10854086447	0.7749049107848877	0.9450152174247319	0.8199919921888527	0.41222067222127196	0.7066640095221804
Saccharomycetales	Saccharomycetales	201.06827247939785	2.6304684241229874	0.8864793127784764	2.9673207103709585	0.003004074284646189	0.012016297138584755
Schizosaccharomycetales	Schizosaccharomycetales	20.24827999486588	-0.4930557709693861	0.8279607980117331	-0.595506178738669	0.5515051702099834	0.827257755314975
Sordariales	Sordariales	123.37853257321093	1.2539569958112586	0.8884506680860857	1.4113974369703073	0.1581274582875879	0.37950589989021094
Tremellales	Tremellales	28.535599159353385	0.05330483200906863	0.9529670304314741	0.05593565181886077	0.9553930692335423	0.9553930692335423
Ustilaginales	Ustilaginales	3247.140877482702	3.18833620012126	1.0201324977396384	3.1254138135838483	0.0017755509120352597	0.010653305472211558
