Gene	Geneid	baseMean	log2FoldChange	lfcSE	stat	pvalue	padj
Eurotiales	Eurotiales	48.3673094999929	-0.1560026479096688	0.937209139820213	-0.16645446707828218	0.8677993132212738	0.9701228907302538
Glomerellales	Glomerellales	56.20915663941266	-0.6050027553680135	0.9623733309963775	-0.6286570251709218	0.5295736184866047	0.821097728130483
Helotiales	Helotiales	29.976395381227597	0.038036814119467945	1.0155565012366312	0.037454158457112884	0.9701228907302538	0.9701228907302538
Hypocreales	Hypocreales	310.35899073266603	3.79368326382662	0.9701954798492197	3.910225663405693	9.220993428842496e-5	5.532596057305498e-4
Magnaporthales	Magnaporthales	23.503974511143614	-0.90879455723817	1.0321075028084605	-0.8805231574862652	0.37857596576485014	0.821097728130483
Malasseziales	Malasseziales	852.7013023021779	2.060272621358761	1.0447119803363456	1.9720962907838535	0.04859861532552068	0.1943944613020827
Mycosphaerellales	Mycosphaerellales	47.10854086447	-0.22651826008077655	1.1223272182288397	-0.20182907123846483	0.8400503536449574	0.9701228907302538
Saccharomycetales	Saccharomycetales	201.06827247939785	6.380116881934208	0.946570527877004	6.740244592490873	1.5812022343594734e-11	1.897442681231368e-10
Schizosaccharomycetales	Schizosaccharomycetales	20.24827999486588	-0.6958566730771223	1.0199564860782526	-0.6822415294918132	0.4950862385464049	0.821097728130483
Sordariales	Sordariales	123.37853257321093	-0.6560286221694721	1.0903589300592305	-0.6016629974625285	0.547398485420322	0.821097728130483
Tremellales	Tremellales	28.535599159353385	-0.11599137189685789	1.122507016278004	-0.10333242484439943	0.9176991420478715	0.9701228907302538
Ustilaginales	Ustilaginales	3247.140877482702	1.2465287889191667	1.2128704206765497	1.0277510009880875	0.30406697047291287	0.821097728130483
