Gene	Geneid	baseMean	log2FoldChange	lfcSE	stat	pvalue	padj
Eurotiales	Eurotiales	48.3673094999929	0.33835359106379176	1.7499767035202765	0.19334748307400618	0.8466868417197426	0.9827128994528668
Glomerellales	Glomerellales	56.20915663941266	-1.2221063845782323	1.462103540647025	-0.8358548834629135	0.40323654624747524	0.9827128994528668
Helotiales	Helotiales	29.976395381227597	0.22086847231094742	1.7838299035320562	0.12381700288442234	0.9014601690544746	0.9827128994528668
Hypocreales	Hypocreales	310.35899073266603	3.97728569727137	1.7985058839995607	2.2114388018717994	0.027005465365185905	0.16203279219111544
Magnaporthales	Magnaporthales	23.503974511143614	-0.727460153163989	1.7270441023625367	-0.42121689432762527	0.6735967089031906	0.9827128994528668
Malasseziales	Malasseziales	852.7013023021779	1.75206332221973	1.745901485208142	1.003529315407423	0.31560553984789597	0.9827128994528668
Mycosphaerellales	Mycosphaerellales	47.10854086447	-0.04197662836152902	1.9372758901823888	-0.0216678628863631	0.9827128994528668	0.9827128994528668
Saccharomycetales	Saccharomycetales	201.06827247939785	6.563399428150524	1.7688796535955602	3.710483873116668	2.0686347500539713e-4	0.0024823617000647655
Schizosaccharomycetales	Schizosaccharomycetales	20.24827999486588	-0.5142508647662772	1.731092259746813	-0.2970672775357974	0.7664151460089785	0.9827128994528668
Sordariales	Sordariales	123.37853257321093	-0.47273941053928614	1.8501096263320032	-0.25551967505651624	0.7983217493496872	0.9827128994528668
Tremellales	Tremellales	28.535599159353385	-0.9313216945603998	1.6559358801361381	-0.5624141041522899	0.5738339117305313	0.9827128994528668
Ustilaginales	Ustilaginales	3247.140877482702	1.1209400681681367	2.0302204375586914	0.5521272702367481	0.5808611593861501	0.9827128994528668
