Gene	Geneid	baseMean	log2FoldChange	lfcSE	stat	pvalue	padj
Eurotiales	Eurotiales	48.3673094999929	-0.0314281931185342	0.7946019813128221	-0.03955212025347496	0.9684502000450174	0.9733752555793004
Glomerellales	Glomerellales	56.20915663941266	0.15221126342822092	0.79091197395407975	0.1924503211997879	0.8473894783890917	0.9733752555793004
Helotiales	Helotiales	29.976395381227597	0.08711018602499969	0.8715442754463167	0.09994923778300382	0.9203846259309162	0.9733752555793004
Hypocreales	Hypocreales	310.35899073266603	4.046641183676516	0.8930914325522428	4.531049158216845	5.869147817151666e-6	7.042977380581998e-5
Magnaporthales	Magnaporthales	23.503974511143614	0.5093032028615883	0.8181148570755703	0.622532641299464	0.5335916873599034	0.9657604849304033
Malasseziales	Malasseziales	852.7013023021779	1.8442955253650137	0.8677348089479933	2.125413785809703	0.03355210096985426	0.10065630290956279
Mycosphaerellales	Mycosphaerellales	45.22163059466893	-0.030844175419506795	0.9241599771937936	-0.03337536376890607	0.9733752555793004	0.9733752555793004
Saccharomycetales	Saccharomycetales	201.06827247939785	2.696167546905594	0.8863946669517034	3.0417235656185406	0.0023522781074152743	0.009409112429661097
Schizosaccharomycetales	Schizosaccharomycetales	20.24827999486588	-0.293161723112647	0.8286382523782662	-0.353787339977664	0.7234982619199817	0.9733752555793004
Sordariales	Sordariales	123.37853257321093	1.2287759032972299	0.888787542163753	1.3825305205176204	0.16680886590266022	0.40034127816638454
Tremellales	Tremellales	28.535599159353385	-0.5511331385554117	0.9537525615375909	-0.5778575710107694	0.5633602828760687	0.9657604849304033
Ustilaginales	Ustilaginales	3247.140877482702	3.8011162434147705	1.0018109495547562	3.7942450570181276	1.4809335669954842e-4	8.885601401972905e-4
