Gene	Geneid	baseMean	log2FoldChange	lfcSE	stat	pvalue	padj
Eurotiales	Eurotiales	48.3673094999929	0.24314633105437236	1.7243641696802998	0.1410063693793012	0.8878649105833605	0.9714764958508869
Glomerellales	Glomerellales	56.20915663941266	0.07731375995845088	1.3964101555570922	0.05536608255874999	0.9558468165700063	0.9714764958508869
Helotiales	Helotiales	29.976395381227597	-0.25496157809155223	1.7668015824183156	-0.14430685405124707	0.88525816620986	0.9714764958508869
Hypocreales	Hypocreales	310.35899073266603	2.8445479903064936	1.7831471006020527	1.5952402296737465	0.1106585257422739	0.45304501628914595
Magnaporthales	Magnaporthales	23.503974511143614	-0.5744204277190404	1.6763925316215185	-0.3426527002977177	0.7318597503879667	0.9714764958508869
Malasseziales	Malasseziales	852.7013023021779	2.6878787896991407	1.6972110836385035	1.5837032974925138	0.11326125407228649	0.45304501628914595
Mycosphaerellales	Mycosphaerellales	47.10854086447	0.13888867304440503	1.8948422909128353	0.07329827590954589	0.9415687636363208	0.9714764958508869
Saccharomycetales	Saccharomycetales	201.06827247939785	1.2378840957036603	1.7706616227726721	0.6991082202172895	0.48448440172675483	0.9714764958508869
Schizosaccharomycetales	Schizosaccharomycetales	20.24827999486588	-0.059954240295211	1.6767354734016668	-0.03575652883014349	0.9714764958508869	0.9714764958508869
Sordariales	Sordariales	123.37853257321093	-0.07081946602748435	1.79609855074544	-0.03942961036191023	0.9685478726047122	0.9714764958508869
Tremellales	Tremellales	28.535599159353385	-1.0873503796908326	1.6171419244628213	-0.6723901985609744	0.5013353209330897	0.9714764958508869
Ustilaginales	Ustilaginales	3247.140877482702	4.694951510154487	1.971636806547457	2.3812456201686762	0.017254203036185477	0.20705043643422572
