Gene	Geneid	baseMean	log2FoldChange	lfcSE	stat	pvalue	padj
Eurotiales	Eurotiales	17.260710318749823	0.2596677724363662	1.6087641140716933	0.16140823267070606	0.8717718829589702	0.9767803111270225
Glomerellales	Glomerellales	25.06026340087595	0.14732881592751945	1.136199795268916	0.1296680535773637	0.8968290586832859	0.9767803111270225
Helotiales	Helotiales	17.3264310681686	-0.24919822424348573	1.6427497524764374	-0.15169579168575165	0.8794268765082868	0.9767803111270225
Hypocreales	Hypocreales	174.23925385951267	2.9112277875003527	1.903603028311197	1.5293250452974334	0.1261838837627797	0.6940113606952883
Magnaporthales	Magnaporthales	13.833323441518928	-0.5532227508862757	1.666800994395287	-0.331906899951775	0.7399595600615269	0.9767803111270225
Malasseziales	Malasseziales	440.8081931342743	2.8157082048163296	2.1766082468254617	1.2936219500789736	0.19579603677706575	0.7179188015159077
Mycosphaerellales	Mycosphaerellales	16.866747893073093	0.15989029543957073	1.7160185548358518	0.0931751553553949	0.9257644116640629	0.9767803111270225
Saccharomycetales	Saccharomycetales	156.29680978419012	1.2744143223366886	1.851332448059588	0.688376808645267	NA	NA
Schizosaccharomycetales	Schizosaccharomycetales	14.88915649320571	-0.04563773843619519	1.5680014704978102	-0.029105673237478587	0.9767803111270225	0.9767803111270225
Sordariales	Sordariales	40.51565532898135	-0.09664012817588659	1.6363307730014678	-0.05905904220002095	0.9529050812571588	0.9767803111270225
Tremellales	Tremellales	13.557550994677666	-1.127947877049318	1.2167709668395337	-0.9270009786468472	0.3539260261644084	0.973296571952123
Ustilaginales	Ustilaginales	3582.1094366845973	4.8322463150137835	2.449645004593953	1.9726312612446326	0.04853758866775712	0.5339134753453283
