Gene	Geneid	baseMean	log2FoldChange	lfcSE	stat	pvalue	padj
Eurotiales	Eurotiales	48.3673094999929	0.21995880688964803	0.7703722573122664	0.285522751892776	0.7752436760448711	0.9729319541468106
Glomerellales	Glomerellales	56.20915663941266	0.057100433945740776	0.7096179285405017	0.080466447716705	0.9358662805206605	0.9729319541468106
Helotiales	Helotiales	29.976395381227597	0.026643152100128183	0.7852092956295378	0.033931274436540086	0.9729319541468106	0.9729319541468106
Hypocreales	Hypocreales	310.35899073266603	3.9853626830266577	0.8030377167898961	4.962858654955772	6.946313422735647e-7	8.335576107282777e-6
Magnaporthales	Magnaporthales	23.503974511143614	0.4519231389071555	0.7340708935153523	0.6156396376690068	0.5381323843981995	0.922512658968342
Malasseziales	Malasseziales	852.7013023021779	2.0961215634064763	0.7946473324923844	2.6378010441840436	0.008344552294359408	0.025033656883078223
Mycosphaerellales	Mycosphaerellales	47.10854086447	-0.0971477204947907	0.852417848464548	-0.1139672528793032	0.9092637526829852	0.9729319541468106
Saccharomycetales	Saccharomycetales	201.06827247939785	2.635475780709549	0.792883793475233	3.3239117792510062	8.876427091739362e-4	0.0035505708366957447
Schizosaccharomycetales	Schizosaccharomycetales	20.24827999486588	-0.3531615177404466	0.745861140024112	-0.4734949963059205	0.6358600699840689	0.9537901049761033
Sordariales	Sordariales	123.37853257321093	1.1689666092398252	0.7968415477860491	1.4670000735876427	0.1423760353293142	0.3417024847903541
Tremellales	Tremellales	28.535599159353385	-0.6128173592590924	0.8614110345434746	-0.7114110856309958	0.47682953143858287	0.922512658968342
Ustilaginales	Ustilaginales	3247.140877482702	3.387405960907059	0.905387494567498	3.7413880589605633	1.8300668834755795e-4	0.0010980401300853477
