Gene	Geneid	baseMean	log2FoldChange	lfcSE	stat	pvalue	padj
Eurotiales	Eurotiales	48.3673094999929	0.24311279182594966	1.72404786541795	0.14101278549306018	0.8878598419085857	0.9714351466708595
Glomerellales	Glomerellales	56.20915663941266	0.07727252719974731	1.3970465442190099	0.05531134772817818	0.9558904218273193	0.9714351466708595
Helotiales	Helotiales	29.976395381227597	-0.2551050500460412	1.7659652920443243	-0.14445643478684989	0.8851400555593395	0.9714351466708595
Hypocreales	Hypocreales	310.35899073266603	2.844281775804302	1.7844886167629685	1.5938918013182848	0.11096027107347396	0.4516215856883843
Magnaporthales	Magnaporthales	23.503974511143614	-0.5706594483670419	1.6829906061551458	-0.3390746485928014	0.7345534958477082	0.9714351466708595
Malasseziales	Malasseziales	852.7013023021779	2.687891670871615	1.695543733651449	1.5852682638171114	0.11290539642209607	0.4516215856883843
Mycosphaerellales	Mycosphaerellales	45.22163059466893	0.13800147723281012	1.854367375666521	0.0744197072509474	0.9406764281642158	0.9714351466708595
Saccharomycetales	Saccharomycetales	138.7538793201315	1.2468643877696999	1.6952899751624309	0.735487383301629	0.4620427210194016	0.9714351466708595
Schizosaccharomycetales	Schizosaccharomycetales	20.24827999486588	-0.0600231287657932	1.6762310804562561	-0.035808385529670174	0.9714351466708595	0.9714351466708595
Sordariales	Sordariales	123.37853257321093	-0.06667357390693651	1.8120698492861351	-0.036794152241538904	0.9706491367282908	0.9714351466708595
Tremellales	Tremellales	28.535599159353385	-1.0883176425349876	1.6093948207897735	-0.6762278767623477	0.4988959760267177	0.9714351466708595
Ustilaginales	Ustilaginales	3247.140877482702	4.6949432231843415	1.9819644221766526	2.368833249805874	0.017844296621651514	0.21413155945981815
