Gene	Geneid	baseMean	log2FoldChange	lfcSE	stat	pvalue	padj
Eurotiales	Eurotiales	48.3673094999929	-0.25125339824214393	0.8882823594967894	-0.28285307656506725	0.7772894656991748	0.8765126265510922
Glomerellales	Glomerellales	56.20915663941266	0.6943737656224739	0.8596288652370794	0.8077599458354282	0.41922878715798906	0.8557846982645078
Helotiales	Helotiales	29.976395381227597	-0.4379373835292445	0.984866638525149	-0.44466668521238734	0.6565606482796282	0.8765126265510922
Hypocreales	Hypocreales	310.35899073266603	2.660694739217732	0.9422575708860923	2.8237446123310352	0.00474661901668755	0.0189864760667502
Magnaporthales	Magnaporthales	23.503974511143614	-0.752113346532489	0.9486756791765921	-0.7928034448878141	0.4278923491322539	0.8557846982645078
Malasseziales	Malasseziales	852.7013023021779	2.996095812022521	0.9602101353723083	3.1202501428094447	0.0018069752153552828	0.010841851292131697
Mycosphaerellales	Mycosphaerellales	45.22163059466893	-0.04608779714421547	1.0236703810801089	-0.04502210672109776	0.96408968820309	0.96408968820309
Saccharomycetales	Saccharomycetales	138.7538793201315	1.0646192828237966	0.9043521434674725	1.1772176253619822	0.23910865550256055	0.7173259665076817
Schizosaccharomycetales	Schizosaccharomycetales	20.24827999486588	-0.2416374403529129	0.9244128912046261	-0.26139557621057075	0.7937874681565952	0.8765126265510922
Sordariales	Sordariales	123.37853257321093	-0.2501651224044482	1.0052487397297074	-0.24885892666894857	0.8034699076718346	0.8765126265510922
Tremellales	Tremellales	28.535599159353385	-0.2729407463334419	1.0606679806369261	-0.25732910893524125	0.7969247231872714	0.8765126265510922
Ustilaginales	Ustilaginales	3247.140877482702	4.82053528289449	1.1178791736743792	4.312214948105507	1.6162718818324544e-5	1.9395262581989453e-4
