Gene	Geneid	baseMean	log2FoldChange	lfcSE	stat	pvalue	padj
Eurotiales	Eurotiales	48.3673094999929	0.21995880688964323	0.7703722573122664	0.28552275189276977	0.7752436760448759	0.9729319541468127
Glomerellales	Glomerellales	56.20915663941266	0.057100433945743184	0.7096179285405023	0.08046644771670831	0.9358662805206579	0.9729319541468127
Helotiales	Helotiales	29.976395381227597	0.02664315210012616	0.785209295629538	0.033931274436537505	0.9729319541468127	0.9729319541468127
Hypocreales	Hypocreales	310.35899073266603	3.985362683026662	0.8030377167898957	4.96285865495578	6.946313422735361e-7	8.335576107282433e-6
Magnaporthales	Magnaporthales	23.503974511143614	0.45192313890715136	0.7340708935153517	0.6156396376690015	0.5381323843982031	0.9225126589683481
Malasseziales	Malasseziales	852.7013023021779	2.096121563406472	0.794647332492384	2.637801044184039	0.008344552294359518	0.025033656883078553
Mycosphaerellales	Mycosphaerellales	47.10854086447	-0.09714772049479341	0.8524178484645477	-0.11396725287930642	0.9092637526829827	0.9729319541468127
Saccharomycetales	Saccharomycetales	201.06827247939785	2.6354757807095535	0.7928837934752319	3.3239117792510164	8.876427091739039e-4	0.0035505708366956154
Schizosaccharomycetales	Schizosaccharomycetales	20.24827999486588	-0.353161517740451	0.7458611400241129	-0.4734949963059259	0.6358600699840651	0.9537901049760976
Sordariales	Sordariales	123.37853257321093	1.1689666092398274	0.7968415477860489	1.467000073587646	0.14237603532931337	0.3417024847903521
Tremellales	Tremellales	28.535599159353385	-0.6128173592590876	0.8614110345434749	-0.71141108563099	0.47682953143858636	0.9225126589683481
Ustilaginales	Ustilaginales	3247.140877482702	3.3874059609070573	0.9053874945674977	3.741388058960563	1.830066883475583e-4	0.0010980401300853498
