Gene	Geneid	baseMean	log2FoldChange	lfcSE	stat	pvalue	padj
Eurotiales	Eurotiales	17.260710318749823	0.18626814524397928	0.8535646799481559	0.2182238201975425	0.8272547264633782	0.8982310684432224
Glomerellales	Glomerellales	25.06026340087595	-0.2971432106791892	0.8207025734846658	-0.3620595576026192	0.7173075246275971	0.8982310684432224
Helotiales	Helotiales	17.3264310681686	0.36540673877288876	0.9338962883948261	0.391271218564266	0.695596770767773	0.8982310684432224
Hypocreales	Hypocreales	174.23925385951267	4.169485482283638	1.0535896462612397	3.957409316881048	7.576703673100398e-5	8.334374040410437e-4
Magnaporthales	Magnaporthales	13.833323441518928	-0.5813902485941892	1.025846289288103	-0.5667420691238754	0.5708894343077799	0.8982310684432224
Malasseziales	Malasseziales	440.8081931342743	2.4200730662263545	1.3396576448117774	1.8064862135477726	0.07084242568902309	0.389633341289627
Mycosphaerellales	Mycosphaerellales	16.866747893073093	0.1287488687871828	1.006666385349795	0.1278962630131385	0.8982310684432224	0.8982310684432224
Saccharomycetales	Saccharomycetales	156.29680978419012	6.532009539915796	1.0038431582013885	6.507002101423259	NA	NA
Schizosaccharomycetales	Schizosaccharomycetales	14.88915649320571	-0.37853573735084495	0.9524844813881129	-0.3974193225691006	0.6910582689409979	0.8982310684432224
Sordariales	Sordariales	40.51565532898135	-0.3471251855078657	0.9916665653269213	-0.3500422396447635	0.7263069978451855	0.8982310684432224
Tremellales	Tremellales	13.557550994677666	0.2509847421124323	0.9076570637261578	0.276519350912202	0.7821491989575418	0.8982310684432224
Ustilaginales	Ustilaginales	3582.1094366845973	1.6093870851976897	1.5071568615637112	1.0678298498590997	0.2855972706492761	0.8982310684432224
