Gene	Geneid	baseMean	log2FoldChange	lfcSE	stat	pvalue	padj
Eurotiales	Eurotiales	17.260710318749823	-0.08564069448484317	0.812654577477191	-0.10538388247403536	0.9160712047677361	0.9336554958412359
Glomerellales	Glomerellales	25.06026340087595	0.9040729242871766	0.7215457150420829	1.2529669367303333	0.2102177396362409	0.5780987839996625
Helotiales	Helotiales	17.3264310681686	-0.27527713838615353	0.9123387808486555	-0.30172688497368416	0.7628602716468955	0.9336554958412359
Hypocreales	Hypocreales	174.23925385951267	2.8845800679061457	1.0131222760769691	2.8472180861286263	0.004410313739257156	0.02425672556591436
Magnaporthales	Magnaporthales	13.833323441518928	-0.5793338731172479	0.9402036799830077	-0.6161791167715045	0.5377763097095734	0.9336554958412359
Malasseziales	Malasseziales	440.8081931342743	3.2816107561958496	1.2305077725260714	2.6668752765853174	0.0076560078260183755	0.028072028695400708
Mycosphaerellales	Mycosphaerellales	16.866747893073093	0.13362193841499095	0.9412550797799893	0.14196145262368623	0.8871104535984868	0.9336554958412359
Saccharomycetales	Saccharomycetales	156.29680978419012	1.247869934885578	0.9970473952357614	1.251565312590288	NA	NA
Schizosaccharomycetales	Schizosaccharomycetales	14.88915649320571	-0.07154429174069343	0.8594264586479328	-0.08324655474681146	0.9336554958412359	0.9336554958412359
Sordariales	Sordariales	40.51565532898135	-0.12271144693476818	0.9025280504318411	-0.13596413637897822	0.8918496326514249	0.9336554958412359
Tremellales	Tremellales	13.557550994677666	-0.1539017211059025	0.8745800741814019	-0.1759721329690171	0.8603158354566178	0.9336554958412359
Ustilaginales	Ustilaginales	3582.1094366845973	5.11833338212691	1.3816417740015692	3.7045299863096766	2.117830551289693e-4	0.002329613606418662
