Gene	Geneid	baseMean	log2FoldChange	lfcSE	stat	pvalue	padj
Eurotiales	Eurotiales	48.3673094999929	-0.762310868839597	0.2092628582259905	-3.642838845373841	2.696476690297672e-4	4.6225314690817235e-4
Glomerellales	Glomerellales	56.20915663941266	-0.19086747876581106	0.2386740286063338	-0.7996994054205441	0.4238849775273485	0.46241997548438013
Helotiales	Helotiales	29.976395381227597	0.30875093625100924	0.22319982855992193	1.3832937876478681	0.16657480210173167	0.199889762522078
Hypocreales	Hypocreales	310.35899073266603	0.6894396207157331	0.20338544987183907	3.389817812189492	6.993908757065729e-4	0.0010490863135598594
Magnaporthales	Magnaporthales	23.503974511143614	0.9528535532963494	0.18169169257571524	5.244342984472296	1.5684020382011013e-7	4.705206114603304e-7
Malasseziales	Malasseziales	852.7013023021779	0.1261124447303803	0.316597734230561	0.39833653591007523	0.6903821322300211	0.6903821322300211
Mycosphaerellales	Mycosphaerellales	45.22163059466893	-0.9853933132785693	0.2563227836496307	-3.844345396254396	1.2087466033680091e-4	2.810092839037235e-4
Saccharomycetales	Saccharomycetales	138.7538793201315	0.6692337519774963	0.1757774746118257	3.8072782275168304	1.4050464195186174e-4	2.810092839037235e-4
Schizosaccharomycetales	Schizosaccharomycetales	20.24827999486588	1.11485446626862	0.1995553002523488	5.586694339157238	2.3143253615878144e-8	1.2821081534156365e-7
Sordariales	Sordariales	123.37853257321093	-1.2209024421743482	0.22078449476007173	-5.529837788206606	3.2052703835390913e-8	1.2821081534156365e-7
Tremellales	Tremellales	28.535599159353385	-0.46838804680199264	0.2812746102578758	-1.6652340087595146	0.09586607843405552	0.127821437912074
Ustilaginales	Ustilaginales	3247.140877482702	3.956803473086829	0.3756044136354394	10.534496745630076	5.990281868328078e-26	7.188338241993694e-25
