Gene	Geneid	baseMean	log2FoldChange	lfcSE	stat	pvalue	padj
Eurotiales	Eurotiales	48.3673094999929	-0.35570256431153924	0.47866725155965423	-0.7431102987566919	0.4574149049594855	0.6098865399459806
Glomerellales	Glomerellales	56.20915663941266	1.3642435909455535	0.46092219986797855	2.9598131557480034	0.0030782567285438066	0.012313026914175226
Helotiales	Helotiales	29.976395381227597	-0.637771405359336	0.5398240078000336	-1.1814432039776654	0.2374267034977904	0.3561400552466856
Hypocreales	Hypocreales	310.35899073266603	-1.5616767549123158	0.3963966632348441	-3.9396818887627836	8.158972371738082e-5	9.790766846085699e-4
Magnaporthales	Magnaporthales	23.503974511143614	-0.8981896964702509	0.5311902756818102	-1.6909001116735014	0.09085588197927083	0.15575294053589284
Malasseziales	Malasseziales	852.7013023021779	1.524145056893181	0.5784454823088185	2.6348983672751296	0.008416247903979601	0.02019899496955104
Mycosphaerellales	Mycosphaerellales	45.22163059466893	-0.02971137428677578	0.549783286004926	-0.054041974434467566	0.956901722321859	0.956901722321859
Saccharomycetales	Saccharomycetales	138.7538793201315	-1.3934891099092366	0.3978268539295552	-3.5027527582539397	4.6047666613794887e-4	0.002762859996827693
Schizosaccharomycetales	Schizosaccharomycetales	20.24827999486588	0.26802073420142525	0.4829799609913506	0.554931375726839	0.5789416000367764	0.6614441677682436
Sordariales	Sordariales	123.37853257321093	-1.3281735365122773	0.5410412043329279	-2.4548472942090194	0.014094444677635626	0.02818888935527125
Tremellales	Tremellales	28.535599159353385	-0.30335196021912186	0.5886579947874335	-0.5153280222222469	0.6063238204542233	0.6614441677682436
Ustilaginales	Ustilaginales	3247.140877482702	1.8717956265687608	0.6864363407320913	2.726830611229691	0.00639458564126629	0.019183756923798867
