Gene	Geneid	baseMean	log2FoldChange	lfcSE	stat	pvalue	padj
Eurotiales	Eurotiales	48.3673094999929	0.21978081791140033	0.48367983835796696	0.45439317598502543	0.6495458630768642	0.7794550356922371
Glomerellales	Glomerellales	56.20915663941266	-0.5420698158286622	0.4590776355714171	-1.1807802729356314	0.23769002274427692	0.4074686104187604
Helotiales	Helotiales	29.976395381227597	0.52497009407425	0.5448352186439611	0.9635392061857649	0.3352769988098082	0.5029154982147124
Hypocreales	Hypocreales	310.35899073266603	1.38566580091259	0.3937666302390318	3.5190026134805694	4.3317244052097425e-4	0.0025990346431258456
Magnaporthales	Magnaporthales	23.503974511143614	1.263434105032956	0.5315722657458312	2.3767871020514475	0.01746416466890969	0.052392494006729066
Malasseziales	Malasseziales	852.7013023021779	-1.1518043820634494	0.5735239488384851	-2.0082934363876386	0.04461211896312658	0.10706908551150378
Mycosphaerellales	Mycosphaerellales	45.22163059466893	0.015238228848801447	0.5547583467868292	0.02746822817008803	0.9780862805283436	0.9780862805283436
Saccharomycetales	Saccharomycetales	201.06827247939785	1.6426556693119785	0.4418509004233778	3.717669620539416	2.0106898219208991e-4	0.002412827786305079
Schizosaccharomycetales	Schizosaccharomycetales	20.24827999486588	-0.051585303635288175	0.4873421653716978	-0.10585027789652443	0.9157011448342159	0.9780862805283436
Sordariales	Sordariales	123.37853257321093	1.4812555042942583	0.5380189947867163	2.753165815049827	0.005902199398611744	0.023608797594446975
Tremellales	Tremellales	28.535599159353385	-0.2790323933282078	0.6009293255990921	-0.46433479186596277	0.6424079008425192	0.7794550356922371
Ustilaginales	Ustilaginales	3247.140877482702	-1.0194238297309846	0.6777232741337386	-1.5041889051752064	0.1325327336674663	0.2650654673349326
