Gene	Geneid	baseMean	log2FoldChange	lfcSE	stat	pvalue	padj
Eurotiales	Eurotiales	17.260710318749823	0.5315766121651887	1.629812006117649	0.32615823798687643	0.7443046364081958	0.9295251861498105
Glomerellales	Glomerellales	25.06026340087595	-1.0538873190388462	1.2016132780549142	-0.8770603140677704	0.38045387889844107	0.9295251861498105
Helotiales	Helotiales	17.3264310681686	0.3914856529155566	1.654819318142803	0.23657304977253912	0.8129880299150751	0.9295251861498105
Hypocreales	Hypocreales	174.23925385951267	4.196133201877846	1.9254451136869641	2.1793055393008967	0.029308978003126977	0.32239875803439677
Magnaporthales	Magnaporthales	13.833323441518928	-0.555279126363217	1.7165672734587678	-0.3234822980426318	0.7463300116274887	0.9295251861498105
Malasseziales	Malasseziales	440.8081931342743	1.9541705148468342	2.2401242570900886	0.8723491603922423	0.3830179263897131	0.9295251861498105
Mycosphaerellales	Mycosphaerellales	16.866747893073093	0.15501722581176258	1.7527509140555244	0.0884422450267522	0.9295251861498105	0.9295251861498105
Saccharomycetales	Saccharomycetales	156.29680978419012	6.558553927366907	1.8550011889914304	3.5356063199791326	NA	NA
Schizosaccharomycetales	Schizosaccharomycetales	14.88915649320571	-0.35262918404634674	1.620876756864734	-0.21755459355740178	0.8277761661184517	0.9295251861498105
Sordariales	Sordariales	40.51565532898135	-0.3210538667489841	1.6871348771341754	-0.19029531728627241	0.8490777228736985	0.9295251861498105
Tremellales	Tremellales	13.557550994677666	-0.7230614138309832	1.240758890727951	-0.5827573908471165	0.5600566324922586	0.9295251861498105
Ustilaginales	Ustilaginales	3582.1094366845973	1.323300018084564	2.522567831044962	0.5245845133672354	0.5998720548331185	0.9295251861498105
