Gene	Geneid	baseMean	log2FoldChange	lfcSE	stat	pvalue	padj
Eurotiales	Eurotiales	17.260710318749823	0.0682086895077539	0.7264983548222217	0.09388691530408896	0.9251989879972011	0.9915948260892397
Glomerellales	Glomerellales	25.06026340087595	0.1202249250435298	0.6710309825367669	0.17916449191217856	0.8578085439049592	0.9915948260892397
Helotiales	Helotiales	17.3264310681686	-0.008490565565068726	0.8059756942322827	-0.010534518132282213	0.9915948260892397	0.9915948260892397
Hypocreales	Hypocreales	174.23925385951267	4.13125639053544	0.9550591779553007	4.325654876570166	1.520793715630739e-5	1.672873087193813e-4
Magnaporthales	Magnaporthales	13.833323441518928	0.5677565613768487	0.8109873297188086	0.7000806801429381	0.48387692048500486	0.8871076875558422
Malasseziales	Malasseziales	440.8081931342743	1.9443844829465902	1.1096749009730358	1.7522109234349865	0.07973754603813318	0.2679667182573868
Mycosphaerellales	Mycosphaerellales	16.866747893073093	0.032112498206299335	0.8515835687595102	0.03770915666336441	0.9699195752291868	0.9915948260892397
Saccharomycetales	Saccharomycetales	156.29680978419012	2.7853312437774056	0.9235629452242425	3.0158542611311923	NA	NA
Schizosaccharomycetales	Schizosaccharomycetales	14.88915649320571	-0.32484112942159016	0.7688891305278999	-0.42248110491373764	0.6726738895787809	0.9915948260892397
Sordariales	Sordariales	40.51565532898135	1.328207157990778	0.8013890890370594	1.6573811350323442	0.09744244300268612	0.2679667182573868
Tremellales	Tremellales	13.557550994677666	-0.7512050931878508	0.7796356512178481	-0.9635335326372175	0.33527984454727167	0.7376156580039978
Ustilaginales	Ustilaginales	3582.1094366845973	3.960343967294198	1.2425836209370356	3.1871850719452524	0.0014366481575243575	0.007901564866383966
