Gene	Geneid	baseMean	log2FoldChange	lfcSE	stat	pvalue	padj
Eurotiales	Eurotiales	48.3673094999929	0.5776210419135198	0.2469149784449663	2.339351972696395	0.019317224961650982	0.028975837442476473
Glomerellales	Glomerellales	56.20915663941266	0.99087666760144	0.2882070785876487	3.438071932366149	5.858720431369068e-4	0.0014060929035285762
Helotiales	Helotiales	29.976395381227597	0.04043532651368646	0.26155650606286585	0.1545949941079566	0.8771406166744656	0.8771406166744656
Hypocreales	Hypocreales	310.35899073266603	3.621041343720679	0.2541278365870111	14.24889690303906	4.554181509946099e-46	5.465017811935319e-45
Magnaporthales	Magnaporthales	23.503974511143614	1.6828623621570187	0.2139364034107324	7.866180487881361	3.656329207888819e-15	2.1937975247332914e-14
Malasseziales	Malasseziales	852.7013023021779	2.1167749496001376	0.38995234891755315	5.428291316813386	5.68961189823139e-8	2.275844759292556e-7
Mycosphaerellales	Mycosphaerellales	45.22163059466893	0.05156662118625343	0.3033874576124769	0.16996952211557984	0.8650341056793736	0.8771406166744656
Saccharomycetales	Saccharomycetales	138.7538793201315	0.20781522203879949	0.21322061810426732	0.9746488115758837	0.32973449239478386	0.3956813908737406
Schizosaccharomycetales	Schizosaccharomycetales	20.24827999486588	-0.5578076157425552	0.22770494678709965	-2.4496947633908723	0.014297736173234587	0.02451040486840215
Sordariales	Sordariales	123.37853257321093	-0.8750821398129398	0.26398674953132645	-3.314871452323014	9.168527650844027e-4	0.0018337055301688055
Tremellales	Tremellales	28.535599159353385	-0.36458107759504466	0.3297668592453396	-1.1055722167757434	0.2689117207541547	0.35854896100553957
Ustilaginales	Ustilaginales	3247.140877482702	2.2419577517332483	0.4617438679597468	4.855414240019088	1.201353393643241e-6	3.6040601809297228e-6
