Gene	Geneid	baseMean	log2FoldChange	lfcSE	stat	pvalue	padj
Eurotiales	Eurotiales	48.3673094999929	-0.13579686776238464	0.26682997440965367	-0.5089265854139048	0.6108036843544562	0.7329644212253474
Glomerellales	Glomerellales	56.20915663941266	0.8218288682995595	0.31307103622685667	2.625055572704107	0.008663482594816148	0.10396179113779377
Helotiales	Helotiales	29.976395381227597	-0.11309019846096993	0.2839674837372869	-0.39825052140686484	0.6904455285429227	0.7532133038650065
Hypocreales	Hypocreales	310.35899073266603	-0.17598738129994648	0.2613595172547028	-0.6733536362038862	0.5007223373931025	0.7329644212253474
Magnaporthales	Magnaporthales	23.503974511143614	0.3601665980484458	0.2340358761598137	1.5389375507646637	0.12381954274824393	0.3714586282447318
Malasseziales	Malasseziales	852.7013023021779	0.3723431687052002	0.40778882056684257	0.9130784119771318	0.3612013033393622	0.6793232525986916
Mycosphaerellales	Mycosphaerellales	45.22163059466893	-0.014395323996645034	0.3284174236920565	-0.04383240034835343	0.9650380001519772	0.9650380001519772
Saccharomycetales	Saccharomycetales	138.7538793201315	0.2417545922450546	0.22649929359338677	1.067352521986467	0.28581267927247106	0.6793232525986916
Schizosaccharomycetales	Schizosaccharomycetales	20.24827999486588	0.21632479971157387	0.2550103129204036	0.8482982403111491	0.3962718973492368	0.6793232525986916
Sordariales	Sordariales	123.37853257321093	0.14900664876973768	0.28454513215842187	0.5236661321156516	0.6005107757160568	0.7329644212253474
Tremellales	Tremellales	28.535599159353385	-0.5838528048623104	0.3538580735409418	-1.6499632155340889	0.09895045981687986	0.3714586282447318
Ustilaginales	Ustilaginales	3247.140877482702	0.8523731750450632	0.4836075452152362	1.7625307617268517	0.07797966370354042	0.3714586282447318
