Gene	Geneid	baseMean	log2FoldChange	lfcSE	stat	pvalue	padj
Eurotiales	Eurotiales	48.3673094999929	0.37226243996799857	0.46887630352562154	0.7939459451647388	0.42722690060591245	0.5126722807270949
Glomerellales	Glomerellales	56.20915663941266	1.6087940669825718	0.44637315563401625	3.6041460976690782	3.1318086387396263e-4	6.671488758608105e-4
Helotiales	Helotiales	29.976395381227597	-0.48344771296575056	0.5298418819673388	-0.912437709096677	0.36153834644443195	0.5126722807270949
Hypocreales	Hypocreales	310.35899073266603	2.2153207178884777	0.3934105198611957	5.6310662934740385	1.7909886370143154e-8	1.0745931822085892e-7
Magnaporthales	Magnaporthales	23.503974511143614	0.4515808458839344	0.5203283787385071	0.8678766416291853	0.3854618675020869	0.5126722807270949
Malasseziales	Malasseziales	852.7013023021779	3.2716862405263747	0.5759700439670005	5.680306249944176	1.3445378075553106e-8	1.0745931822085892e-7
Mycosphaerellales	Mycosphaerellales	47.10854086447	0.044890526278715384	0.5548804039677103	0.08090126441251592	0.9355204744077947	0.9355204744077947
Saccharomycetales	Saccharomycetales	201.06827247939785	-1.5553463191684045	0.4335186903578171	-3.587726097540696	3.3357443793040527e-4	6.671488758608105e-4
Schizosaccharomycetales	Schizosaccharomycetales	20.24827999486588	-0.5132853965446775	0.4700747246104069	-1.091922985159611	0.2748669538143742	0.4712004922532129
Sordariales	Sordariales	123.37853257321093	-2.470454182552184	0.5265912353218043	-4.691407712174452	2.7133165760023746e-6	1.0853266304009498e-5
Tremellales	Tremellales	28.535599159353385	-0.06744626188796284	0.5792226624590562	-0.11644271928453843	0.9073016805493417	0.9355204744077947
Ustilaginales	Ustilaginales	3247.140877482702	3.1364293283987035	0.6797727292969967	4.613938149066846	3.951100483239812e-6	1.1853301449719438e-5
