Gene	Geneid	baseMean	log2FoldChange	lfcSE	stat	pvalue	padj
Eurotiales	Eurotiales	48.3673094999929	0.3383535910637921	1.7499767035202745	0.19334748307400657	0.8466868417197423	0.9827128994528687
Glomerellales	Glomerellales	56.20915663941266	-1.2221063845782367	1.4621035406470235	-0.8358548834629174	0.4032365462474731	0.9827128994528687
Helotiales	Helotiales	29.976395381227597	0.2208684723109488	1.783829903532057	0.12381700288442306	0.9014601690544739	0.9827128994528687
Hypocreales	Hypocreales	310.35899073266603	3.977285697271369	1.7985058839995616	2.2114388018717976	0.027005465365186034	0.16203279219111622
Magnaporthales	Magnaporthales	23.503974511143614	-0.7274601531639924	1.7270441023625365	-0.42121689432762727	0.6735967089031891	0.9827128994528687
Malasseziales	Malasseziales	852.7013023021779	1.7520633222197286	1.7459014852081425	1.003529315407422	0.31560553984789635	0.9827128994528687
Mycosphaerellales	Mycosphaerellales	47.10854086447	-0.04197662836152428	1.9372758901823892	-0.021667862886360648	0.9827128994528687	0.9827128994528687
Saccharomycetales	Saccharomycetales	201.06827247939785	6.563399428150506	1.7688796535955622	3.710483873116653	2.0686347500540917e-4	0.00248236170006491
Schizosaccharomycetales	Schizosaccharomycetales	20.24827999486588	-0.5142508647662781	1.7310922597468086	-0.2970672775357987	0.7664151460089776	0.9827128994528687
Sordariales	Sordariales	123.37853257321093	-0.4727394105392942	1.8501096263320036	-0.2555196750565205	0.7983217493496839	0.9827128994528687
Tremellales	Tremellales	28.535599159353385	-0.931321694560399	1.6559358801361395	-0.562414104152289	0.573833911730532	0.9827128994528687
Ustilaginales	Ustilaginales	3247.140877482702	1.1209400681681299	2.030220437558691	0.5521272702367449	0.5808611593861522	0.9827128994528687
