Gene	Geneid	baseMean	log2FoldChange	lfcSE	stat	pvalue	padj
Eurotiales	Eurotiales	48.3673094999929	0.21978350299595983	0.4836767557022328	0.4544016234083114	0.6495397841291526	0.779447740954983
Glomerellales	Glomerellales	56.20915663941266	-0.5425748180598291	0.45829574086261654	-1.1838967061718275	0.23645395420400228	0.4053496357782896
Helotiales	Helotiales	29.976395381227597	0.5252184576097779	0.5449979499483938	0.9637072169895523	0.3351927350324019	0.5027891025486029
Hypocreales	Hypocreales	310.35899073266603	1.3856681944089944	0.39385596435989756	3.5182105129752435	4.344675576729501e-4	0.0026068053460377005
Magnaporthales	Magnaporthales	23.503974511143614	1.267561111880374	0.5303309600423376	2.390132214380208	0.016842308460906643	0.050526925382719926
Malasseziales	Malasseziales	852.7013023021779	-1.1517969363430784	0.5744065418433641	-2.00519467039281	0.04494223963355673	0.10786137512053615
Mycosphaerellales	Mycosphaerellales	47.10854086447	0.010332107910159635	0.5723301496614008	0.01805270597097194	0.985596806963195	0.985596806963195
Saccharomycetales	Saccharomycetales	201.06827247939785	1.6419329503594637	0.43725319232244164	3.7551079767730102	1.7326676447306175e-4	0.002079201173676741
Schizosaccharomycetales	Schizosaccharomycetales	20.24827999486588	-0.051555358630385704	0.48739394095512556	-0.10577759446363823	0.9157588140683787	0.985596806963195
Sordariales	Sordariales	123.37853257321093	1.4841375864513002	0.5352350661786248	2.7728706137426293	0.005556420821045183	0.02222568328418073
Tremellales	Tremellales	28.535599159353385	-0.27889295569244954	0.6011665548530631	-0.4639196133600886	0.642705340143545	0.779447740954983
Ustilaginales	Ustilaginales	3247.140877482702	-1.0194244846708624	0.6770979454192271	-1.505579054799351	0.13217526864568405	0.2643505372913681
