Gene	Geneid	baseMean	log2FoldChange	lfcSE	stat	pvalue	padj
Eurotiales	Eurotiales	17.260710318749823	-0.12567086431136235	0.21006890495022854	-0.5982363945827082	0.5496822103973522	0.6046504314370875
Glomerellales	Glomerellales	25.06026340087595	0.825110199344519	0.23803033767243706	3.4664077168179532	5.274627670657121e-4	0.005802090437722833
Helotiales	Helotiales	17.3264310681686	-0.22062338543095972	0.22871638749046536	-0.9646155566363035	0.33473740458017237	0.4880357409279666
Hypocreales	Hypocreales	174.23925385951267	-0.302999883495235	0.32754645818862865	-0.9250592577641071	0.35493508431124843	0.4880357409279666
Magnaporthales	Magnaporthales	13.833323441518928	0.24041389039427097	0.22944663012645478	1.0477987419635313	0.29473134225144065	0.4880357409279666
Malasseziales	Malasseziales	440.8081931342743	0.5616890733457025	0.562779004134584	0.9980633058787302	0.31824866200168866	0.4880357409279666
Mycosphaerellales	Mycosphaerellales	16.866747893073093	-0.677362642169024	0.27333735518797525	-2.478119544630842	0.013207688472713574	0.07264228659992465
Saccharomycetales	Saccharomycetales	156.29680978419012	0.13197902871724954	0.30835909544650414	0.4280043321768856	NA	NA
Schizosaccharomycetales	Schizosaccharomycetales	14.88915649320571	0.11146848215763981	0.18349583318472404	0.6074714625559112	0.5435380756344697	0.6046504314370875
Sordariales	Sordariales	40.51565532898135	-0.03731113888305804	0.2074794106722457	-0.17983056131771202	0.8572855902605822	0.8572855902605822
Tremellales	Tremellales	13.557550994677666	-0.238683462665598	0.20304980593498023	-1.1754921979193038	0.23979785677266632	0.4880357409279666
Ustilaginales	Ustilaginales	3582.1094366845973	0.6455273790552382	0.6387668900221952	1.0105836560076056	0.3122157415877117	0.4880357409279666
