Gene	Geneid	baseMean	log2FoldChange	lfcSE	stat	pvalue	padj
Eurotiales	Eurotiales	48.3673094999929	0.12457487903448497	0.568272912624484	0.21921664092549195	0.8264812931512452	0.9016159561649947
Glomerellales	Glomerellales	56.20915663941266	0.7571642014806554	0.6315658683126835	1.1988681457779304	0.23057921962176686	0.5533901270922404
Helotiales	Helotiales	29.976395381227597	0.04904927746009189	0.5976883620280671	0.08206496993459707	0.9345950490755289	0.9345950490755289
Hypocreales	Hypocreales	310.35899073266603	0.25296110825434176	0.4582882311000339	0.5519694617667938	0.5809692761759251	0.8714539142638876
Magnaporthales	Magnaporthales	23.503974511143614	1.4177752889842663	0.6749207607674802	2.100654434413983	0.0356713119126268	0.1070139357378804
Malasseziales	Malasseziales	852.7013023021779	-0.21597350934263015	0.7043192622160969	-0.3066414919039455	0.7591162681195767	0.9016159561649947
Mycosphaerellales	Mycosphaerellales	45.22163059466893	0.1933561483736935	0.6795918987366489	0.28451803020774624	0.7760134186261114	0.9016159561649947
Saccharomycetales	Saccharomycetales	201.06827247939785	-3.683565327216288	0.4366267218091867	-8.436417523767748	3.272123881617497e-17	3.926548657940996e-16
Schizosaccharomycetales	Schizosaccharomycetales	20.24827999486588	0.4026998551532127	0.6501717521015659	0.6193745788732843	0.5356696239604319	0.8714539142638876
Sordariales	Sordariales	123.37853257321093	1.884048295621691	0.698322299932439	2.697963813849233	0.006976502372551863	0.027906009490207453
Tremellales	Tremellales	28.535599159353385	-0.4351889569899075	0.6985408989217722	-0.6229971039085046	0.533286424983786	0.8714539142638876
Ustilaginales	Ustilaginales	3247.140877482702	2.5545864308475084	0.8331741797326639	3.0660892919979643	0.0021687853622778318	0.01301271217366699
