Gene	Geneid	baseMean	log2FoldChange	lfcSE	stat	pvalue	padj
Eurotiales	Eurotiales	48.3673094999929	0.12457624298654041	0.568269194302431	0.21922047549922502	0.82647830624385	0.9016126977205635
Glomerellales	Glomerellales	56.20915663941266	0.7568453264768541	0.6307300746931858	1.1999512261168397	0.23015828341367117	0.5523798801928108
Helotiales	Helotiales	29.976395381227597	0.049388407207278245	0.5978997060940063	0.08260316354715355	0.9341670857276329	0.9341670857276329
Hypocreales	Hypocreales	310.35899073266603	0.2529304874441172	0.4584019557740029	0.5517657249455862	0.5811088730495295	0.8716633095742943
Magnaporthales	Magnaporthales	23.503974511143614	1.4206008373253225	0.6735282760272863	2.109192572737318	0.03492796275922524	0.10478388827767571
Malasseziales	Malasseziales	852.7013023021779	-0.2159814688636678	0.7054001764525415	-0.30618289599789855	0.7594653944609754	0.9016126977205635
Mycosphaerellales	Mycosphaerellales	47.10854086447	0.1911974093160937	0.7001231087899755	0.27309112771115446	0.7847831666683645	0.9016126977205635
Saccharomycetales	Saccharomycetales	201.06827247939785	-3.683582382087399	0.42998023296491156	-8.566864473483824	1.063409245320148e-17	1.2760910943841774e-16
Schizosaccharomycetales	Schizosaccharomycetales	20.24827999486588	0.4027412658406805	0.6502241287983972	0.6193883739518238	0.5356605382414183	0.8716633095742943
Sordariales	Sordariales	123.37853257321093	1.8860575309631018	0.695278506444587	2.7126648004808107	0.0066744583780452265	0.026697833512180906
Tremellales	Tremellales	28.535599159353385	-0.4349216408228823	0.6988396539556871	-0.6223482573735868	0.5337128959234496	0.8716633095742943
Ustilaginales	Ustilaginales	3247.140877482702	2.554586957315488	0.8324091276769165	3.0689079112392927	0.0021484280533403755	0.012890568320042253
