Gene	Geneid	baseMean	log2FoldChange	lfcSE	stat	pvalue	padj
Eurotiales	Eurotiales	48.3673094999929	0.46301848837510423	1.677622929531033	0.27599675721202593	0.7825505569100865	0.9451976639929511
Glomerellales	Glomerellales	56.20915663941266	-0.4651421954462467	1.3554718976040265	-0.34315886317410654	0.7314789501385301	0.9451976639929511
Helotiales	Helotiales	29.976395381227597	0.2695761568523248	1.7052458475380814	0.15808638809560546	0.8743887264611053	0.9451976639929511
Hypocreales	Hypocreales	310.35899073266603	4.229971149416672	1.7594258137061258	2.404177042569638	0.016208921209092265	0.19450705450910719
Magnaporthales	Magnaporthales	23.503974511143614	0.6876968461516549	1.6140227403618008	0.42607630546611763	0.6700522451328641	0.9451976639929511
Malasseziales	Malasseziales	852.7013023021779	1.5360897826836344	1.6451634772486183	0.9337003914362362	0.35045846304382	0.8418961737408847
Mycosphaerellales	Mycosphaerellales	45.22163059466893	0.15331752752294087	1.8011877152086961	0.08512023828964245	0.9321658008690806	0.9451976639929511
Saccharomycetales	Saccharomycetales	138.7538793201315	2.882108089923991	1.6634437162690843	1.7326153339219874	0.08316406197090379	0.33265624788361514
Schizosaccharomycetales	Schizosaccharomycetales	20.24827999486588	-0.1117190632556446	1.6252732097906963	-0.0687386358075956	0.9451976639929511	0.9451976639929511
Sordariales	Sordariales	123.37853257321093	1.4105066113750786	1.7526665551049496	0.804777501611319	0.42094808687044233	0.8418961737408847
Tremellales	Tremellales	28.535599159353385	-1.3688184871781761	1.5391072174959797	-0.8893587604670898	0.3738103009681861	0.8418961737408847
Ustilaginales	Ustilaginales	3247.140877482702	3.675520771660644	1.9211631307814252	1.9131747391829454	0.05572568623849059	0.33265624788361514
