Gene	Geneid	baseMean	log2FoldChange	lfcSE	stat	pvalue	padj
Eurotiales	Eurotiales	48.3673094999929	-0.031426404923125505	0.7945983573311592	-0.03955005020231642	0.9684518504155442	0.9701817579737894
Glomerellales	Glomerellales	56.20915663941266	0.15184257110883784	0.7899722567929991	0.19221253633040686	0.8475757264247823	0.9701817579737894
Helotiales	Helotiales	29.976395381227597	0.08742522132674863	0.871741906503408	0.10028796444743	0.92011571229876	0.9701817579737894
Hypocreales	Hypocreales	310.35899073266603	4.046613751270733	0.8931741454703117	4.530598844349598	5.8816728071501265e-6	7.058007368580151e-5
Magnaporthales	Magnaporthales	23.503974511143614	0.5118062800871561	0.8165105548436878	0.6268213889594311	0.5307763213822047	0.9662373519249305
Malasseziales	Malasseziales	852.7013023021779	1.8442911524950953	0.8689798501869712	2.12236354168428	0.03380722131815326	0.10142166395445978
Mycosphaerellales	Mycosphaerellales	47.10854086447	-0.035320850764684004	0.9449047932862256	-0.03738032764321558	0.9701817579737894	0.9701817579737894
Saccharomycetales	Saccharomycetales	201.06827247939785	2.6965344998468184	0.881775788096534	3.058072739406642	0.0022276549582664115	0.008910619833065646
Schizosaccharomycetales	Schizosaccharomycetales	20.24827999486588	-0.29311540723644114	0.8286941981429722	-0.3537075653398877	0.7235580523520071	0.9701817579737894
Sordariales	Sordariales	123.37853257321093	1.2300289087936338	0.8853770123295037	1.3892713405302008	0.16475025532777568	0.3954006127866616
Tremellales	Tremellales	28.535599159353385	-0.5509130127197368	0.9540517433082815	-0.577445632885051	0.5636384552895428	0.9662373519249305
Ustilaginales	Ustilaginales	3247.140877482702	3.801115746234654	1.0009081300924147	3.7976669705777026	1.4606438451002801e-4	8.763863070601681e-4
