Gene	Geneid	baseMean	log2FoldChange	lfcSE	stat	pvalue	padj
Eurotiales	Eurotiales	48.3673094999929	-0.09520726000941943	0.6934822465613799	-0.1372886767923808	0.8908026202991575	0.8908026202991575
Glomerellales	Glomerellales	56.20915663941266	1.2994201445366833	0.7156404458967379	1.8157444174475583	0.06940958708540905	0.20822876125622714
Helotiales	Helotiales	29.976395381227597	-0.4758300504024996	0.7539521344871721	-0.6311144018793085	0.5279657250596782	0.8908026202991575
Hypocreales	Hypocreales	310.35899073266603	-1.132737706964877	0.5464812308260183	-2.0727842843801225	0.038192359654147794	0.15276943861659117
Magnaporthales	Magnaporthales	23.503974511143614	0.1530397254449486	0.8245042985708512	0.18561422385573847	0.852747298383001	0.8908026202991575
Malasseziales	Malasseziales	852.7013023021779	0.9358154674794107	0.8162352707031478	1.1465021190192506	0.2515874509473597	0.6038098822736632
Mycosphaerellales	Mycosphaerellales	47.10854086447	0.18086530140593404	0.8332677340528044	0.2170554481045975	0.8281651334825922	0.8908026202991575
Saccharomycetales	Saccharomycetales	201.06827247939785	-5.325515332446863	0.5564688472576562	-9.570194915118119	1.0670431385714212e-21	1.2804517662857055e-20
Schizosaccharomycetales	Schizosaccharomycetales	20.24827999486588	0.4542966244710662	0.7688497988144758	0.5908782510856694	0.554601999392891	0.8908026202991575
Sordariales	Sordariales	123.37853257321093	0.4019199445118018	0.8315447783887904	0.4833413124072115	0.6288534111946923	0.8908026202991575
Tremellales	Tremellales	28.535599159353385	-0.1560286851304328	0.8433317848615253	-0.1850145908541235	0.8532175912971613	0.8908026202991575
Ustilaginales	Ustilaginales	3247.140877482702	3.5740114419863502	0.9631714282297477	3.710670122924195	2.0671132575653258e-4	0.0012402679545391955
