Gene	Geneid	baseMean	log2FoldChange	lfcSE	stat	pvalue	padj
Eurotiales	Eurotiales	48.3673094999929	0.24314633105436964	1.7243641696802983	0.14100636937929975	0.8878649105833617	0.9714764958508848
Glomerellales	Glomerellales	56.20915663941266	0.07731375995844447	1.396410155557091	0.05536608255874545	0.9558468165700099	0.9714764958508848
Helotiales	Helotiales	29.976395381227597	-0.2549615780915543	1.7668015824183165	-0.14430685405124816	0.8852581662098591	0.9714764958508848
Hypocreales	Hypocreales	310.35899073266603	2.844547990306491	1.783147100602054	1.5952402296737438	0.11065852574227449	0.4530450162891479
Magnaporthales	Magnaporthales	23.503974511143614	-0.5744204277190469	1.676392531621518	-0.34265270029772166	0.7318597503879638	0.9714764958508848
Malasseziales	Malasseziales	852.7013023021779	2.687878789699138	1.6972110836385041	1.5837032974925116	0.11326125407228697	0.4530450162891479
Mycosphaerellales	Mycosphaerellales	47.10854086447	0.1388886730444061	1.8948422909128357	0.07329827590954645	0.9415687636363204	0.9714764958508848
Saccharomycetales	Saccharomycetales	201.06827247939785	1.2378840957036592	1.770661622772674	0.6991082202172881	0.4844844017267555	0.9714764958508848
Schizosaccharomycetales	Schizosaccharomycetales	20.24827999486588	-0.05995424029521541	1.6767354734016628	-0.035756528830146204	0.9714764958508848	0.9714764958508848
Sordariales	Sordariales	123.37853257321093	-0.07081946602748787	1.79609855074544	-0.03942961036191219	0.9685478726047106	0.9714764958508848
Tremellales	Tremellales	28.535599159353385	-1.0873503796908284	1.6171419244628222	-0.6723901985609714	0.5013353209330915	0.9714764958508848
Ustilaginales	Ustilaginales	3247.140877482702	4.694951510154482	1.9716368065474563	2.381245620168674	0.01725420303618558	0.207050436434227
