Gene	Geneid	baseMean	log2FoldChange	lfcSE	stat	pvalue	padj
Eurotiales	Eurotiales	48.3673094999929	-0.15600264790966945	0.9372091398202137	-0.16645446707828274	0.8677993132212733	0.9701228907302525
Glomerellales	Glomerellales	56.20915663941266	-0.6050027553680172	0.9623733309963778	-0.6286570251709254	0.5295736184866024	0.8210977281304873
Helotiales	Helotiales	29.976395381227597	0.038036814119469624	1.0155565012366312	0.03745415845711454	0.9701228907302525	0.9701228907302525
Hypocreales	Hypocreales	310.35899073266603	3.7936832638266247	0.97019547984922	3.9102256634056967	9.220993428842359e-5	5.532596057305415e-4
Magnaporthales	Magnaporthales	23.503974511143614	-0.9087945572381697	1.0321075028084599	-0.8805231574862655	0.37857596576485	0.8210977281304873
Malasseziales	Malasseziales	852.7013023021779	2.060272621358759	1.0447119803363454	1.9720962907838517	0.048598615325520886	0.19439446130208354
Mycosphaerellales	Mycosphaerellales	47.10854086447	-0.22651826008077924	1.12232721822884	-0.2018290712384672	0.8400503536449555	0.9701228907302525
Saccharomycetales	Saccharomycetales	201.06827247939785	6.3801168819342235	0.9465705278770026	6.7402445924909005	1.5812022343591742e-11	1.897442681231009e-10
Schizosaccharomycetales	Schizosaccharomycetales	20.24827999486588	-0.6958566730771215	1.0199564860782548	-0.6822415294918109	0.49508623854640643	0.8210977281304873
Sordariales	Sordariales	123.37853257321093	-0.6560286221694667	1.0903589300592291	-0.6016629974625243	0.5473984854203249	0.8210977281304873
Tremellales	Tremellales	28.535599159353385	-0.1159913718968552	1.1225070162780033	-0.10333242484439709	0.9176991420478734	0.9701228907302525
Ustilaginales	Ustilaginales	3247.140877482702	1.2465287889191718	1.2128704206765495	1.027751000988092	0.3040669704729107	0.8210977281304873
