Gene	Geneid	baseMean	log2FoldChange	lfcSE	stat	pvalue	padj
Eurotiales	Eurotiales	17.260710318749823	0.5391880207403256	1.56645295125816	0.3442095214588187	0.730688722242934	0.8805568868595713
Glomerellales	Glomerellales	25.06026340087595	-1.4616293826606463	1.1061962989885423	-1.3213110403615493	0.1863976742500036	0.5622007454246665
Helotiales	Helotiales	17.3264310681686	0.2382117340085588	1.5852955088422687	0.15026329960558793	0.8805568868595713	0.8805568868595713
Hypocreales	Hypocreales	174.23925385951267	4.460903993624883	1.877225283919087	2.3763285269159833	0.017485886533018042	0.19234475186319847
Magnaporthales	Magnaporthales	13.833323441518928	0.35345379321355	1.5975044801017744	0.22125371015612555	0.8248948907056874	0.8805568868595713
Malasseziales	Malasseziales	440.8081931342743	0.9167928582213675	2.1216481071716973	0.4321135324573288	0.6656588997518094	0.8805568868595713
Mycosphaerellales	Mycosphaerellales	16.866747893073093	0.7357434973999032	1.6675702191729596	0.44120690627636605	0.6590632138646062	0.8805568868595713
Saccharomycetales	Saccharomycetales	156.29680978419012	2.6798966025112665	1.815951759933379	1.4757531899468423	NA	NA
Schizosaccharomycetales	Schizosaccharomycetales	14.88915649320571	-0.4104030582747317	1.5195977394357998	-0.2700734856496346	0.7871037197937094	0.8805568868595713
Sordariales	Sordariales	40.51565532898135	1.3915896156327177	1.5829937840303188	0.8790872267923352	0.37935398288171646	0.8345787623397762
Tremellales	Tremellales	13.557550994677666	-1.4865677864656683	1.1488787614492266	-1.2939292085010534	0.19568987435718124	0.5622007454246665
Ustilaginales	Ustilaginales	3582.1094366845973	3.0287295211258347	2.3866823331190075	1.2690124190795746	0.20443663469987872	0.5622007454246665
