Gene	Geneid	baseMean	log2FoldChange	lfcSE	stat	pvalue	padj
Eurotiales	Eurotiales	48.3673094999929	0.5920459429639625	0.2487111859081856	2.3804556309040423	0.01729124321637487	0.025936864824562304
Glomerellales	Glomerellales	56.20915663941266	1.066219248922741	0.2914244161731412	3.6586476278270323	2.5354967222433766e-4	5.070993444486753e-4
Helotiales	Helotiales	29.976395381227597	0.041770744644028086	0.2641451871631916	0.15813555072734184	0.8743499876129321	0.8743499876129321
Hypocreales	Hypocreales	310.35899073266603	3.6009889122974665	0.25741496890700194	13.989042391697199	1.8184391805898834e-44	2.1821270167078602e-43
Magnaporthales	Magnaporthales	23.503974511143614	1.7191419577643117	0.2111270645275736	8.142688677129732	3.8659539127028186e-16	2.319572347621691e-15
Malasseziales	Malasseziales	852.7013023021779	2.1198893041832987	0.4038451918300668	5.249262210048356	1.5270958049660243e-7	6.108383219864097e-7
Mycosphaerellales	Mycosphaerellales	47.10854086447	0.05522263418887719	0.3220707187551704	0.17146120703650794	0.8638611309920898	0.8743499876129321
Saccharomycetales	Saccharomycetales	201.06827247939785	0.08658663119105212	0.2513242778022945	0.34452155576933924	0.7304540879778414	0.8743499876129321
Schizosaccharomycetales	Schizosaccharomycetales	20.24827999486588	-0.5648407551750626	0.22941591790680185	-2.4620817959306733	0.01381331601081307	0.023679970304250977
Sordariales	Sordariales	123.37853257321093	-0.9863165961008848	0.2631422375251389	-3.7482260749061944	1.7808969646055482e-4	4.2741527150533156e-4
Tremellales	Tremellales	28.535599159353385	-0.3463392175804105	0.335659491087785	-1.0318171443864592	0.30215778622960304	0.40287704830613735
Ustilaginales	Ustilaginales	3247.140877482702	2.117004843727846	0.47675657060805793	4.440431394637742	8.977872328342658e-6	2.6933616985027977e-5
