Gene	Geneid	baseMean	log2FoldChange	lfcSE	stat	pvalue	padj
Eurotiales	Eurotiales	48.3673094999929	0.13939663667180532	0.7946835636974172	0.17541150092904378	0.8607563042580397	0.9881620939798107
Glomerellales	Glomerellales	56.20915663941266	-0.6810665698119733	0.7974883951122093	-0.8540143956780023	0.3930970131019048	0.7861940262038096
Helotiales	Helotiales	29.976395381227597	0.22211703926483561	0.8716690373748267	0.2548180900560346	0.7988636025467809	0.9881620939798107
Hypocreales	Hypocreales	310.35899073266603	4.310830234869845	0.8986890886207963	4.796798235845509	1.6122184738844229e-6	1.9346621686613075e-5
Magnaporthales	Magnaporthales	23.503974511143614	0.22774932721332483	0.8185384373775796	0.2782390133601844	0.7808288884410918	0.9881620939798107
Malasseziales	Malasseziales	852.7013023021779	1.2696032262493453	0.8834521289221774	1.4370934028969709	0.1506914555008043	0.384327340304059
Mycosphaerellales	Mycosphaerellales	45.22163059466893	0.013734156620661983	0.9256594415018448	0.014837159331923274	0.9881620939798107	0.9881620939798107
Saccharomycetales	Saccharomycetales	201.06827247939785	2.62948818849311	0.891254289719189	2.9503231780478645	0.00317441690147421	0.01269766760589684
Schizosaccharomycetales	Schizosaccharomycetales	20.24827999486588	-0.4930649149199037	0.8279037840175268	-0.5955582332613972	0.5514703857398595	0.9453778041254735
Sordariales	Sordariales	123.37853257321093	1.2528739044657593	0.8919708940959363	1.4046129899066033	0.16013639179335792	0.384327340304059
Tremellales	Tremellales	28.535599159353385	0.053332608196706245	0.9526591538433844	0.05598288535993434	0.9553554412813497	0.9881620939798107
Ustilaginales	Ustilaginales	3247.140877482702	3.188339791094109	1.0210535147892634	3.1225981252825465	0.001792623376750337	0.010755740260502022
