Gene	Geneid	baseMean	log2FoldChange	lfcSE	stat	pvalue	padj
Eurotiales	Eurotiales	48.3673094999929	0.6337565076266306	1.6779425055813055	0.3776985835441795	0.7056545201644124	0.9126062053240631
Glomerellales	Glomerellales	56.20915663941266	-1.298196294404916	1.3606642805211493	-0.9540900815796329	0.3400380462262143	0.9126062053240631
Helotiales	Helotiales	29.976395381227597	0.4049546796664748	1.7057268046171616	0.23740887378349199	0.8123396062157858	0.9126062053240631
Hypocreales	Hypocreales	310.35899073266603	4.494385806231968	1.7607946472913893	2.5524758455766725	0.010696032572020816	0.1283523908642498
Magnaporthales	Magnaporthales	23.503974511143614	0.40914516301496007	1.610611882938486	0.2540308856212422	0.799471697286997	0.9126062053240631
Malasseziales	Malasseziales	852.7013023021779	0.9613948431849588	1.6526930777367372	0.5817140860186397	0.5607592819033114	0.9126062053240631
Mycosphaerellales	Mycosphaerellales	45.22163059466893	0.1978304725995681	1.8025257323094643	0.10975181605096987	0.9126062053240631	0.9126062053240631
Saccharomycetales	Saccharomycetales	201.06827247939785	2.812850303244525	1.7460696711816859	1.6109610914556893	0.10718820314881525	0.44491734034578373
Schizosaccharomycetales	Schizosaccharomycetales	20.24827999486588	-0.3114433336803906	1.6252658576308916	-0.19162608518361027	0.8480351081414083	0.9126062053240631
Sordariales	Sordariales	123.37853257321093	1.4362450628032026	1.7451178898242758	0.8230074719753316	0.41050374435431697	0.9126062053240631
Tremellales	Tremellales	28.535599159353385	-0.7619762595370498	1.545354231122564	-0.4930754672238099	0.6219592645421006	0.9126062053240631
Ustilaginales	Ustilaginales	3247.140877482702	3.062741083623653	1.92299663564816	1.5926918575140063	0.11122933508644593	0.44491734034578373
