Gene	Geneid	baseMean	log2FoldChange	lfcSE	stat	pvalue	padj
Eurotiales	Eurotiales	48.3673094999929	-0.25120990791909126	0.8884673874577808	-0.2827452211137334	0.7773721486054177	0.8712179565625309
Glomerellales	Glomerellales	56.20915663941266	0.6944173891686678	0.8592886518414103	0.8081305248016111	0.4190154470912868	0.8476347893271478
Helotiales	Helotiales	29.976395381227597	-0.4377932362830352	0.9853393903141431	-0.4443070485017951	0.6568206059314943	0.8712179565625309
Hypocreales	Hypocreales	310.35899073266603	2.660945556861742	0.9414188423461153	2.826526767013059	0.004705581116341814	0.018822324465367257
Magnaporthales	Magnaporthales	23.503974511143614	-0.7557548317932246	0.9449108349070118	-0.7998160290622532	0.4238173946635739	0.8476347893271478
Malasseziales	Malasseziales	852.7013023021779	2.996088088838171	0.9611329711499415	3.1172461862935785	0.0018254906077759148	0.01095294364665549
Mycosphaerellales	Mycosphaerellales	47.10854086447	-0.04565295867484613	1.0473814097677212	-0.04358771145744379	0.9652330472252779	0.9652330472252779
Saccharomycetales	Saccharomycetales	201.06827247939785	1.0546015494873604	0.9498963720853743	1.1102280001050215	0.266900789950704	0.800702369852112
Schizosaccharomycetales	Schizosaccharomycetales	20.24827999486588	-0.24156004860605956	0.924701394776305	-0.26123032794223855	0.793914891558722	0.8712179565625309
Sordariales	Sordariales	123.37853257321093	-0.2541086776576658	0.9959653462361802	-0.2551380714378864	0.79861646018232	0.8712179565625309
Tremellales	Tremellales	28.535599159353385	-0.27202005702728715	1.0644465070290605	-0.25555070661701246	0.7982977850718629	0.8712179565625309
Ustilaginales	Ustilaginales	3247.140877482702	4.820540230905519	1.1120302735102716	4.334900178291767	1.4582627990057622e-5	1.7499153588069146e-4
