Gene	Geneid	baseMean	log2FoldChange	lfcSE	stat	pvalue	padj
Eurotiales	Eurotiales	48.3673094999929	0.4629316778362911	1.67790386964595	0.2758988081563773	0.7826257893530861	0.9452976233112768
Glomerellales	Glomerellales	56.20915663941266	-0.46491846116472163	1.3568203158147105	-0.3426529332924667	0.7318595750844088	0.9452976233112768
Helotiales	Helotiales	29.976395381227597	0.2699478264266389	1.7056630522551104	0.15826562348860898	0.8742474951842103	0.9452976233112768
Hypocreales	Hypocreales	310.35899073266603	4.230196755038638	1.7579442941887073	2.4063315140431554	0.016113634892514637	0.19336361871017566
Magnaporthales	Magnaporthales	23.503974511143614	0.6906990386632235	1.6103966562558394	0.4288999458488033	0.6679960396300058	0.9452976233112768
Malasseziales	Malasseziales	852.7013023021779	1.536087142300627	1.6443450771045636	0.9341634938363655	0.3502195636765787	0.8359345756188229
Mycosphaerellales	Mycosphaerellales	45.22163059466893	0.15325214055939934	1.801756174634347	0.08505709191783441	0.9322160023235774	0.9452976233112768
Saccharomycetales	Saccharomycetales	201.06827247939785	2.879529661657009	1.743594189354166	1.6514907420766285	0.09863840960726054	0.3945536384290422
Schizosaccharomycetales	Schizosaccharomycetales	20.24827999486588	-0.11154014187313396	1.6256401117718369	-0.06861305959752852	0.9452976233112768	0.9452976233112768
Sordariales	Sordariales	123.37853257321093	1.4121470616346734	1.7434929700453545	0.809952827970358	0.41796728780941145	0.8359345756188229
Tremellales	Tremellales	28.535599159353385	-1.3664420062891678	1.546028513816564	-0.8838401064906206	0.37678253266542283	0.8359345756188229
Ustilaginales	Ustilaginales	3247.140877482702	3.675517535944314	1.9128490561378921	1.921488537817673	0.05467014604346085	0.3280208762607651
