Gene	Geneid	baseMean	log2FoldChange	lfcSE	stat	pvalue	padj
Eurotiales	Eurotiales	48.3673094999929	-0.7623919852752505	0.2093676358479906	-3.641403229240159	2.7115604909866875e-4	5.423120981973375e-4
Glomerellales	Glomerellales	56.20915663941266	-0.19099287511244245	0.2385291847597273	-0.80071071933957	0.42329913546480274	0.46178087505251203
Helotiales	Helotiales	29.976395381227597	0.3092982683339525	0.22346591332480653	1.3840959622525926	0.16632907312347556	0.19959488774817066
Hypocreales	Hypocreales	310.35899073266603	0.6896266727511522	0.20293921089393072	3.3981933294872038	6.783246599575168e-4	0.001162842274212886
Magnaporthales	Magnaporthales	23.503974511143614	0.9565781718824464	0.17880888031007597	5.3497240753570265	8.808843241061657e-8	2.642652972318497e-7
Malasseziales	Malasseziales	852.7013023021779	0.12610788894273686	0.31691966589938536	0.39791752457158397	0.690690981715276	0.690690981715276
Mycosphaerellales	Mycosphaerellales	47.10854086447	-0.9914988263480516	0.2682695739410866	-3.6959048757642194	2.1910500396624518e-4	5.258520095189884e-4
Saccharomycetales	Saccharomycetales	201.06827247939785	0.6621192785734074	0.20132945747975217	3.2887352246503574	0.001006386499635839	0.0015095797494537584
Schizosaccharomycetales	Schizosaccharomycetales	20.24827999486588	1.1148413144944331	0.19975754577667432	5.580972223901908	2.391778419042509e-8	9.567113676170036e-8
Sordariales	Sordariales	123.37853257321093	-1.2187929008611667	0.21566347329155303	-5.651364518336836	1.5917912376005832e-8	9.550747425603499e-8
Tremellales	Tremellales	28.535599159353385	-0.466509113379932	0.28312223376666235	-1.6477304066638918	0.09940800551028836	0.13254400734705113
Ustilaginales	Ustilaginales	3247.140877482702	3.956834727257262	0.3736020447976736	10.591041409851247	3.279230997425386e-26	3.9350771969104626e-25
