Gene	Geneid	baseMean	log2FoldChange	lfcSE	stat	pvalue	padj
Eurotiales	Eurotiales	48.3673094999929	0.5988153561374889	1.6762263315110746	0.3572401559863771	0.720912026446062	0.9162779035676816
Glomerellales	Glomerellales	56.20915663941266	-1.2869710637458063	1.3562785203175698	-0.948898802470502	0.3426720836936365	0.9162779035676816
Helotiales	Helotiales	29.976395381227597	0.3826663553132947	1.7037117375844673	0.22460745375613914	0.8222846657846634	0.9162779035676816
Hypocreales	Hypocreales	310.35899073266603	4.405958530716618	1.7598250024674489	2.503634466233306	0.01229249599184172	0.14750995190210064
Magnaporthales	Magnaporthales	23.503974511143614	0.3275302481032091	1.6133860809191278	0.20300797929074657	0.8391287955014186	0.9162779035676816
Malasseziales	Malasseziales	852.7013023021779	1.1637466139784343	1.646781441198397	0.7066794565838389	0.47976569886917547	0.9162779035676816
Mycosphaerellales	Mycosphaerellales	45.22163059466893	0.1677128515195859	1.7997435966207462	0.09318708055663523	0.9257549379483296	0.9257549379483296
Saccharomycetales	Saccharomycetales	138.7538793201315	2.6403534976789365	1.6635587008006567	1.5871718241190749	0.11247373431739364	0.5684734682351282
Schizosaccharomycetales	Schizosaccharomycetales	20.24827999486588	-0.32804386296721844	1.6240277251138209	-0.2019940041012707	0.8399214116037081	0.9162779035676816
Sordariales	Sordariales	123.37853257321093	1.261499962605341	1.752355606710551	0.7198881081981848	0.4715938903979277	0.9162779035676816
Tremellales	Tremellales	28.535599159353385	-0.7849656823158657	1.5353238105012135	-0.5112704414188757	0.609161699692652	0.9162779035676816
Ustilaginales	Ustilaginales	3247.140877482702	2.823147596615581	1.9231932799917546	1.4679479311760515	0.14211836705878206	0.5684734682351282
