Gene	Geneid	baseMean	log2FoldChange	lfcSE	stat	pvalue	padj
Eurotiales	Eurotiales	48.3673094999929	-0.39060564770173983	0.48381385236323443	-0.8073469699013157	0.4194666101513448	0.5592888135351264
Glomerellales	Glomerellales	56.20915663941266	1.3753476490688565	0.4703171964500102	2.9242980257793776	0.0034523403898091875	0.011492239775379248
Helotiales	Helotiales	29.976395381227597	-0.659976947314086	0.5450347714866689	-1.2108896199666197	0.22593771134780627	0.3389065670217094
Hypocreales	Hypocreales	310.35899073266603	-1.6498548521059195	0.40630275681784433	-4.060653845983109	4.893547902791581e-5	5.872257483349897e-4
Magnaporthales	Magnaporthales	23.503974511143614	-0.9818802293846927	0.532223945164919	-1.844862934681452	0.06505747965717103	0.11152710798372176
Malasseziales	Malasseziales	852.7013023021779	1.7264966811791174	0.5970374237253404	2.891772965262845	0.0038307465917930827	0.011492239775379248
Mycosphaerellales	Mycosphaerellales	45.22163059466893	-0.05981656088897023	0.5572526909081372	-0.10734189688970197	0.9145177476220828	0.9145177476220828
Saccharomycetales	Saccharomycetales	201.06827247939785	-1.5759763108994946	0.45152067676627833	-3.4903746206849147	4.823438835242346e-4	0.0028940633011454078
Schizosaccharomycetales	Schizosaccharomycetales	20.24827999486588	0.2514884954425448	0.48609228386716574	0.5173677998790637	0.6048994331664679	0.6598902907270559
Sordariales	Sordariales	123.37853257321093	-1.5053535054627876	0.5432616492632074	-2.7709548566595976	0.00558921751547491	0.013414122037139783
Tremellales	Tremellales	28.535599159353385	-0.32543335342391017	0.5991924307991906	-0.5431199339248225	0.5870472286242789	0.6598902907270559
Ustilaginales	Ustilaginales	3247.140877482702	1.6322002820516457	0.7058568818951283	2.312367172321694	0.020757457827297533	0.041514915654595065
