Gene	Geneid	baseMean	log2FoldChange	lfcSE	stat	pvalue	padj
Eurotiales	Eurotiales	48.3673094999929	-0.17082341913744606	0.2758350575729849	-0.6192955334992066	0.5357216863466423	0.714295581795523
Glomerellales	Glomerellales	56.20915663941266	0.8333836610600368	0.3257277101856607	2.558528596124102	0.010511617439192272	0.12613940927030726
Helotiales	Helotiales	29.976395381227597	-0.13467335404374767	0.2937549711658991	-0.4584547233676956	0.6466257839270204	0.7759509407124244
Hypocreales	Hypocreales	310.35899073266603	-0.2642035173141428	0.27685509611062054	-0.9543025251324158	0.3399305302262219	0.5827380518163804
Magnaporthales	Magnaporthales	23.503974511143614	0.282734060216511	0.23604310149647825	1.1978069192618592	0.23099219288615097	0.4634116511372875
Malasseziales	Malasseziales	852.7013023021779	0.5746394827760448	0.4346287699042958	1.3221386216622961	0.18612199508186775	0.4634116511372875
Mycosphaerellales	Mycosphaerellales	47.10854086447	-0.8102257615495717	0.3515789297564576	-2.304534467155991	0.021192659847024585	0.1271559590821475
Saccharomycetales	Saccharomycetales	201.06827247939785	0.06606607572383087	0.2733730207599061	0.24167006510073422	0.8090358266746178	0.8825845381904921
Schizosaccharomycetales	Schizosaccharomycetales	20.24827999486588	0.1999403637329449	0.26076669116805956	0.766740425463645	0.4432358631843715	0.6648537947765573
Sordariales	Sordariales	123.37853257321093	-0.023928087017624684	0.28961041898811124	-0.08262163737488655	0.9341523959587621	0.9341523959587621
Tremellales	Tremellales	28.535599159353385	-0.6042178447288055	0.3694604463766996	-1.635406037789357	0.10196395754461932	0.40785583017847726
Ustilaginales	Ustilaginales	3247.140877482702	0.6127795461133942	0.5123676526011534	1.195976254555643	0.23170582556864375	0.4634116511372875
