Gene	Geneid	baseMean	log2FoldChange	lfcSE	stat	pvalue	padj
Eurotiales	Eurotiales	17.260710318749823	-0.27190883972882246	0.6158318555759363	-0.4415309751629018	0.6588286421221976	0.9128800664384703
Glomerellales	Glomerellales	25.06026340087595	1.2012161349663657	0.5892438367312323	2.038572251565642	0.041492736971677845	0.15937320446143458
Helotiales	Helotiales	17.3264310681686	-0.6406838771590423	0.6784847401357573	-0.9442863475910284	0.34502334058070155	0.9126047734127941
Hypocreales	Hypocreales	174.23925385951267	-1.2849054143774925	0.636340721936559	-2.019209788220332	0.04346541939857307	0.15937320446143458
Magnaporthales	Magnaporthales	13.833323441518928	0.0020563754769412673	0.8206771029644119	0.0025057059219921246	0.9980007380230121	0.9980007380230121
Malasseziales	Malasseziales	440.8081931342743	0.8615376899694952	1.056530736151269	0.8154402522239016	0.41482035155127	0.9126047734127941
Mycosphaerellales	Mycosphaerellales	16.866747893073093	0.004873069627808159	0.7258272461279252	0.006713814690485307	0.9946431911577017	0.9980007380230121
Saccharomycetales	Saccharomycetales	156.29680978419012	-5.2841396050302185	0.6160916677364968	-8.576872374275077	NA	NA
Schizosaccharomycetales	Schizosaccharomycetales	14.88915649320571	0.30699144561015157	0.7065113125933032	0.4345173815877289	0.6639127755916148	0.9128800664384703
Sordariales	Sordariales	40.51565532898135	0.22441373857309754	0.7456104136917263	0.3009798876895538	0.7634298311405574	0.9330809047273481
Tremellales	Tremellales	13.557550994677666	-0.40488646321833477	0.6464116317075882	-0.6263601138314445	0.5310787651380198	0.9128800664384703
Ustilaginales	Ustilaginales	3582.1094366845973	3.5089462969292198	1.200016241322722	2.9240823383035814	0.003454733502836434	0.03800206853120078
