Gene	Geneid	baseMean	log2FoldChange	lfcSE	stat	pvalue	padj
Eurotiales	Eurotiales	8.446211237960132	0.8832928082165178	0.510165368506422	1.7313852776845216	0.0833830706616097	0.12914079883108476
Glomerellales	Glomerellales	15.146217030214478	-2.1920337033296042	0.5259535657601742	-4.167732374171476	3.076448289073618e-5	1.2305793156294471e-4
Helotiales	Helotiales	9.57262902170691	-1.351725257775486	0.5168622595735739	-2.6152523863721404	0.008916154402164648	0.021398770565195156
Hypocreales	Hypocreales	121.23705480787402	2.3340187297016772	0.7594674853154195	3.0732306185989255	0.002117547730324409	0.006352643190973227
Magnaporthales	Magnaporthales	8.7521165080222	1.2701816185256287	0.539377081472244	2.3549046894217947	0.018527457143560327	0.037054914287120655
Malasseziales	Malasseziales	257.70977986370565	-8.010330611222555	1.195473683444292	-6.700549516191695	2.0763722477535404e-11	1.2458233486521243e-10
Mycosphaerellales	Mycosphaerellales	7.003852275967986	-0.08886873379338069	0.46304320706161906	-0.19192319947273206	0.847802364693793	0.847802364693793
Saccharomycetales	Saccharomycetales	49.15546106007879	-0.3008299507141804	0.5351570684719494	-0.5621339386829917	0.5740247665435897	0.6262088362293705
Schizosaccharomycetales	Schizosaccharomycetales	6.757553789545979	-0.7618212340316945	0.44385538921047124	-1.7163726126809458	0.08609386588738985	0.12914079883108476
Sordariales	Sordariales	16.348458485578977	0.27916779165034605	0.390983913151381	0.7140134984076902	0.4752188326602334	0.5702625991922801
Tremellales	Tremellales	5.907537185082899	-0.4742829621284271	0.5828440818471013	-0.8137390031058884	0.4157944852009538	0.554392646934605
Ustilaginales	Ustilaginales	2467.314311694087	-9.0302034184481	1.2728375093827946	-7.094545338176663	1.2977742591424925e-12	1.5573291109709912e-11
