DGE	Genes	Process~name	num_of_Genes	gene_group	percentage%	P-value	Benjamini and Hochberg (FDR)	 Hommel singlewise process	Bonferroni single-step process	Hommel singlewise process	Hochberg step-up process	Benjamini and Yekutieli
up	PLOD2; MICAL2; FADS2; AOX1;	GO:0055114~oxidation-reduction process	4	526	0.760456273764259	0.00037200489404276	0.00572887536825859	0.134293766749438	0.143221884206465	0.0639848417753557	0.134293766749438	0.0374196225809397
up	FSTL3; CADM1; RAI14;	GO:0007283~spermatogenesis	3	407	0.737100737100737	0.00233903956309334	0.0117767138994201	0.746153620626774	0.900530231790935	0.140571824181027	0.473758562613835	0.0769226350780193
up	IL1B; FN1; TNC;	GO:0008284~positive regulation of cell population proliferation	3	490	0.612244897959184	0.00392500321982447	0.0137375112693857	1	1	0.164611657558879	0.473758562613835	0.0897300872960123
up	MRAS; CADM1; FSTL3;	GO:0007275~multicellular organism development	3	513	0.584795321637427	0.00445613515560805	0.0140613918893962	1	1	0.169333135913106	0.473758562613835	0.0918455968477169
up	FSTL3; IL1B; FOXD1; MEIS3;	GO:0045944~positive regulation of transcription by RNA polymerase II	4	1138	0.351493848857645	0.00609141985517958	0.0160629907140009	1	1	0.185141456120644	0.473758562613835	0.104919554258302
