Gene	Geneid	baseMean	log2FoldChange	lfcSE	stat	pvalue	padj
Eurotiales	Eurotiales	18.005644375207094	-0.43646882698292994	0.9433958075016603	-0.4626571620440043	0.6436101285659774	0.8170450042828084
Glomerellales	Glomerellales	18.58740156333901	1.37005404414751	0.8607925048156124	1.5916193931555953	0.11147024989301307	0.35993055543611574
Helotiales	Helotiales	15.24536908553633	-0.5664826489320786	1.01349251287953	-0.5589411285561359	0.5762018990333916	0.8170450042828084
Hypocreales	Hypocreales	234.58490128127295	-3.262384087454684	1.294669824505809	-2.519857979002465	0.011740219286763198	0.06457120607719759
Magnaporthales	Magnaporthales	15.145638270057695	0.09411232920889413	1.1136957264225964	0.08450452576593871	0.9326553046734571	0.9326553046734571
Malasseziales	Malasseziales	310.7044519265554	-0.886039366890208	1.338122824828884	-0.6621510002293793	0.5078744535298182	0.8170450042828084
Mycosphaerellales	Mycosphaerellales	19.16056528868109	-2.0513442014265513	1.1663665963062624	-1.7587473851899589	NA	NA
Saccharomycetales	Saccharomycetales	73.7662097929707	-2.62563112988252	0.9618237300585863	-2.7298464862398313	0.006336382416754626	0.06457120607719759
Schizosaccharomycetales	Schizosaccharomycetales	10.989915561960691	0.8930718559468926	1.0176412786346898	0.8775900454284591	0.38016623336927435	0.8170450042828084
Sordariales	Sordariales	29.460433232418666	-1.5834216782593642	1.0481892781574662	-1.510625715465	0.13088383834040573	0.35993055543611574
Tremellales	Tremellales	14.178866245031912	-0.4976893899144071	1.162229800989126	-0.42821943602792156	0.6684913671404795	0.8170450042828084
Ustilaginales	Ustilaginales	2676.1271418439133	0.1334627924996372	1.5210376480454557	0.08774456876273762	0.9300796954578956	0.9326553046734571
