Gene	Geneid	baseMean	log2FoldChange	lfcSE	stat	pvalue	padj
Eurotiales	Eurotiales	18.005644375207094	0.22449631452980956	0.9795021248660947	0.22919431089595635	0.8187178941551452	0.9853077435291718
Glomerellales	Glomerellales	18.58740156333901	-0.08235995468966822	0.8513058840429204	-0.09674543102948396	0.9229285602774682	0.9853077435291718
Helotiales	Helotiales	15.24536908553633	-0.9017543932942165	1.0112815447061108	-0.8916946996756239	0.37255659528445134	0.7474381947561284
Hypocreales	Hypocreales	234.58490128127295	-2.7681675037741917	1.2510612904679534	-2.212655386962514	0.026921413351276353	0.14806777343201993
Magnaporthales	Magnaporthales	15.145638270057695	-0.02053655996849245	1.1152050129743518	-0.01841505349202081	0.9853077435291718	0.9853077435291718
Malasseziales	Malasseziales	310.7044519265554	-1.0425296365675525	1.2591556867276963	-0.8279592806167494	0.40769356077607005	0.7474381947561284
Mycosphaerellales	Mycosphaerellales	19.16056528868109	1.7388233649663616	1.2570804160310418	1.3832236528322654	NA	NA
Saccharomycetales	Saccharomycetales	73.7662097929707	-3.6525840595435497	0.9490042413767709	-3.8488595733192423	1.1866900822876732e-4	0.0013053590905164406
Schizosaccharomycetales	Schizosaccharomycetales	10.989915561960691	0.08198564229695592	1.0278000648079053	0.07976808438154646	0.9364217083851878	0.9853077435291718
Sordariales	Sordariales	29.460433232418666	-1.4907181429965304	1.0368461379035259	-1.437742870905341	0.15050702424531692	0.5518590888994953
Tremellales	Tremellales	14.178866245031912	0.656518305523222	1.1838586760879133	0.55455800492395	0.5791970201884986	0.9101667460104979
Ustilaginales	Ustilaginales	2676.1271418439133	1.2125231618785517	1.426413228144745	0.850050418738483	0.39529705555148953	0.7474381947561284
