Gene	Geneid	baseMean	log2FoldChange	lfcSE	stat	pvalue	padj
Eurotiales	Eurotiales	18.005644375207094	-0.5635713398015237	0.9108436204450854	-0.6187355624515805	0.5360905782280176	0.6824225607163444
Glomerellales	Glomerellales	18.58740156333901	0.9112898532608825	0.7978661274311387	1.1421588433575067	0.25338799989572497	0.46454466647549575
Helotiales	Helotiales	15.24536908553633	0.08208422145632134	0.9660904540404145	0.0849653581743056	0.9322889312591578	0.9322889312591578
Hypocreales	Hypocreales	234.58490128127295	-5.11916150260918	1.181197188915923	-4.333875453350371	1.4650708116484256e-5	1.611577892813268e-4
Magnaporthales	Magnaporthales	15.145638270057695	-0.5909476197725165	1.0397173524973005	-0.5683733356504223	0.569781492105808	0.6824225607163444
Malasseziales	Malasseziales	310.7044519265554	3.0266134054126717	1.15763163634665	2.614487467675218	0.008936143878896796	0.026664633388259276
Mycosphaerellales	Mycosphaerellales	19.16056528868109	0.09046214652727817	1.0883819720269634	0.08311617506747629	NA	NA
Saccharomycetales	Saccharomycetales	73.7662097929707	-2.5944600941661466	0.9278099281037305	-2.7963271523389888	0.005168705030542109	0.026664633388259276
Schizosaccharomycetales	Schizosaccharomycetales	10.989915561960691	0.4756785667025738	0.9603731432785566	0.49530598604484616	0.6203841461057676	0.6824225607163444
Sordariales	Sordariales	29.460433232418666	-1.489053831506888	0.9931300516448895	-1.499354318239203	0.1337817378454758	0.2943198232600468
Tremellales	Tremellales	14.178866245031912	1.0244706139118864	1.0839762790327327	0.9451042737079587	0.3446056436847043	0.5415231543616782
Ustilaginales	Ustilaginales	2676.1271418439133	3.346399153765647	1.2938052798535173	2.586478201839245	0.009696230323003372	0.026664633388259276
