Gene	Geneid	baseMean	log2FoldChange	lfcSE	stat	pvalue	padj
Eurotiales	Eurotiales	18.005644375207094	-0.7102501988970351	0.9165405564912106	-0.7749250089009523	0.43838397331992	0.6645940097734075
Glomerellales	Glomerellales	18.58740156333901	0.7091820401252615	0.808187462001721	0.8774969588970825	0.38021676992012216	0.6645940097734075
Helotiales	Helotiales	15.24536908553633	0.03217541778346498	0.9754326430789362	0.03298579149648286	0.9736859182196121	0.9736859182196121
Hypocreales	Hypocreales	234.58490128127295	-4.481055871608556	1.181876611649882	-3.7914752076810023	1.497550998488757e-4	0.0016473060983376326
Magnaporthales	Magnaporthales	15.145638270057695	-0.26023130061178984	1.0493973126202767	-0.24798167241538788	0.8041485872800171	0.884563446008019
Malasseziales	Malasseziales	310.7044519265554	-2.386534377846197	1.1445955530801506	-2.0850459984960987	0.037065125355785565	0.1019290947284103
Mycosphaerellales	Mycosphaerellales	19.16056528868109	-0.781199490047981	1.0928446817624795	-0.7148312135152688	NA	NA
Saccharomycetales	Saccharomycetales	73.7662097929707	-2.3542423737592832	0.9306116043427772	-2.529779730634148	0.011413415376471602	0.0418491897137292
Schizosaccharomycetales	Schizosaccharomycetales	10.989915561960691	0.3701691858622707	0.9705924810756342	0.38138476557333334	0.7029177636554902	0.8591217111344881
Sordariales	Sordariales	29.460433232418666	-1.1003286496288225	0.9993077595585426	-1.1010908692582426	0.27085711055486517	0.5958856432207034
Tremellales	Tremellales	14.178866245031912	-0.7615406821335724	1.0864578885815044	-0.7009389780655477	0.4833410980170237	0.6645940097734075
Ustilaginales	Ustilaginales	2676.1271418439133	-3.9138536577770107	1.2881470799178323	-3.03835929824618	0.0023787015628373652	0.013082858595605509
