Gene	Geneid	baseMean	log2FoldChange	lfcSE	stat	pvalue	padj
Eurotiales	Eurotiales	18.005644375207094	-0.13034168261490686	1.271161555462695	-0.10253746430166644	0.9183300773351956	0.9346406126593075
Glomerellales	Glomerellales	18.58740156333901	-0.8236263615967697	1.0199478879131225	-0.8075180814207685	0.4193680614841196	0.9226097352650632
Helotiales	Helotiales	15.24536908553633	0.4497822445249775	1.4605605201731047	0.30795180227907953	0.7581190073563532	0.9346406126593075
Hypocreales	Hypocreales	234.58490128127295	-3.5118526052614545	1.409223388182602	-2.4920481981146354	0.012700880104705698	0.04656989371725422
Magnaporthales	Magnaporthales	15.145638270057695	0.450149497080673	1.5457248910938162	0.29122226061982437	0.7708813385424653	0.9346406126593075
Malasseziales	Malasseziales	310.7044519265554	-4.312904237279865	1.4883745937880846	-2.8977276656564173	0.003758768195355148	0.020673225074453315
Mycosphaerellales	Mycosphaerellales	19.16056528868109	-0.14927225105566433	1.485844986882774	-0.10046286952774919	NA	NA
Saccharomycetales	Saccharomycetales	73.7662097929707	-1.3540738492900106	1.130061799829731	-1.1982299105181964	0.23082752410035767	0.6347756912759837
Schizosaccharomycetales	Schizosaccharomycetales	10.989915561960691	0.44974648653995397	1.4534571128795102	0.3094322374940535	0.7569927508669441	0.9346406126593075
Sordariales	Sordariales	29.460433232418666	-0.569440124197528	1.3056824229600994	-0.43612452322560646	0.6627463854674871	0.9346406126593075
Tremellales	Tremellales	14.178866245031912	-0.12154331372851826	1.4820968674155863	-0.08200767196847263	0.9346406126593075	0.9346406126593075
Ustilaginales	Ustilaginales	2676.1271418439133	-5.377609156390501	1.6985953324713425	-3.1659154205766242	0.0015459573807198308	0.01700553118791814
