Gene	Geneid	baseMean	log2FoldChange	lfcSE	stat	pvalue	padj
Eurotiales	Eurotiales	18.005644375207094	-0.14667885909551137	0.3187458028801529	-0.46017502903610624	0.645390593115331	0.7888107249187379
Glomerellales	Glomerellales	18.58740156333901	-0.202107813135621	0.4036233839346167	-0.5007336571172513	0.616558581771351	0.7888107249187379
Helotiales	Helotiales	15.24536908553633	-0.049908803672856356	0.42215510220919983	-0.11822385519368647	0.9058902887929706	0.9058902887929706
Hypocreales	Hypocreales	234.58490128127295	0.6381056310006248	0.6514177788169049	0.9795643467999025	0.327301211249905	0.7888107249187379
Magnaporthales	Magnaporthales	15.145638270057695	0.3307163191607267	0.5204238107675118	0.6354749961824232	0.5251186691646995	0.7888107249187379
Malasseziales	Malasseziales	310.7044519265554	-5.413147783258869	0.8688397570229776	-6.230317776671114	4.6548998700893483e-10	2.5601949285491416e-9
Mycosphaerellales	Mycosphaerellales	19.16056528868109	-0.8716616365752592	0.5743120039100404	-1.517749290700522	NA	NA
Saccharomycetales	Saccharomycetales	73.7662097929707	0.24021772040686348	0.3338272552831081	0.7195869019236989	0.47177937890706423	0.7888107249187379
Schizosaccharomycetales	Schizosaccharomycetales	10.989915561960691	-0.10550938084030309	0.4175398876225896	-0.25269293777190466	0.800505505659771	0.8805560562257482
Sordariales	Sordariales	29.460433232418666	0.38872518187806554	0.4467117355402981	0.8701924551140395	0.38419523843634434	0.7888107249187379
Tremellales	Tremellales	14.178866245031912	-1.7860112960454588	0.5708825444124895	-3.128509206536505	0.0017569550673863673	0.00644216858041668
Ustilaginales	Ustilaginales	2676.1271418439133	-7.2602528115426574	0.9976260489184603	-7.277529310119352	3.3998915289959077e-13	3.739880681895498e-12
