Gene	Geneid	baseMean	log2FoldChange	lfcSE	stat	pvalue	padj
Eurotiales	Eurotiales	18.005644375207094	-0.3548379971447164	1.0035911254435226	-0.3535682890658294	0.723662442812692	0.7623386458859556
Glomerellales	Glomerellales	18.58740156333901	-0.7412664069071014	0.7988560435863066	-0.9279098691916158	0.3534543245867084	0.6518892218105452
Helotiales	Helotiales	15.24536908553633	1.351536637819194	1.2038883079863645	1.122642880451084	0.26158919602364017	0.6518892218105452
Hypocreales	Hypocreales	234.58490128127295	-0.7436851014872625	1.0878209884218406	-0.6836465828501487	0.4941983618570206	0.7348681370454292
Magnaporthales	Magnaporthales	15.145638270057695	0.47068605704916544	1.3120774579672898	0.35873343771820193	0.7197945114177486	0.7623386458859556
Malasseziales	Malasseziales	310.7044519265554	-3.2703746007123122	1.3803654856246328	-2.36920919478976	0.01782616747941351	0.06536261409118287
Mycosphaerellales	Mycosphaerellales	19.16056528868109	-1.888095616022026	1.318689400293941	-1.431797067301187	NA	NA
Saccharomycetales	Saccharomycetales	73.7662097929707	2.2985102102535393	0.7498143727240597	3.0654389857893767	0.0021735071961660837	0.01195428957891346
Schizosaccharomycetales	Schizosaccharomycetales	10.989915561960691	0.36776084424299804	1.2160954653167706	0.3024111632117657	0.7623386458859556	0.7623386458859556
Sordariales	Sordariales	29.460433232418666	0.9212780187990025	0.9972399002803679	0.9238278758601525	0.3555759391693883	0.6518892218105452
Tremellales	Tremellales	14.178866245031912	-0.7780616192517401	1.2524572232150275	-0.6212280985169895	0.5344495542148576	0.7348681370454292
Ustilaginales	Ustilaginales	2676.1271418439133	-6.5901323182690525	1.6068263602066355	-4.101334457459094	4.107743265592848e-5	4.518517592152133e-4
