Gene	Geneid	baseMean	log2FoldChange	lfcSE	stat	pvalue	padj
Eurotiales	Eurotiales	18.005644375207094	0.7880676543313332	0.4700819951549273	1.6764472208122025	0.09365062612663248	0.14716526962756532
Glomerellales	Glomerellales	18.58740156333901	-0.9936498079505507	0.48421764919418475	-2.052072677656715	0.04016259979515971	0.10747018921462319
Helotiales	Helotiales	15.24536908553633	-0.9838386147505378	0.4994363772226066	-1.9698977880260122	0.0488500860066469	0.10747018921462319
Hypocreales	Hypocreales	234.58490128127295	2.3509939988349884	0.7698493014776705	3.053836633120825	0.002259350789248509	0.0124264293408668
Magnaporthales	Magnaporthales	15.145638270057695	0.5704110598040241	0.6428755622952734	0.8872806702551771	0.37492780980557144	0.5155257384826607
Malasseziales	Malasseziales	310.7044519265554	-4.069143041980223	1.0150160740247134	-4.008944435574671	6.0990764100418894e-5	6.708984051046078e-4
Mycosphaerellales	Mycosphaerellales	19.16056528868109	1.6483612184390835	0.8460363664694251	1.9483337640884417	NA	NA
Saccharomycetales	Saccharomycetales	73.7662097929707	-1.058123965377403	0.3821149566275584	-2.7691247019381664	0.005620711771434219	0.020609276495258802
Schizosaccharomycetales	Schizosaccharomycetales	10.989915561960691	-0.39369292440561787	0.5372738157361021	-0.7327603037312203	0.463704636561057	0.566750111352403
Sordariales	Sordariales	29.460433232418666	-0.0016643114896424506	0.5253432810732797	-0.003168045637211257	0.9974722695264177	0.9974722695264177
Tremellales	Tremellales	14.178866245031912	-0.3679523083886644	0.7396204421012503	-0.49748801877800664	0.6188449498095872	0.6807294447905459
Ustilaginales	Ustilaginales	2676.1271418439133	-2.1338759918870953	1.1707225488877842	-1.8227000017334005	0.0683488400498418	0.1253062067580433
