Gene	Geneid	baseMean	log2FoldChange	lfcSE	stat	pvalue	padj
Eurotiales	Eurotiales	18.005644375207094	0.5799085162821283	0.9422403895791741	0.6154570772975764	0.5382529072862199	0.7106098358553065
Glomerellales	Glomerellales	18.58740156333901	-1.5328084017220311	0.7527390534854382	-2.0363077943473322	0.041719457649932505	0.4589140341492576
Helotiales	Helotiales	15.24536908553633	0.4176068267415125	1.1739358132090216	0.35573224876746884	0.7220410917210998	0.7942452008932098
Hypocreales	Hypocreales	234.58490128127295	0.9692032663471011	1.0074878055961118	0.9619999973832353	0.33604960524995336	0.7106098358553065
Magnaporthales	Magnaporthales	15.145638270057695	0.7103807976924628	1.2566221428592959	0.565309788411077	0.5718630720144535	0.7106098358553065
Malasseziales	Malasseziales	310.7044519265554	-1.9263698594336673	1.2767277574958191	-1.5088336946727468	0.13134128767001732	0.6180000551510026
Mycosphaerellales	Mycosphaerellales	19.16056528868109	0.6319272389923166	1.163184628034776	0.5432733753195917	NA	NA
Saccharomycetales	Saccharomycetales	73.7662097929707	1.0001685244692726	0.7263954775705982	1.3768925541969201	0.1685454695866371	0.6180000551510026
Schizosaccharomycetales	Schizosaccharomycetales	10.989915561960691	0.07957730067768323	1.1681457894650633	0.06812274751606526	0.9456879225179519	0.9456879225179519
Sordariales	Sordariales	29.460433232418666	0.5308885254312944	0.9581509434384954	0.5540760869327189	0.5795267748420463	0.7106098358553065
Tremellales	Tremellales	14.178866245031912	0.6399973684050542	1.1608262476037063	0.551329167242902	0.5814080475179779	0.7106098358553065
Ustilaginales	Ustilaginales	2676.1271418439133	-1.4637554986134902	1.4854485514027205	-0.9853962947631236	0.3244294489594646	0.7106098358553065
