Gene	Geneid	baseMean	log2FoldChange	lfcSE	stat	pvalue	padj
Eurotiales	Eurotiales	18.005644375207094	0.4332296571866169	0.9366997535589525	0.46250642806361214	0.6437181937123	0.7867666812039222
Glomerellales	Glomerellales	18.58740156333901	-1.734916214857652	0.741646431157471	-2.3392766983992725	0.019321117850843745	0.07084409878642706
Helotiales	Helotiales	15.24536908553633	0.36769802306865607	1.1661848720636683	0.3152999424679396	0.7525339286797531	0.8277873215477285
Hypocreales	Hypocreales	234.58490128127295	1.6073088973477259	1.0066906897154744	1.596626365742994	0.11034901816478443	0.24276783996252577
Magnaporthales	Magnaporthales	15.145638270057695	1.0410971168531895	1.2485497931465117	0.8338450917760245	0.40436828189295143	0.5560063876028082
Malasseziales	Malasseziales	310.7044519265554	-7.3395176426925355	1.2884276874804075	-5.6964917115724	1.2229783417675329e-8	6.726380879721431e-8
Mycosphaerellales	Mycosphaerellales	19.16056528868109	-0.23973439758294252	1.1589927771911421	-0.2068471886114311	NA	NA
Saccharomycetales	Saccharomycetales	73.7662097929707	1.240386244876136	0.7228026546459566	1.7160787068272492	0.0861476378874813	0.23690600419057356
Schizosaccharomycetales	Schizosaccharomycetales	10.989915561960691	-0.025932080162619855	1.1596686288572142	-0.022361629449418156	0.9821594879559272	0.9821594879559272
Sordariales	Sordariales	29.460433232418666	0.9196137073093601	0.9517060930911749	0.966279100223497	0.33390454116215906	0.5247071361119642
Tremellales	Tremellales	14.178866245031912	-1.1460139276404047	1.15850394263804	-0.9892188411813307	0.32255608201441527	0.5247071361119642
Ustilaginales	Ustilaginales	2676.1271418439133	-8.724008310156147	1.4903578999198774	-5.853633084123723	4.809490594361189e-9	5.2904396537973073e-8
