Gene	Geneid	baseMean	log2FoldChange	lfcSE	stat	pvalue	padj
Eurotiales	Eurotiales	18.005644375207094	0.3061271443680231	0.9683832744952722	0.3161218831743853	0.7519099974266749	0.8264368962226805
Glomerellales	Glomerellales	18.58740156333901	-2.1936804057442796	0.8089579983655909	-2.711735850534101	0.006693190661657665	0.036812548639117156
Helotiales	Helotiales	15.24536908553633	1.016264893457056	1.2057461525486226	0.8428514503728216	0.3993115289329774	0.7320711363771252
Hypocreales	Hypocreales	234.58490128127295	-0.24946851780677032	1.137704105003025	-0.2192736377672708	0.8264368962226805	0.8264368962226805
Magnaporthales	Magnaporthales	15.145638270057695	0.35603716787177886	1.3107948706546448	0.2716192867721283	0.7859147681175238	0.8264368962226805
Malasseziales	Malasseziales	310.7044519265554	-3.4268648703896565	1.4527592031306709	-2.3588663991973498	0.018330853868871316	0.06721313085252816
Mycosphaerellales	Mycosphaerellales	19.16056528868109	1.9020719503708867	1.2325180315615902	1.5432406680176332	NA	NA
Saccharomycetales	Saccharomycetales	73.7662097929707	1.2715572805925095	0.7659748757232733	1.660050898395119	0.09690421359655924	0.2664865873905379
Schizosaccharomycetales	Schizosaccharomycetales	10.989915561960691	-0.4433253694069387	1.2075218048925498	-0.3671365333617206	0.7135171774819594	0.8264368962226805
Sordariales	Sordariales	29.460433232418666	1.0139815540618362	1.009028419977182	1.0049088152390855	0.3149407593192474	0.6928696705023444
Tremellales	Tremellales	14.178866245031912	0.3761460761858888	1.2320331307943728	0.30530516329813523	0.7601337438120783	0.8264368962226805
Ustilaginales	Ustilaginales	2676.1271418439133	-5.511071948890137	1.6913879168750678	-3.258313420538173	0.0011207654878646722	0.012328420366511394
