DGE	Genes	Process~name	num_of_Genes	gene_group	percentage%	P-value	Benjamini and Hochberg (FDR)	 Hommel singlewise process	Bonferroni single-step process	Hommel singlewise process	Hochberg step-up process	Benjamini and Yekutieli
down	PI3; WFDC12; SERPINB7;	GO:0010951~negative regulation of endopeptidase activity	3	148	2.02702702702703	0.00010167398636118	0.0012826564433257	0.0154544459268999	0.0166745337632341	0.0150477499814552	0.0154544459268999	0.00728565248935145
down	CXCL14; CXCR1; PF4V1; PF4;	GO:0006955~immune response	4	433	0.92378752886836	0.00013044051931632	0.00141104842181397	0.0195660778974482	0.0213922451678767	0.0185345702051821	0.0195660778974482	0.00801493533243329
down	KRT14; KRT16; KRT10;	GO:0031424~keratinization	3	181	1.65745856353591	0.0001821628349693	0.00175733558440973	0.0269600995754566	0.0298747049349655	0.0242276570509171	0.0269600995754566	0.00998189066277472
down	CLDN5; PF4; TESC;	GO:0010628~positive regulation of gene expression	3	374	0.802139037433155	0.00146085315270783	0.00884404077906834	0.205980294531804	0.239579917044084	0.0964163080787168	0.205980294531804	0.050235281671277
down	GP9; SIGLEC7; ICAM3;	GO:0007155~cell adhesion	3	454	0.66079295154185	0.00252257794088173	0.0114917439529057	0.325412554373743	0.413702782304604	0.128651474984968	0.325412554373743	0.0652745740086042
down	PF4; CXCR1; OR2W3;	GO:0007186~G protein-coupled receptor signaling pathway	3	1152	0.260416666666667	0.0308604876321136	0.0438136248673263	1	1	0.289360291474155	0.397712983563912	0.248866987526674
