DGE	Genes	Process~name	num_of_Genes	gene_group	percentage%	P-value	Benjamini and Hochberg (FDR)	 Hommel singlewise process	Bonferroni single-step process	Hommel singlewise process	Hochberg step-up process	Benjamini and Yekutieli
down	CXCR2; CCR1; CCR2; CCL19;	GO:0002407~dendritic cell chemotaxis	4	17	23.5294117647059	0.00100354876166153	0.505358600711664	0.84498805731901	0.84498805731901	0.753665120007811	0.84498805731901	1
down	CXCR2; CCR1; CCR2; ACKR1; CCL14; CCL19;	GO:0070098~chemokine-mediated signaling pathway	6	70	8.57142857142857	0.00637766748308932	0.505358600711664	1	1	0.999999938327039	0.999999938327039	1
down	ABRA; LPAR4; GPR174; P2RY10;	GO:0035025~positive regulation of Rho protein signal transduction	4	33	12.1212121212121	0.00840637928415267	0.505358600711664	1	1	0.999999938327039	0.999999938327039	1
down	RGPD5; RGPD1; RGPD4;	GO:0006607~NLS-bearing protein import into nucleus	3	19	15.7894736842105	0.011709031075767	0.505358600711664	1	1	0.999999938327039	0.999999938327039	1
down	UGT1A3; ADH1B; ADH1A;	GO:0042573~retinoic acid metabolic process	3	25	12	0.0226205761130849	0.505358600711664	1	1	0.999999938327039	0.999999938327039	1
down	RAC2; CXCR2; CCL19;	GO:0090023~positive regulation of neutrophil chemotaxis	3	26	11.5384615384615	0.0248304619868154	0.505358600711664	1	1	0.999999938327039	0.999999938327039	1
down	VIL1; PREX1; MSRB1;	GO:0030041~actin filament polymerization	3	29	10.3448275862069	0.0321306300673088	0.505358600711664	1	1	0.999999938327039	0.999999938327039	1
down	PGA3; PGA5; PGC;	GO:0007586~digestion	3	30	10	0.0347858864560783	0.505358600711664	1	1	0.999999938327039	0.999999938327039	1
