Gene	Geneid	baseMean	log2FoldChange	lfcSE	stat	pvalue	padj
Eurotiales	Eurotiales	102.592877498868	-0.6338403978788786	0.37668070551596466	-1.6826994018997208	0.09243329758723666	0.15845708157811997
Glomerellales	Glomerellales	120.07270681385225	-0.04139755226425795	0.2459263765147413	-0.16833311192944161	0.8663212259655813	0.8663212259655813
Helotiales	Helotiales	122.70435720142602	-0.6652240670328982	0.2446840404246569	-2.7187064014407345	0.006553775227981612	0.01572906054715587
Hypocreales	Hypocreales	155.58645572038793	-0.16092063545494673	0.19618464189525756	-0.8202509324907391	0.4120730721226361	0.4944876865471633
Magnaporthales	Magnaporthales	57.49965903238285	1.1125437652068328	0.29405284229660844	3.783482439814746	1.5464924020695513e-4	6.185969608278205e-4
Malasseziales	Malasseziales	914.7219492506438	1.4229612131339642	0.20965790953953956	6.787061915570645	1.1444010506923219e-11	1.3732812608307863e-10
Mycosphaerellales	Mycosphaerellales	112.80056611395483	-0.7303689358486299	0.251869147538762	-2.8997951634240082	0.003734065917906973	0.01120219775372092
Saccharomycetales	Saccharomycetales	656.1588601660916	-0.2319749074989112	0.18228522151968818	-1.272593058093062	0.2031624832143337	0.30474372482150053
Schizosaccharomycetales	Schizosaccharomycetales	136.93120389455348	0.4867528284751515	0.26830969278494443	1.8141455249821838	0.06965532429883248	0.13931064859766495
Sordariales	Sordariales	492.31369858259205	1.2362475649948579	0.26750277910235903	4.6214382113832615	3.810888407641174e-6	2.2865330445847045e-5
Tremellales	Tremellales	103.79646622069131	-0.19661718510690013	0.18549682099363032	-1.0599490818964044	0.28916776459757604	0.3855570194634347
Ustilaginales	Ustilaginales	7614.195042563036	0.11795907380229853	0.17358605265892366	0.6795423479907936	0.49679428475239273	0.5419574015480647
