Gene	Geneid	baseMean	log2FoldChange	lfcSE	stat	pvalue	padj
Eurotiales	Eurotiales	102.592877498868	-0.4680142915702225	0.34128352431461484	-1.3713357318086645	0.17027032181668805	0.26629953657297317
Glomerellales	Glomerellales	120.07270681385225	-0.41067909178990075	0.21328540471879454	-1.9254908338962964	0.05416798159201461	0.26629953657297317
Helotiales	Helotiales	122.70435720142602	-0.2780299184346276	0.21713304298173167	-1.2804588127934975	0.2003838211862182	0.2671784282482909
Hypocreales	Hypocreales	155.58645572038793	-0.48202173565583323	0.17001794626950611	-2.8351226810595063	0.004580809101657322	0.05496970921988786
Magnaporthales	Magnaporthales	57.49965903238285	-0.047384576215250704	0.21487208930498294	-0.22052457519503368	0.8254626351901989	0.8254626351901989
Malasseziales	Malasseziales	914.7219492506438	0.25686855897719796	0.1905002158896229	1.3483898576053548	0.17753302438198212	0.26629953657297317
Mycosphaerellales	Mycosphaerellales	112.80056611395483	0.37399534716481725	0.2271906426947933	1.6461740797451794	0.0997279241649043	0.26629953657297317
Saccharomycetales	Saccharomycetales	656.1588601660916	0.24891923090244766	0.1670173785770802	1.4903792229475623	0.13612455241021584	0.26629953657297317
Schizosaccharomycetales	Schizosaccharomycetales	136.93120389455348	-0.36539342884051546	0.23448080126356513	-1.5583085134112948	0.11916013180097486	0.26629953657297317
Sordariales	Sordariales	492.31369858259205	0.206549659613201	0.24342587828407217	0.8485115102354175	0.3961531649940299	0.47538379799283587
Tremellales	Tremellales	103.79646622069131	0.04847045372110604	0.15605287973160217	0.3106027508397868	0.7561026356950177	0.8248392389400192
Ustilaginales	Ustilaginales	7614.195042563036	0.2370131803102333	0.16087455151695432	1.4732795092532385	0.14067568353673168	0.26629953657297317
