Gene	Geneid	baseMean	log2FoldChange	lfcSE	stat	pvalue	padj
Eurotiales	Eurotiales	102.592877498868	-1.0970462407247865	0.3313733706279815	-3.310604707450656	9.309461553335697e-4	0.002792838466000709
Glomerellales	Glomerellales	120.07270681385225	-0.4472981248413568	0.21777939203589272	-2.053904736622814	0.039984912806336856	0.059977369209505284
Helotiales	Helotiales	122.70435720142602	-1.2950586838094955	0.21441970004342792	-6.03983068508723	1.542760276913422e-9	9.256561661480532e-9
Hypocreales	Hypocreales	155.58645572038793	-0.2465162072269134	0.17723298490901815	-1.390916072160391	0.1642508784866449	0.1971010541839739
Magnaporthales	Magnaporthales	57.49965903238285	0.6512790633627434	0.2615685052428494	2.489898631939931	0.012777953387496963	0.021905062949994794
Malasseziales	Malasseziales	914.7219492506438	1.3859984731825192	0.18574361549994195	7.461890248297403	8.528991799762737e-14	1.0234790159715284e-12
Mycosphaerellales	Mycosphaerellales	112.80056611395483	-0.645300247242411	0.22664232395462455	-2.8472186305837774	0.00441030619589472	0.010584734870147328
Saccharomycetales	Saccharomycetales	656.1588601660916	-0.4411347258297769	0.160692380603936	-2.7452124622950027	0.0060471733848122804	0.012094346769624561
Schizosaccharomycetales	Schizosaccharomycetales	136.93120389455348	0.3479277870083637	0.24048027127571556	1.446803869451134	0.1479518627377452	0.1971010541839739
Sordariales	Sordariales	492.31369858259205	1.2397242482800168	0.23705282428246058	5.229738359087516	1.6975010873323014e-7	6.790004349329206e-7
Tremellales	Tremellales	103.79646622069131	0.05530921121675668	0.17608974439463457	0.3140967204359344	0.7534475802981477	0.8219428148707065
Ustilaginales	Ustilaginales	7614.195042563036	0.016483991100784585	0.15236004575600307	0.10819103537933342	0.9138441559456965	0.9138441559456965
