Gene	Geneid	baseMean	log2FoldChange	lfcSE	stat	pvalue	padj
Eurotiales	Eurotiales	6.779145198916185	0.9995358946653538	0.6436029627592669	1.5530318418363465	0.12041552767398847	0.16055403689865128
Glomerellales	Glomerellales	11.766210661760903	-1.0819768024830037	0.5955330479512869	-1.816820756136285	0.06924456356718237	0.11870496611516976
Helotiales	Helotiales	7.404067946496635	-0.7275967205281594	0.6386790066816466	-1.1392212878711925	0.2546108687412569	0.30553304248950824
Hypocreales	Hypocreales	86.8292961540886	1.5355403230741411	0.7805736050651122	1.9671947822858458	0.04916075933038709	0.09832151866077418
Magnaporthales	Magnaporthales	6.88317101536824	1.3285523306226343	0.6672231966455165	1.9911662803421235	0.046462609620561826	0.09832151866077418
Malasseziales	Malasseziales	185.48919312367494	-8.007755287687266	1.2544672867779643	-6.38339107929612	1.7320880766932106e-10	1.0392528460159263e-9
Mycosphaerellales	Mycosphaerellales	5.623658421527393	0.30028071318350263	0.5572054160952836	0.5389048715422999	0.5899524956495061	0.5899524956495061
Saccharomycetales	Saccharomycetales	35.289777944368154	0.9727964851893229	0.4904644859937926	1.9834188059879931	0.047320668204583534	0.09832151866077418
Schizosaccharomycetales	Schizosaccharomycetales	5.460724565308738	-0.3434015651900211	0.5703755051222136	-0.6020622591715976	0.5471326954409301	0.5899524956495061
Sordariales	Sordariales	12.21906137178655	1.2352837634106355	0.528886334496805	2.3356318415485506	0.019510437576696054	0.07804175030678422
Tremellales	Tremellales	4.850972525485451	-0.9367822599605949	0.602219912488674	-1.555548464163767	0.11981550165677611	0.16055403689865128
Ustilaginales	Ustilaginales	1723.3501172707797	-9.007456636624083	1.3940066304064997	-6.461559393011969	1.0362946642104532e-10	1.0392528460159263e-9
