Gene	Geneid	baseMean	log2FoldChange	lfcSE	stat	pvalue	padj
Eurotiales	Eurotiales	6.779145198916185	-0.23502079931651104	0.3306880538988035	-0.7107024174161176	0.4772686613258051	0.4772686613258051
Glomerellales	Glomerellales	11.766210661760903	0.8437775442685332	0.2547797542442421	3.3117919701722225	9.270045120412513e-4	0.0015891505920707166
Helotiales	Helotiales	7.404067946496635	2.0222541769075546	0.2503089699806183	8.079031994195573	6.528289936416842e-16	7.83394792370021e-15
Hypocreales	Hypocreales	86.8292961540886	-2.159325356881353	0.55102634144195906	-3.91873345152738	8.901548721082824e-5	2.6704646163248474e-4
Magnaporthales	Magnaporthales	6.88317101536824	-0.7509568610423007	0.33099292881544684	-2.2688003146466462	0.023280471841107746	0.03492070776166162
Malasseziales	Malasseziales	185.48919312367494	3.548564374001698	0.6474588412142114	5.48075668770991	4.235105791543109e-8	1.6940423166172436e-7
Mycosphaerellales	Mycosphaerellales	5.623658421527393	-0.6817293999148205	0.38474791873503134	-1.7718858679111265	0.07641350476567721	0.09169620571881265
Saccharomycetales	Saccharomycetales	35.289777944368154	0.7943071783456256	0.1099679292383102	7.223080254828586	5.082299913815449e-13	3.0493799482892694e-12
Schizosaccharomycetales	Schizosaccharomycetales	5.460724565308738	0.5795119023383765	0.3177054731085156	1.8240538844618461	0.06814392634774559	0.09085856846366078
Sordariales	Sordariales	12.21906137178655	-0.1707575848325914	0.22150494264484125	-0.7708974020791146	0.44076774713452094	0.4772686613258051
Tremellales	Tremellales	4.850972525485451	1.2047155784736427	0.35733500373619365	3.3713897767570424	7.47899598895381e-4	0.001495799197790762
Ustilaginales	Ustilaginales	1723.3501172707797	2.4533318692745456	0.6640766783562964	3.6943502900101275	2.204497301180406e-4	5.290793522832974e-4
