Gene	Geneid	baseMean	log2FoldChange	lfcSE	stat	pvalue	padj
Eurotiales	Eurotiales	6.779145198916185	0.033849533036640685	0.8395214387447548	0.0403200340985362	0.9678379818641658	0.9678379818641658
Glomerellales	Glomerellales	11.766210661760903	-2.0965915561581476	0.38812106202626295	-5.40190100792901	6.593833768705587e-8	7.912600522446704e-7
Helotiales	Helotiales	7.404067946496635	1.0873787261254833	0.9615801607425739	1.13082483449509	0.25812882502229617	0.42440700829809075
Hypocreales	Hypocreales	86.8292961540886	0.17018528420010848	0.8270510456757039	0.205773615897029	0.8369677516084625	0.9288802234722724
Magnaporthales	Magnaporthales	6.88317101536824	1.3520915167786183	1.1487204125617931	1.1770414297446683	0.23917897059945784	0.42440700829809075
Malasseziales	Malasseziales	185.48919312367494	-2.452861263159556	0.8980783282952781	-2.731233107267546	0.006309782435127818	0.03785869461076691
Mycosphaerellales	Mycosphaerellales	5.623658421527393	-0.1351664413682226	0.7218939890227772	-0.1872386298037977	0.8514735381829164	0.9288802234722724
Saccharomycetales	Saccharomycetales	35.289777944368154	-0.7561574152557546	0.3976342496400355	-1.9016405552094109	0.05721816218612971	0.17165448655838914
Schizosaccharomycetales	Schizosaccharomycetales	5.460724565308738	1.0860845639459555	0.9581639022333965	1.1335060331686333	0.25700180904954933	0.42440700829809075
Sordariales	Sordariales	12.21906137178655	-0.6466356226292033	0.6022258462732134	-1.0737427273020799	0.2829380055320605	0.42440700829809075
Tremellales	Tremellales	4.850972525485451	0.6740913350196525	0.876734524980875	0.7688659631994725	0.4419728850636093	0.5892971800848124
Ustilaginales	Ustilaginales	1723.3501172707797	-2.357211220009588	0.9535287890713271	-2.4720923447999437	0.01343248136431372	0.05372992545725488
