Gene	Geneid	baseMean	log2FoldChange	lfcSE	stat	pvalue	padj
Babesiidae	Babesiidae	52.02021043955216	-1.9150109680449023	0.4321428610838002	-4.431430298864865	9.361007302485438e-6	3.2763525558699036e-5
Cryptomonadaceae	Cryptomonadaceae	4.400748311668624	2.09105597922769	0.5626405892851664	3.716503961941978	2.0199847500145305e-4	3.5349733125254285e-4
Cryptosporidiidae	Cryptosporidiidae	6.495890944817668	1.809146857524898	0.5597599326653726	3.2320049220214826	0.0012292493872132755	0.001912165713442873
Dictyosteliaceae	Dictyosteliaceae	142.17695910597098	-1.9473541091437268	0.4706905770483118	-4.137227733250011	3.5152718050677096e-5	9.842761054189586e-5
Geminigeraceae	Geminigeraceae	25.534279260222938	-2.0240162208013013	0.5304948737034405	-3.8153360590865493	1.3599772222475424e-4	3.173280185244266e-4
Hemiselmidaceae	Hemiselmidaceae	3.6473320397971376	1.2499220068733656	0.6040275783218478	2.0693128124149354	0.03851674210856732	0.04493619912666188
Hexamitidae	Hexamitidae	5.397072813206083	0.7431322682584329	0.4176624255392475	1.779265317676036	0.07519627417937685	0.08098060296240583
Parameciidae	Parameciidae	1.594032625568431	-0.7277505925776356	0.5232272701156988	-1.3908881171593208	0.16425935670596303	0.16425935670596303
Phaeodactylaceae	Phaeodactylaceae	31.03539551232706	3.7629458578454735	0.5582341618554968	6.740801826491481	1.5751492667976416e-11	2.2052089735166981e-10
Plasmodiidae	Plasmodiidae	58833.4477944743	-1.6371821884599256	0.6480739231473871	-2.5262275335951023	0.011529478228810244	0.01614126952033434
Sarcocystidae	Sarcocystidae	39097.21087749937	-1.1884611247137855	0.3195339962681964	-3.719357372278683	1.997302922926095e-4	3.5349733125254285e-4
Thalassiosiraceae	Thalassiosiraceae	36.980891539081206	3.8341244363226914	0.7003419794393276	5.474646028490501	4.383870079493357e-8	2.0458060370969e-7
Theileriidae	Theileriidae	32.62816315020293	4.419505979302261	0.6811857419585422	6.48796019510819	8.700625796300566e-11	6.090438057410396e-10
Trypanosomatidae	Trypanosomatidae	286.02404287654616	-1.3434446126993191	0.646235329749253	-2.0788783139117317	0.037628536423216036	0.04493619912666188
