Gene	Geneid	baseMean	log2FoldChange	lfcSE	stat	pvalue	padj
Babesiidae	Babesiidae	226.1134297705202	-0.3873911798873358	0.26424696324037056	-1.4660194203819397	0.1426429962172454	0.4504776804129747
Cryptomonadaceae	Cryptomonadaceae	5.53065641947093	-0.46777452618453924	0.3310789667614987	-1.4128790202535357	0.15769129873145504	0.4504776804129747
Cryptosporidiidae	Cryptosporidiidae	19.964914837833728	1.249076537191044	0.4221717259369517	2.958693016257523	0.0030894669740893412	0.043252537637250774
Dictyosteliaceae	Dictyosteliaceae	131.6580501566453	-0.37966654848679954	0.3249891281220893	-1.1682438445884549	0.24270841953370817	0.4769233289290152
Geminigeraceae	Geminigeraceae	37.72219700993213	-0.2554515200852584	0.26808842072967304	-0.9528629374964425	0.3406595206635823	0.4769233289290152
Hemiselmidaceae	Hemiselmidaceae	12.095300907598961	0.7175925364968706	0.3987815346662787	1.79946279884145	0.0719455034789132	0.4504776804129747
Hexamitidae	Hexamitidae	2.7580080566404566	-0.15322179902108968	0.26344312362426897	-0.581612444132797	0.5608277589279671	0.6542990520826283
Parameciidae	Parameciidae	1.41924712269779	-0.4620561752372407	0.3690994997622964	-1.2518471998331324	0.21062554742939538	0.4769233289290152
Phaeodactylaceae	Phaeodactylaceae	16.314812435464866	0.19054455260906675	0.31530834180301753	0.6043118032319791	0.5456363604606813	0.6542990520826283
Plasmodiidae	Plasmodiidae	73310.25020076151	-0.40890000526161846	0.41572375789010396	-0.9835858487782424	0.32531918586062464	0.4769233289290152
Sarcocystidae	Sarcocystidae	29601.068737065645	-0.2536832904284595	0.23146556391937434	-1.0959871789689812	0.2730843852810723	0.4769233289290152
Thalassiosiraceae	Thalassiosiraceae	12.746969817483915	-0.05528015350812076	0.3517705356267255	-0.15714833367050451	0.8751279460094095	0.8751279460094095
Theileriidae	Theileriidae	11.20576859046258	-0.0688819125538332	0.3171780229607548	-0.21717113913140232	0.8280749755777559	0.8751279460094095
Trypanosomatidae	Trypanosomatidae	371.9549806014829	-0.5988276666883975	0.42709289616944934	-1.4021016787195923	0.16088488586177668	0.4504776804129747
