Gene	Geneid	baseMean	log2FoldChange	lfcSE	stat	pvalue	padj
Babesiidae	Babesiidae	52.02021043955216	-2.0885633054127206	1.2201269713953005	-1.7117589844147962	0.08694109355739525	0.21833241491849192
Cryptomonadaceae	Cryptomonadaceae	4.400748311668624	2.025970685741949	1.7496025855631196	1.1579605005498312	0.24688015601976743	0.4045138817034269
Cryptosporidiidae	Cryptosporidiidae	6.495890944817668	1.608024657917023	1.6969676006233545	0.9475871297285465	0.3433396807501046	0.4485008933081386
Dictyosteliaceae	Dictyosteliaceae	142.17695910597098	-2.067539319565782	1.33078581229128	-1.5536229049556796	0.12027439244296032	0.24054878488592063
Geminigeraceae	Geminigeraceae	25.534279260222938	-0.21708435380161106	1.5489278663115116	-0.14015136438765077	0.8885403981261053	0.8885403981261053
Hemiselmidaceae	Hemiselmidaceae	3.6473320397971376	1.2888951148890309	1.877827763511999	0.6863755771074981	0.4924763013720486	0.5745556849340567
Hexamitidae	Hexamitidae	5.397072813206083	1.4911481061990224	1.603459899387681	0.9299565937186534	0.35239355902782316	0.4485008933081386
Parameciidae	Parameciidae	1.594032625568431	-0.9347835373645927	1.5661332185435513	-0.5968735777368342	0.550591789223344	0.5929450037789857
Phaeodactylaceae	Phaeodactylaceae	31.03539551232706	4.758941336735678	1.958000179165679	2.4305111855319157	0.015077540651015527	0.2110855691142174
Plasmodiidae	Plasmodiidae	58833.4477944743	-2.064466828711752	1.8329869205567335	-1.1262856300604214	0.2600446382379173	0.4045138817034269
Sarcocystidae	Sarcocystidae	39097.21087749937	-1.5154912081440286	0.9037705174188496	-1.6768540010269875	0.09357103496506797	0.21833241491849192
Thalassiosiraceae	Thalassiosiraceae	36.980891539081206	3.6435333580248224	2.0801925908882857	1.751536551944432	0.07985353082353336	0.21833241491849192
Theileriidae	Theileriidae	32.62816315020293	4.22789276737328	2.029691876188299	2.08302196849363	0.03724922115122087	0.21833241491849192
Trypanosomatidae	Trypanosomatidae	286.02404287654616	-3.394581790260994	1.8255770945635525	-1.8594568262111928	0.06296241344609475	0.21833241491849192
