Gene	Geneid	baseMean	log2FoldChange	lfcSE	stat	pvalue	padj
Babesiidae	Babesiidae	226.1134297705202	2.3305553724779275	0.6323218060126884	3.6857108996034875	2.280651284390087e-4	0.0031929117981461218
Cryptomonadaceae	Cryptomonadaceae	5.53065641947093	-2.2104147237111627	1.0335024675204036	-2.138760954305631	0.03245503320251817	0.0751209097896498
Cryptosporidiidae	Cryptosporidiidae	19.964914837833728	-3.179646882417238	1.2308012328423796	-2.583395919318545	0.009783298092279829	0.05569473840910549
Dictyosteliaceae	Dictyosteliaceae	131.6580501566453	1.5713079357915067	0.7781218977429507	2.01935961492576	0.04344985583325104	0.076037247708189315
Geminigeraceae	Geminigeraceae	37.72219700993213	-0.6161778871114306	0.6584640813705527	-0.9357805604656432	0.349386182316946	0.4646392645505647
Hemiselmidaceae	Hemiselmidaceae	12.095300907598961	-2.860847771580977	1.1805292053098844	-2.4233604376013855	0.01537766070810015	0.05569473840910549
Hexamitidae	Hexamitidae	2.7580080566404566	0.5599757555634551	0.6930790748579196	0.8079536316664148	0.4191172754299345	0.47071735633498185
Parameciidae	Parameciidae	1.41924712269779	0.807328513174855	0.8913472826698203	0.9057395797030906	0.365073707861158	0.4646392645505647
Phaeodactylaceae	Phaeodactylaceae	16.314812435464866	-2.4489215558028734	1.0157665516447847	-2.410909821589858	0.01591278240260157	0.05569473840910549
Plasmodiidae	Plasmodiidae	73310.25020076151	0.7752186424765083	0.9975679349802371	0.7771086211706135	0.4370946880253403	0.47071735633498185
Sarcocystidae	Sarcocystidae	29601.068737065645	1.0041330536100859	0.555417463028493	1.8078888771968151	0.07062379723426238	0.10985924014218591
Thalassiosiraceae	Thalassiosiraceae	12.746969817483915	-2.4035567660880837	1.0799300637757758	-2.2256596484447257	0.026036987528996726	0.07290356508119082
Theileriidae	Theileriidae	11.20576859046258	-2.098427063219736	1.009043794028376	-2.0796194135858537	0.0375604548948249	0.0751209097896498
Trypanosomatidae	Trypanosomatidae	371.9549806014829	0.28422769453518465	1.02487212206517	0.277329911133158	0.7815267941880776	0.7815267941880776
