Gene	Geneid	baseMean	log2FoldChange	lfcSE	stat	pvalue	padj
Babesiidae	Babesiidae	52.02021043955216	-3.2661567862029792	0.6301930570717468	-5.182787638726922	2.1859387971453718e-7	3.0603143160035207e-6
Cryptomonadaceae	Cryptomonadaceae	4.400748311668624	2.1235249173925	0.8884305738322044	2.3901979287281536	0.01683929502356554	0.03367859004713108
Cryptosporidiidae	Cryptosporidiidae	6.495890944817668	1.7064197990737204	0.8608607840563897	1.982225036472266	0.0474540597395824	0.06643568363541535
Dictyosteliaceae	Dictyosteliaceae	142.17695910597098	-2.728552274209935	0.6916200431349484	-3.9451607877673114	7.974644982352521e-5	2.791125743823382e-4
Geminigeraceae	Geminigeraceae	25.534279260222938	-0.1302443165543217	0.804574653217918	-0.16187971623690361	0.8714005762246115	0.8714005762246115
Hemiselmidaceae	Hemiselmidaceae	3.6473320397971376	1.3847490963691347	0.9579119609727468	1.4455911950018252	0.1482918977370035	0.1730072140265041
Hexamitidae	Hexamitidae	5.397072813206083	1.0294430373723509	0.6999320784078229	1.4707756211346765	0.14135180749264095	0.1730072140265041
Parameciidae	Parameciidae	1.594032625568431	-0.8338353053198662	0.7980887444025018	-1.0447902080665559	0.2961199414963268	0.3188983985345058
Phaeodactylaceae	Phaeodactylaceae	31.03539551232706	4.853940328050293	0.9978145217767913	4.864571743661301	1.1470489579058035e-6	8.029342705340625e-6
Plasmodiidae	Plasmodiidae	58833.4477944743	-2.0939335844123055	0.9539372079848931	-2.1950434125905964	0.02816048377282181	0.04380519697994504
Sarcocystidae	Sarcocystidae	39097.21087749937	-1.5544229650447479	0.47033853663905606	-3.3049024138067438	9.500947451426163e-4	0.0022168877386661047
Thalassiosiraceae	Thalassiosiraceae	36.980891539081206	3.7373989133802934	1.06300970834787	3.5158652682381986	4.3832335776435396e-4	0.001227305401740191
Theileriidae	Theileriidae	32.62816315020293	4.322195158617814	1.0360201181119246	4.171922034192461	3.02040994166527e-5	1.4095246394437927e-4
Trypanosomatidae	Trypanosomatidae	286.02404287654616	-2.182597122819612	0.9506357441676334	-2.295934206356475	0.02167964355907935	0.03793937622838886
