Gene	Geneid	baseMean	log2FoldChange	lfcSE	stat	pvalue	padj
Babesiidae	Babesiidae	52.02021043955216	-2.502248770834274	0.6054996959606385	-4.132535140029099	3.587838929623451e-5	3.584270401867276e-4
Cryptomonadaceae	Cryptomonadaceae	4.400748311668624	1.0450566826127323	0.8763256018747194	1.19254382204177	0.23304807855419557	0.29660664543261256
Cryptosporidiidae	Cryptosporidiidae	6.495890944817668	1.610478077987064	0.8492150689276542	1.89643134809265	0.05790302994006966	0.1013303023951219
Dictyosteliaceae	Dictyosteliaceae	142.17695910597098	-2.1455565867262627	0.6653421324785025	-3.224741801235001	0.0012608632889684797	0.0029420143409264526
Geminigeraceae	Geminigeraceae	25.534279260222938	-0.0986182332306246	0.7757092283668994	-0.1271329895587881	0.8988351414085963	0.8988351414085963
Hemiselmidaceae	Hemiselmidaceae	3.6473320397971376	0.968916776956507	0.9402436865440681	1.0304953820193452	0.30277751894698013	0.32783357306782357
Hexamitidae	Hexamitidae	5.397072813206083	1.1108206608402857	0.6900139532765307	1.609852461048874	0.10743006928121207	0.1504020969936969
Parameciidae	Parameciidae	1.594032625568431	-0.8070973158953751	0.7858727845147571	-1.027007591812361	0.30441688927726474	0.32783357306782357
Phaeodactylaceae	Phaeodactylaceae	31.03539551232706	3.874732801587965	0.9799143858322994	3.9541544216609545	7.680579432572734e-5	3.584270401867276e-4
Plasmodiidae	Plasmodiidae	58833.4477944743	-1.75521406189772	0.9180391717928307	-1.9119163057824402	0.05588692988096495	0.1013303023951219
Sarcocystidae	Sarcocystidae	39097.21087749937	-1.5193855813799089	0.4526389625814965	-3.35672734117834	7.887084977343039e-4	0.002208383793656051
Thalassiosiraceae	Thalassiosiraceae	36.980891539081206	3.5169146128249404	1.041110544104087	3.3780414891978365	7.300406520223818e-4	0.002208383793656051
Theileriidae	Theileriidae	32.62816315020293	4.054148089033982	1.0157772698661893	3.9911781935896675	6.574585624899815e-5	3.584270401867276e-4
Trypanosomatidae	Trypanosomatidae	286.02404287654616	-1.5073869782826101	0.9147884770014336	-1.6477983885669865	0.09939404983255477	0.1504020969936969
