Gene	Geneid	baseMean	log2FoldChange	lfcSE	stat	pvalue	padj
Babesiidae	Babesiidae	226.1134297705202	-0.18195508069612126	0.40591886055514675	-0.44825480749348295	0.6539693120977697	0.6539693120977697
Cryptomonadaceae	Cryptomonadaceae	5.53065641947093	1.9703961614789143	0.6461275663473097	3.049546659366298	0.002291870291025374	0.0053476973457258735
Cryptosporidiidae	Cryptosporidiidae	19.964914837833728	4.753639106424534	0.78327951035491306	6.068892449734329	1.2879535687200065e-9	1.8031349962080092e-8
Dictyosteliaceae	Dictyosteliaceae	131.6580501566453	-0.3569974576317502	0.49896663699441285	-0.7154736031694794	0.4743164461796697	0.5533691872096147
Geminigeraceae	Geminigeraceae	37.72219700993213	-1.1889068979432647	0.4079756379455114	-2.914161502217084	0.0035664534846615013	0.0071329069693230026
Hemiselmidaceae	Hemiselmidaceae	12.095300907598961	3.696109014473753	0.7323749157578251	5.046744413207003	4.4940188630408266e-7	3.1458132041285784e-6
Hexamitidae	Hexamitidae	2.7580080566404566	-0.6920298732434631	0.4020636498156198	-1.721194824652309	0.08521547664661071	0.14912708413156875
Parameciidae	Parameciidae	1.41924712269779	-0.889862366271011	0.5689517171220255	-1.564038457906892	0.11780853713225826	0.1832577244279573
Phaeodactylaceae	Phaeodactylaceae	16.314812435464866	1.8649549090290192	0.5531945060335905	3.3712462591155545	7.482893581727517e-4	0.0020952102028837048
Plasmodiidae	Plasmodiidae	73310.25020076151	-0.3254466325677313	0.6379489082445078	-0.5101452927684874	0.6099496758129412	0.6539693120977697
Sarcocystidae	Sarcocystidae	29601.068737065645	-0.3498620610492718	0.35519594221080436	-0.9849832711254146	0.32463228825510304	0.44654926807242223
Thalassiosiraceae	Thalassiosiraceae	12.746969817483915	2.6884198468908447	0.6872228967554302	3.9120056383214528	9.153277431169528e-5	4.2715294678791134e-4
Theileriidae	Theileriidae	11.20576859046258	2.379503296006133	0.6416570333912416	3.708372498358112	2.0859564827187843e-4	7.300847689515745e-4
Trypanosomatidae	Trypanosomatidae	371.9549806014829	0.6120538006156734	0.6560609240512107	0.9329222000240601	0.35086013919976033	0.44654926807242223
