Gene	Geneid	baseMean	log2FoldChange	lfcSE	stat	pvalue	padj
Babesiidae	Babesiidae	226.1134297705202	-2.9141038919457634	0.3403178763911393	-8.562888094060863	1.1007476245783983e-17	1.5410466744097575e-16
Cryptomonadaceae	Cryptomonadaceae	5.53065641947093	2.168205386072428	0.5007831482133648	4.3296292892600245	1.4936056050195932e-5	3.485079745045718e-5
Cryptosporidiidae	Cryptosporidiidae	19.964914837833728	1.6531405371354788	0.6133626675880675	2.695208926940632	0.007034450790859097	0.009848231107202735
Dictyosteliaceae	Dictyosteliaceae	131.6580501566453	-1.6901897378377886	0.41794037670871287	-4.044092966437126	5.252607536658756e-5	1.0505215073317512e-4
Geminigeraceae	Geminigeraceae	37.72219700993213	-2.228545282545399	0.34772288946782215	-6.408969182201696	1.465068018896307e-10	5.127738066137074e-10
Hemiselmidaceae	Hemiselmidaceae	12.095300907598961	1.520223361975197	0.5984296223623926	2.540354463025882	0.011074017180785021	0.014094203684635482
Hexamitidae	Hexamitidae	2.7580080566404566	1.3893517800802766	0.3135578497318383	4.430926482205696	9.382907717552071e-6	2.6272141609145798e-5
Parameciidae	Parameciidae	1.41924712269779	-0.2811809769993685	0.4374446115800613	-0.6427807533935223	0.5203663734574189	0.5344744971022451
Phaeodactylaceae	Phaeodactylaceae	16.314812435464866	3.4870977158548273	0.4241799148210218	8.220798755467174	2.021522371907289e-16	1.4150656603351021e-15
Plasmodiidae	Plasmodiidae	73310.25020076151	-1.2908438896332957	0.534048795683278	-2.417089786677173	0.01564515741428035	0.01825268364999374
Sarcocystidae	Sarcocystidae	29601.068737065645	-0.8378495046281119	0.2973470697092494	-2.8177493238705	0.004836155083028503	0.007522907906933228
Thalassiosiraceae	Thalassiosiraceae	12.746969817483915	-0.27096127839373674	0.4361969736694337	-0.6211901841370437	0.5344744971022451	0.5344744971022451
Theileriidae	Theileriidae	11.20576859046258	3.158363882491766	0.42492035373578685	7.432837365224494	1.0629256097858496e-13	4.960319512333965e-13
Trypanosomatidae	Trypanosomatidae	371.9549806014829	-1.8620242163824134	0.5488266303443213	-3.392736637459122	6.919813363185967e-4	0.0012109673385575443
