Gene	Geneid	baseMean	log2FoldChange	lfcSE	stat	pvalue	padj
Babesiidae	Babesiidae	52.02021043955216	-0.8731407322287612	0.24749204337152697	-3.5279547590062554	4.187837251657978e-4	0.0013282962532329301
Cryptomonadaceae	Cryptomonadaceae	4.400748311668624	-0.15860254446315394	0.2499556003489292	-0.634522868228399	0.5257396475245779	0.5257396475245779
Cryptosporidiidae	Cryptosporidiidae	6.495890944817668	-0.931370097887956	0.20680790499098858	-4.503551728008363	6.682709209319514e-6	4.6778964465236596e-5
Dictyosteliaceae	Dictyosteliaceae	142.17695910597098	-0.9572947113390332	0.2703914208515817	-3.5404034208041457	3.995158284160563e-4	0.0013282962532329301
Geminigeraceae	Geminigeraceae	25.534279260222938	-0.7764578371570234	0.3068573223244682	-2.530354600226889	0.011394730171910093	0.017725135822971257
Hemiselmidaceae	Hemiselmidaceae	3.6473320397971376	0.2701019638000738	0.29977781920113133	0.9010071676412224	0.36758450872567644	0.4288485935132892
Hexamitidae	Hexamitidae	5.397072813206083	0.6025699318726337	0.20350229391530048	2.960998228960647	0.0030664370241285173	0.006132874048257035
Parameciidae	Parameciidae	1.594032625568431	-0.7816398321599803	0.24578382462761858	-3.180192322843966	0.0014717733795473805	0.003434137885610555
Phaeodactylaceae	Phaeodactylaceae	31.03539551232706	0.28306048569653236	0.27722222966613425	1.0210598408267233	0.3072260881821534	0.3910150213227407
Plasmodiidae	Plasmodiidae	58833.4477944743	-0.8767901528080986	0.3725276700818955	-2.3536242357925983	0.018591394133722208	0.02602795178721109
Sarcocystidae	Sarcocystidae	39097.21087749937	-0.6419123830012899	0.18367567194184675	-3.4948143987436984	4.743915190117608e-4	0.0013282962532329301
Thalassiosiraceae	Thalassiosiraceae	36.980891539081206	-2.0537143979101367	0.3071416014764545	-6.686539329214166	2.2850975674320593e-11	3.199136594404883e-10
Theileriidae	Theileriidae	32.62816315020293	-0.2224714411119757	0.2951073656370741	-0.7538661077865919	0.4509296235169679	0.4856165176336577
Trypanosomatidae	Trypanosomatidae	286.02404287654616	-0.973591510301205	0.3712154562809747	-2.6227127503125547	0.008723278523622093	0.015265737416338663
