Gene	Geneid	baseMean	log2FoldChange	lfcSE	stat	pvalue	padj
Babesiidae	Babesiidae	226.1134297705202	2.292428465690661	0.25259210010120675	9.075614260193202	1.1303808220695381e-19	1.5825331508973533e-18
Cryptomonadaceae	Cryptomonadaceae	5.53065641947093	0.007711859472227122	0.30967243120277677	0.024903280677178896	0.9801321104449594	0.9801321104449594
Cryptosporidiidae	Cryptosporidiidae	19.964914837833728	3.0487555615174946	0.4048576740690321	7.53043787184741	5.0570448708334464e-14	2.3599542730556087e-13
Dictyosteliaceae	Dictyosteliaceae	131.6580501566453	1.4150281816206984	0.3095133019151912	4.5717847112381165	4.835876531204818e-6	8.46278392960843e-6
Geminigeraceae	Geminigeraceae	37.72219700993213	2.002767647517	0.2594612372476566	7.718947418744295	1.1729427443083425e-14	8.210599210158397e-14
Hemiselmidaceae	Hemiselmidaceae	12.095300907598961	2.5957133490459525	0.38414261272680106	6.7571606560920685	1.4072212788385894e-11	3.283516317290042e-11
Hexamitidae	Hexamitidae	2.7580080566404566	-1.3994666895285626	0.188009919707099	-7.443578996835882	9.799345782332268e-14	3.4297710238162935e-13
Parameciidae	Parameciidae	1.41924712269779	-0.15622638377302475	0.2966319978593551	-0.5266673349484631	0.5984246231768166	0.6444572864981101
Phaeodactylaceae	Phaeodactylaceae	16.314812435464866	-1.8714534414602715	0.28788398948150246	-6.5007208105976275	7.993606292462528e-11	1.5987212584925056e-10
Plasmodiidae	Plasmodiidae	73310.25020076151	1.0976857303945922	0.3950971242809535	2.778268083809256	0.005464950935676564	0.006375776091622658
Sarcocystidae	Sarcocystidae	29601.068737065645	0.8087110154909348	0.21998109383627343	3.6762750897712997	2.366643164087364e-4	3.3133004297223093e-4
Thalassiosiraceae	Thalassiosiraceae	12.746969817483915	-1.067736970748947	0.32507463434926953	-3.2845902384427195	0.0010213078701644628	0.0012998463802093162
Theileriidae	Theileriidae	11.20576859046258	-1.9545591963197777	0.2869320411634494	-6.811923786533038	9.630212544347516e-12	2.6964595124173044e-11
Trypanosomatidae	Trypanosomatidae	371.9549806014829	1.5157845798022231	0.40613865285825795	3.7321849795252824	1.898260173386205e-4	2.9528491586007635e-4
