Gene	Geneid	baseMean	log2FoldChange	lfcSE	stat	pvalue	padj
Babesiidae	Babesiidae	52.02021043955216	-1.351145818158077	0.7069204164535863	-1.911312485408728	0.05596443551633297	0.3917510486143308
Cryptomonadaceae	Cryptomonadaceae	4.400748311668624	0.0324689381648104	1.0207248142699636	0.03180968828315654	0.9746238204148006	0.9746238204148006
Cryptosporidiidae	Cryptosporidiidae	6.495890944817668	-0.10272705845117715	0.9990417424057422	-0.1028255918554567	0.9181013935558557	0.9746238204148006
Dictyosteliaceae	Dictyosteliaceae	142.17695910597098	-0.7811981650662084	0.7752437950463879	-1.0076806419578814	0.31360780112425	0.9746238204148006
Geminigeraceae	Geminigeraceae	25.534279260222938	1.8937719042469796	0.8955584550166454	2.114626793637698	0.03446176818389374	0.3917510486143308
Hemiselmidaceae	Hemiselmidaceae	3.6473320397971376	0.13482708949576894	1.0892480451619022	0.12377996921328299	0.9014894920824286	0.9746238204148006
Hexamitidae	Hexamitidae	5.397072813206083	0.28631076911391784	0.7907967936456305	0.36205352805491847	0.717312030304686	0.9746238204148006
Parameciidae	Parameciidae	1.594032625568431	-0.10608471274223054	0.9205530672235501	-0.11524019257487149	0.9082547418066388	0.9746238204148006
Phaeodactylaceae	Phaeodactylaceae	31.03539551232706	1.0909944702048193	1.0992105442102325	0.9925254774449819	0.3209412575513749	0.9746238204148006
Plasmodiidae	Plasmodiidae	58833.4477944743	-0.45675139595238	1.0692655321033009	-0.427163676597642	0.6692601158971767	0.9746238204148006
Sarcocystidae	Sarcocystidae	39097.21087749937	-0.3659618403309622	0.5272017467794736	-0.6941590056681708	0.48758249798854003	0.9746238204148006
Thalassiosiraceae	Thalassiosiraceae	36.980891539081206	-0.09672552294239795	1.2215537569274655	-0.0791823711350113	0.9368875663572392	0.9746238204148006
Theileriidae	Theileriidae	32.62816315020293	-0.09731082068444719	1.1923744751218046	-0.08161095588238468	0.9349560888252527	0.9746238204148006
Trypanosomatidae	Trypanosomatidae	286.02404287654616	-0.8391525101202929	1.0656791710619153	-0.7874344670583213	0.43102757668443215	0.9746238204148006
