Gene	Geneid	baseMean	log2FoldChange	lfcSE	stat	pvalue	padj
Babesiidae	Babesiidae	52.02021043955216	-0.002491953525437552	0.31027446015619303	-0.008031449073130593	0.9935918996752853	0.9935918996752853
Cryptomonadaceae	Cryptomonadaceae	4.400748311668624	-1.398485378470935	0.35632480142816186	-3.924748916903225	8.682024504778683e-5	0.0012154834306690157
Cryptosporidiidae	Cryptosporidiidae	6.495890944817668	-0.7424719491814066	0.2685468798714916	-2.7647759286449483	0.0056961908831035125	0.03223790575858054
Dictyosteliaceae	Dictyosteliaceae	142.17695910597098	-0.143703085556066	0.33898471729707935	-0.4239220183785676	0.6716226857001083	0.9402717599801516
Geminigeraceae	Geminigeraceae	25.534279260222938	0.03709064719544935	0.384734623883775	0.09640579478142865	0.9231982899930831	0.9935918996752853
Hemiselmidaceae	Hemiselmidaceae	3.6473320397971376	-1.12783468815038	0.4175246186178776	-2.7012411672485945	0.0069081226625529735	0.03223790575858054
Hexamitidae	Hexamitidae	5.397072813206083	-0.0801187304584824	0.26609140317796043	-0.3010947723286628	0.7633422272511551	0.9715264710469246
Parameciidae	Parameciidae	1.594032625568431	0.16767784569613833	0.3017756098383922	0.555637500942948	0.5784586897904607	0.9402717599801516
Phaeodactylaceae	Phaeodactylaceae	31.03539551232706	-0.0041214438098525295	0.3489312971447446	-0.01181161977609266	0.9905759100757399	0.9935918996752853
Plasmodiidae	Plasmodiidae	58833.4477944743	0.2060760720551628	0.46692574665660114	0.4413465599846665	0.6589621237932146	0.9402717599801516
Sarcocystidae	Sarcocystidae	39097.21087749937	0.17609721687393212	0.23021882102496133	0.7649123390082816	0.444323745887374	0.9340610382021062
Thalassiosiraceae	Thalassiosiraceae	36.980891539081206	-0.5763981739056093	0.38498668389536267	-1.4971898977738962	0.13434385323972725	0.4702034863390454
Theileriidae	Theileriidae	32.62816315020293	-0.48834425850801244	0.3718409497365897	-1.3133148967426882	0.1890768608889989	0.5294152104891968
Trypanosomatidae	Trypanosomatidae	286.02404287654616	-0.33845301849471476	0.4653432486683035	-0.7273190692317617	0.4670305191010531	0.9340610382021062
