Gene	Geneid	baseMean	log2FoldChange	lfcSE	stat	pvalue	padj
Babesiidae	Babesiidae	226.1134297705202	-0.4397203455589816	0.4656002677321223	-0.9444160066762882	0.34495710500875487	0.8048999116870947
Cryptomonadaceae	Cryptomonadaceae	5.53065641947093	0.20552108406574052	0.7565497861220537	0.27165572951808875	0.7858867442206879	0.9545294494864426
Cryptosporidiidae	Cryptosporidiidae	19.964914837833728	-0.05174300777155944	0.9087523408937805	-0.05693851387570447	0.9545941744264759	0.9545941744264759
Dictyosteliaceae	Dictyosteliaceae	131.6580501566453	0.08183590141466011	0.5725760903622202	0.14292580984806663	0.8863487745231253	0.9545294494864426
Geminigeraceae	Geminigeraceae	37.72219700993213	0.9631292629148659	0.4690790928860633	2.0532342573383557	0.04004986345139853	0.2803490441597897
Hemiselmidaceae	Hemiselmidaceae	12.095300907598961	0.41982769654739627	0.8642485078028487	0.48577196576793724	0.62712885285165	0.9545294494864426
Hexamitidae	Hexamitidae	2.7580080566404566	0.6819149637951775	0.4739472267280813	1.4387993543137956	0.15020737939741177	0.5257258278909412
Parameciidae	Parameciidae	1.41924712269779	0.4524550054986177	0.6535084563052614	0.6923475911186537	0.4887190698213469	0.855258372187357
Phaeodactylaceae	Phaeodactylaceae	16.314812435464866	-0.249310634634463	0.6348823278714906	-0.39268794182742967	0.6945499777465614	0.9545294494864426
Plasmodiidae	Plasmodiidae	73310.25020076151	0.13228847332902788	0.732178385426678	0.18067792762270166	0.8566203848396113	0.9545294494864426
Sarcocystidae	Sarcocystidae	29601.068737065645	0.3207235719120946	0.4076613246094045	0.7867402487086352	0.4314339376820277	0.855258372187357
Thalassiosiraceae	Thalassiosiraceae	12.746969817483915	-4.027118096033528	0.7462369541680245	-5.396567502507753	6.792786285340707e-8	9.50990079947699e-7
Theileriidae	Theileriidae	11.20576859046258	-1.1756986098341449	0.7141085766696535	-1.6463863455011027	0.09968424250043822	0.46519313166871173
Trypanosomatidae	Trypanosomatidae	371.9549806014829	-0.9582934371958636	0.7527801809934183	-1.2730056680440716	0.20301603055077583	0.5684448855421723
