Gene	Geneid	baseMean	log2FoldChange	lfcSE	stat	pvalue	padj
Babesiidae	Babesiidae	52.02021043955216	1.6345567940720291	0.29775625616911894	5.489580017904434	4.028905665209829e-8	2.8202339656468803e-7
Cryptomonadaceae	Cryptomonadaceae	4.400748311668624	-2.3183510687875493	0.32729407069062877	-7.083388537701149	1.4067154599416462e-12	1.9694016439183045e-11
Cryptosporidiidae	Cryptosporidiidae	6.495890944817668	0.09295642761989295	0.2564389392447089	0.3624895185328642	0.7169862547324014	0.7169862547324014
Dictyosteliaceae	Dictyosteliaceae	142.17695910597098	1.3965873132666395	0.32407707247723494	4.309429552023444	1.63676185481355e-5	5.728666491847425e-5
Geminigeraceae	Geminigeraceae	25.534279260222938	0.8451745676761698	0.36740166874524877	2.3004102582402863	0.021424988205125457	0.024995819572646367
Hemiselmidaceae	Hemiselmidaceae	3.6473320397971376	-1.8137689713630816	0.38328353451745756	-4.7321859877089745	2.2211475104640665e-6	1.0365355048832311e-5
Hexamitidae	Hexamitidae	5.397072813206083	-0.6013110388631813	0.23365153498067928	-2.5735377210892447	0.010066467305026548	0.012811867479124698
Parameciidae	Parameciidae	1.594032625568431	0.9760556672806098	0.27313676116895175	3.573505313248039	3.522340926398812e-4	7.044681852797624e-4
Phaeodactylaceae	Phaeodactylaceae	31.03539551232706	-1.2663894559687128	0.32938525774792204	-3.8447059368330274	1.206970877059536e-4	2.816265379805584e-4
Plasmodiidae	Plasmodiidae	58833.4477944743	1.421585747377847	0.4457687074879796	3.1890658170889687	0.001427333759260508	0.002220296958849679
Sarcocystidae	Sarcocystidae	39097.21087749937	0.8530469835400608	0.21978688882966235	3.881246001899518	1.039226533882456e-4	2.816265379805584e-4
Thalassiosiraceae	Thalassiosiraceae	36.980891539081206	1.2568319234491743	0.36888379681802547	3.407121522524297	6.565188966423342e-4	0.0011489080691240848
Theileriidae	Theileriidae	32.62816315020293	-0.5339198869798684	0.3538897042032841	-1.5087183397490704	0.13137077674282371	0.1414762211076563
Trypanosomatidae	Trypanosomatidae	286.02404287654616	1.3103486363434922	0.4444427831911017	2.948295451970626	0.0031953151955744085	0.004473441273804172
