Gene	Geneid	baseMean	log2FoldChange	lfcSE	stat	pvalue	padj
Babesiidae	Babesiidae	226.1134297705202	0.02544668896657761	0.45818452897315803	0.055538079872767515	0.9557097933994075	0.9943414505933489
Cryptomonadaceae	Cryptomonadaceae	5.53065641947093	-0.02806640826398727	0.74948506214022	-0.037447588593482024	0.9701281290481747	0.9943414505933489
Cryptosporidiidae	Cryptosporidiidae	19.964914837833728	-0.006420712360820421	0.9053458668529872	-0.00709199941801141	0.9943414505933489	0.9943414505933489
Dictyosteliaceae	Dictyosteliaceae	131.6580501566453	-0.43101531789155445	0.5634966918345103	-0.7648941407062182	0.4443345832369352	0.9943414505933489
Geminigeraceae	Geminigeraceae	37.72219700993213	-0.9122918780986407	0.46167179355481125	-1.9760615459612874	0.04814780700159799	0.6740692980223719
Hemiselmidaceae	Hemiselmidaceae	12.095300907598961	-0.2632645525212761	0.8549261844860377	-0.307938342863536	0.7581292491059598	0.9943414505933489
Hexamitidae	Hexamitidae	2.7580080566404566	-0.17406933289660706	0.4606349046804816	-0.37789001903220915	0.7055122973058637	0.9943414505933489
Parameciidae	Parameciidae	1.41924712269779	-0.07746268935168048	0.64355668649332	-0.12036653643328206	0.9041927986945466	0.9943414505933489
Phaeodactylaceae	Phaeodactylaceae	16.314812435464866	0.2026803742157706	0.6311526544514516	0.3211273418344798	0.7481138909255596	0.9943414505933489
Plasmodiidae	Plasmodiidae	73310.25020076151	0.11846585354187038	0.7200553708830475	0.16452325519992794	0.869319241177837	0.9943414505933489
Sarcocystidae	Sarcocystidae	29601.068737065645	-0.026269507330251976	0.40091117150555095	-0.06552450816374483	0.9477563935700062	0.9943414505933489
Thalassiosiraceae	Thalassiosiraceae	12.746969817483915	0.7987037300840987	0.7717890811268937	1.0348730626221179	0.30072819616099206	0.9943414505933489
Theileriidae	Theileriidae	11.20576859046258	0.7236258546011486	0.7212777522602031	1.0032554759017418	0.3157376125687739	0.9943414505933489
Trypanosomatidae	Trypanosomatidae	371.9549806014829	0.6745445110097387	0.7404189503424423	0.9110308571893834	0.3622791153655014	0.9943414505933489
