Gene	Geneid	baseMean	log2FoldChange	lfcSE	stat	pvalue	padj
Babesiidae	Babesiidae	52.02021043955216	-0.45400651134069137	1.2219714898394523	-0.37153609156653944	0.7102382793751767	0.9116158507680974
Cryptomonadaceae	Cryptomonadaceae	4.400748311668624	-0.29238038304560005	1.7618841967628793	-0.16594755976743097	0.8681982190682516	0.934982697458117
Cryptosporidiidae	Cryptosporidiidae	6.495890944817668	1.700981085536916	1.6997446251897395	1.0007274388922034	0.3169585980743282	0.8874840746081188
Dictyosteliaceae	Dictyosteliaceae	142.17695910597098	-0.6709520062991423	1.3330910783525787	-0.5033054509136003	0.614749534647788	0.9116158507680974
Geminigeraceae	Geminigeraceae	25.534279260222938	0.6280902138745588	1.5515866740005038	0.4048051097623405	0.6856207725157234	0.9116158507680974
Hemiselmidaceae	Hemiselmidaceae	3.6473320397971376	-0.5248738564740508	1.891337974106129	-0.2775145762735045	0.7813850149440834	0.9116158507680974
Hexamitidae	Hexamitidae	5.397072813206083	0.8898370673358411	1.6083187750607653	0.5532715784544774	0.5800774597424894	0.9116158507680974
Parameciidae	Parameciidae	1.594032625568431	0.041272129916016975	1.5697395861874166	0.02629234191402328	0.9790241630687047	0.9790241630687047
Phaeodactylaceae	Phaeodactylaceae	31.03539551232706	3.492551880766965	1.9604243997199975	1.7815284696853382	0.07482615821422298	0.3491887383330406
Plasmodiidae	Plasmodiidae	58833.4477944743	-0.6428810813339049	1.8362688816356871	-0.35010182210420504	0.7262622834871044	0.9116158507680974
Sarcocystidae	Sarcocystidae	39097.21087749937	-0.6624442246039677	0.9053887470837473	-0.73166827701106	0.4643710634008301	0.9116158507680974
Thalassiosiraceae	Thalassiosiraceae	36.980891539081206	4.900365281473997	2.0820666153110405	2.353606385808136	0.018592286801112776	0.2602920152155789
Theileriidae	Theileriidae	32.62816315020293	3.6939728803934115	2.0320659603166646	1.817841031015433	0.0690884333603665	0.3491887383330406
Trypanosomatidae	Trypanosomatidae	286.02404287654616	-2.084233153917502	1.8288260272608634	-1.1396563275289648	0.25442950848019114	0.8874840746081188
