Gene	Geneid	baseMean	log2FoldChange	lfcSE	stat	pvalue	padj
Babesiidae	Babesiidae	52.02021043955216	-1.6315999921309503	0.6337569020541991	-2.574488714588256	0.010038836146637342	0.0351359265132307
Cryptomonadaceae	Cryptomonadaceae	4.400748311668624	-0.1948261513950489	0.9123793742009361	-0.21353633905378241	0.8309086481983908	0.8597912264248021
Cryptosporidiidae	Cryptosporidiidae	6.495890944817668	1.7993762266936133	0.8663221978083043	2.0770288828403896	0.03779889353366638	0.10583690189426587
Dictyosteliaceae	Dictyosteliaceae	142.17695910597098	-1.3319649609432953	0.6960454520659732	-1.9136177917545645	0.05566901003281901	0.12989435674324437
Geminigeraceae	Geminigeraceae	25.534279260222938	0.714930251121848	0.8096814938752359	0.8829771416660437	0.37724862193098246	0.5868311896704171
Hemiselmidaceae	Hemiselmidaceae	3.6473320397971376	-0.42901987499394684	0.9841332513189452	-0.4359367742315079	0.6628826030141874	0.7733630368498854
Hexamitidae	Hexamitidae	5.397072813206083	0.4281319985091695	0.7109927615190896	0.6021608399984737	0.5470670796569056	0.6962671922906071
Parameciidae	Parameciidae	1.594032625568431	0.1422203619607435	0.8051427598168444	0.17663993152356744	0.8597912264248021	0.8597912264248021
Phaeodactylaceae	Phaeodactylaceae	31.03539551232706	3.58755087208158	1.0025632593837883	3.578378559659785	3.4573244548636526e-4	0.0016134180789363713
Plasmodiidae	Plasmodiidae	58833.4477944743	-0.6723478370344587	0.9602284670114449	-0.7001956931427289	0.48380510091005513	0.6773271412740771
Sarcocystidae	Sarcocystidae	39097.21087749937	-0.7013759815046868	0.47344058078883827	-1.4814445781898684	0.13848814315864777	0.27697628631729554
Thalassiosiraceae	Thalassiosiraceae	36.980891539081206	4.994230836829468	1.0666723716599091	4.682066367817948	2.8399749594085526e-6	3.9759649431719736e-5
Theileriidae	Theileriidae	32.62816315020293	3.788275271637945	1.0406636327956242	3.6402495025805557	2.7237398016183875e-4	0.0016134180789363713
Trypanosomatidae	Trypanosomatidae	286.02404287654616	-0.8722484864761199	0.9568601683385146	-0.9115736189444338	0.3619932150429396	0.5868311896704171
