Gene	Geneid	baseMean	log2FoldChange	lfcSE	stat	pvalue	padj
Babesiidae	Babesiidae	52.02021043955216	-0.1735523373678181	1.261468358177186	-0.13757962000616503	0.8905726632203069	0.9840388360229215
Cryptomonadaceae	Cryptomonadaceae	4.400748311668624	-0.06508529348574071	1.8203506280580688	-0.03575426210892845	0.9714783032770283	0.9840388360229215
Cryptosporidiidae	Cryptosporidiidae	6.495890944817668	-0.2011221996078747	1.7710729007209531	-0.11355952627698362	0.9095869730830127	0.9840388360229215
Dictyosteliaceae	Dictyosteliaceae	142.17695910597098	-0.12018521042205514	1.3761012648748896	-0.08733747543861314	0.9304032667224575	0.9840388360229215
Geminigeraceae	Geminigeraceae	25.534279260222938	1.80693186699969	1.5980803057177257	1.1306890276632033	0.2581860011550225	0.9840388360229215
Hemiselmidaceae	Hemiselmidaceae	3.6473320397971376	0.038973108015664996	1.9481014726038637	0.020005686851400462	0.9840388360229215	0.9840388360229215
Hexamitidae	Hexamitidae	5.397072813206083	0.7480158379405895	1.6451555916963503	0.4546778685955755	0.6493410050037914	0.9840388360229215
Parameciidae	Parameciidae	1.594032625568431	-0.20703294478695708	1.6319447066375565	-0.1268627202532651	0.8990490531072052	0.9840388360229215
Phaeodactylaceae	Phaeodactylaceae	31.03539551232706	0.9959954788902038	2.011564436853346	0.49513476210000096	0.6205049972234555	0.9840388360229215
Plasmodiidae	Plasmodiidae	58833.4477944743	-0.42728464025182616	1.895566032491272	-0.22541269094712668	0.8216582397309504	0.9840388360229215
Sarcocystidae	Sarcocystidae	39097.21087749937	-0.32703008343024303	0.9346252247483386	-0.3499050472538879	0.7264099590355632	0.9840388360229215
Thalassiosiraceae	Thalassiosiraceae	36.980891539081206	-0.19059107829786925	2.1655020156373013	-0.0880124224875306	0.9298668027419342	0.9840388360229215
Theileriidae	Theileriidae	32.62816315020293	-0.19161321192898087	2.1137792351782685	-0.09064958569943607	0.9277710304017703	0.9840388360229215
Trypanosomatidae	Trypanosomatidae	286.02404287654616	-2.051137177561675	1.8880393268011615	-1.0863847741121178	0.2773087949819255	0.9840388360229215
