Gene	Geneid	baseMean	log2FoldChange	lfcSE	stat	pvalue	padj
Babesiidae	Babesiidae	52.02021043955216	0.8706487787033236	0.2411335329537579	3.610649950002133	3.054306571543533e-4	7.126715333601578e-4
Cryptomonadaceae	Cryptomonadaceae	4.400748311668624	-1.2398828340077812	0.2928465207070829	-4.233899829214509	2.2967327898878736e-5	1.0718086352810078e-4
Cryptosporidiidae	Cryptosporidiidae	6.495890944817668	0.1888981487065494	0.2141164947600718	0.8822213763503797	0.37765710432532434	0.37765710432532434
Dictyosteliaceae	Dictyosteliaceae	142.17695910597098	0.8135916257829673	0.26337770993448056	3.0890678865169012	0.002007855534847016	0.0035137471859822775
Geminigeraceae	Geminigeraceae	25.534279260222938	0.8135484843524727	0.29894551438230804	2.7213938500915655	0.00650072592133485	0.00910101628986879
Hemiselmidaceae	Hemiselmidaceae	3.6473320397971376	-1.3979366519504537	0.3367033307571786	-4.151834936728345	3.2982011866710844e-5	1.1543704153348795e-4
Hexamitidae	Hexamitidae	5.397072813206083	-0.6826886623311162	0.20200836896214674	-3.379506828546502	7.26160034474214e-4	0.001452320068948428
Parameciidae	Parameciidae	1.594032625568431	0.9493176778561188	0.23506186377360572	4.0385865346938274	5.377425553324797e-5	1.505679154930943e-4
Phaeodactylaceae	Phaeodactylaceae	31.03539551232706	-0.2871819295063849	0.27035722981528715	-1.0622313658953846	0.2881306637866364	0.3361524410844091
Plasmodiidae	Plasmodiidae	58833.4477944743	1.0828662248632612	0.3626423372175693	2.9860446884710807	0.002826113403807138	0.004396176405922214
Sarcocystidae	Sarcocystidae	39097.21087749937	0.818009599875222	0.17880147622571435	4.574959989942074	4.763110033523661e-6	3.3341770234665624e-5
Thalassiosiraceae	Thalassiosiraceae	36.980891539081206	1.477316224004527	0.2999946342130072	4.924475492303566	8.458692867929082e-7	1.1842170015100715e-5
Theileriidae	Theileriidae	32.62816315020293	-0.26587281739603674	0.28931591657614303	-0.9189705860032196	0.3581109574980939	0.37765710432532434
Trypanosomatidae	Trypanosomatidae	286.02404287654616	0.6351384918064903	0.3614678783725964	1.7571090816313082	0.078899218066333	0.10041718662987836
