Gene	Geneid	baseMean	log2FoldChange	lfcSE	stat	pvalue	padj
Agaricales	Agaricales	45.27382175029836	0.7640285245792949	0.20464455554317618	3.733441735360994	1.888809029722196e-4	3.0497599216261376e-4
Cantharellales	Cantharellales	24.306674766457764	0.8496019382507614	0.16845613487679434	5.043460951256802	4.5718610150598294e-7	9.143722030119659e-7
Eurotiales	Eurotiales	1093.067553156783	-2.7274979219142956	0.4039931894389022	-6.751346292996822	1.464795146290871e-11	1.0253566024036097e-10
Glomerellales	Glomerellales	536.451109012468	-2.1367144050862126	0.4084196594822351	-5.2316639404552285	1.6799095308245688e-7	4.7037466863087923e-7
Helotiales	Helotiales	31.69648041991498	0.08032546948273167	0.15384239975748157	0.5221282923911574	0.6015810088252218	0.6478564710425465
Hypocreales	Hypocreales	4301.642864851658	-2.4104769270300284	0.465011869357098	-5.183689032201764	2.175395271957843e-7	5.075922301234968e-7
Magnaporthales	Magnaporthales	19.26254239578231	0.07607417228979799	0.16923398565635797	0.44952065623669807	0.6530561105444967	0.6530561105444967
Malasseziales	Malasseziales	526.6867511368866	-3.174233022692257	0.4992113777900656	-6.358494946056947	2.037400873135309e-10	9.50787074129811e-10
Mycosphaerellales	Mycosphaerellales	55.00388471506862	1.1693029382116553	0.221570668039911	5.277336339488003	1.3107517746005378e-7	4.587631211101882e-7
Saccharomycetales	Saccharomycetales	197.9947881804802	0.20196400273286483	0.15468551322318555	1.3056426456785533	0.19167411074100069	0.24394886821581904
Schizosaccharomycetales	Schizosaccharomycetales	13.325030810746021	-0.6004117530339599	0.16122569976577542	-3.7240449500682753	1.9605599496168028e-4	3.0497599216261376e-4
Sordariales	Sordariales	94.09395679143212	1.5764500647473425	0.22339509630678483	7.056780076239585	1.7040499149093456e-12	2.385669880873084e-11
Tremellales	Tremellales	22.045889154088396	-0.12494473563495924	0.1464349051715144	-0.8532442144761564	0.3935238888401074	0.45911120364679203
Ustilaginales	Ustilaginales	30.88408094632191	-0.4958214317160651	0.1403147804701051	-3.5336365139501664	4.0988435425044593e-4	5.738380959506243e-4
