Gene	Geneid	baseMean	log2FoldChange	lfcSE	stat	pvalue	padj
Agaricales	Agaricales	45.27382175029836	-0.33084472777352075	0.24526028319554893	-1.3489535421833234	0.17735188880095878	0.20691053693445194
Cantharellales	Cantharellales	24.306674766457764	-0.7571925584615873	0.20057373999374611	-3.7751330681932567	1.5992227068450989e-4	0.0011194558947915693
Eurotiales	Eurotiales	1093.067553156783	-1.2638393704764344	0.492166058513419	-2.5679124933845383	0.010231298017254335	0.025558003239142094
Glomerellales	Glomerellales	536.451109012468	-1.0364661219553477	0.49755088411840975	-2.083135926472767	0.03723883545522092	0.06516796204663661
Helotiales	Helotiales	31.69648041991498	0.4601699201282254	0.18087718033094272	2.5441015792388706	0.010955921871895764	0.025558003239142094
Hypocreales	Hypocreales	4301.642864851658	-0.20212833894742374	0.5664939444224204	-0.35680582455917953	0.7212371755415578	0.7767169582755237
Magnaporthales	Magnaporthales	19.26254239578231	-0.03930591018525504	0.19886326665752851	-0.19765294438688638	0.8433166082280971	0.8433166082280971
Malasseziales	Malasseziales	526.6867511368866	-1.5142516502424952	0.6081650724347852	-2.4898694760292592	0.012779001619571047	0.025558003239142094
Mycosphaerellales	Mycosphaerellales	55.00388471506862	0.5350567089465815	0.2648113991864578	2.0205199269758016	0.04332948530299634	0.06740142158243875
Saccharomycetales	Saccharomycetales	197.9947881804802	0.30576292778324055	0.18690085082922414	1.6359632737179115	0.10184727403274797	0.1296238033144065
Schizosaccharomycetales	Schizosaccharomycetales	13.325030810746021	0.5003379118151345	0.18478505290730554	2.707675236406275	0.006775628987053831	0.023714701454688406
Sordariales	Sordariales	94.09395679143212	0.8825950179049822	0.26768451903158896	3.2971462865987733	9.767261456865596e-4	0.004558055346537279
Tremellales	Tremellales	22.045889154088396	0.8289166332229999	0.1694047597035721	4.893113007411687	9.925337598815377e-7	1.3895472638341528e-5
Ustilaginales	Ustilaginales	30.88408094632191	0.28156560311586365	0.16451040125614375	1.711536784093452	0.08698206677953912	0.12177489349135477
