Gene	Geneid	baseMean	log2FoldChange	lfcSE	stat	pvalue	padj
Agaricales	Agaricales	45.27382175029836	-2.2011373595553287	0.3615669812173031	-6.0877720419731505	1.1449272881646093e-9	1.6028982034304528e-8
Cantharellales	Cantharellales	24.306674766457764	-0.5612648397061496	0.4979952091041236	-1.1270486732509855	0.25972190249515476	0.33055514863019697
Eurotiales	Eurotiales	1093.067553156783	-2.433091268188915	0.7028185846046727	-3.4619051366683777	5.363661734479659e-4	0.001668707357250189
Glomerellales	Glomerellales	536.451109012468	-2.4391597600241646	0.7104121348816101	-3.4334432651979534	5.95966913303639e-4	0.001668707357250189
Helotiales	Helotiales	31.69648041991498	1.4302397337959505	0.4932003467567688	2.899916318390791	0.0037326229566416983	0.008709453565497297
Hypocreales	Hypocreales	4301.642864851658	0.03659115912328727	0.8091669449169114	0.04522077842297994	0.963931332403643	0.963931332403643
Magnaporthales	Magnaporthales	19.26254239578231	0.3745208495828215	0.5165111692774255	0.7250972909390485	0.4683923462605878	0.5464577373040191
Malasseziales	Malasseziales	526.6867511368866	-1.9636629828393297	0.8688860297266638	-2.2599776215265694	0.023822639766757667	0.04168961959182592
Mycosphaerellales	Mycosphaerellales	55.00388471506862	0.9115200404457358	0.4985236770874537	1.828438813119466	0.0674837207554611	0.09447720905764552
Saccharomycetales	Saccharomycetales	197.9947881804802	1.5282882299946936	0.32641451272938765	4.682047428637811	2.840237425948216e-6	1.9881661981637514e-5
Schizosaccharomycetales	Schizosaccharomycetales	13.325030810746021	0.30927789881933904	0.48914711418791934	0.6322799212110274	0.5272039814671174	0.5677581338876649
Sordariales	Sordariales	94.09395679143212	2.1178028016952433	0.5431752420241325	3.8989310223405806	9.661829103166021e-5	4.5088535814774767e-4
Tremellales	Tremellales	22.045889154088396	1.1165155357146934	0.46519905663122496	2.4000812551083555	0.016391432864059797	0.032782865728119594
Ustilaginales	Ustilaginales	30.88408094632191	0.8991092678088126	0.41226397979076485	2.180906680872617	0.02919031947474766	0.04540716362738525
