Gene	Geneid	baseMean	log2FoldChange	lfcSE	stat	pvalue	padj
Agaricales	Agaricales	43.62460903881343	0.0498896804097772	1.0951631552285155	0.0455545643328069	0.9636652839573073	0.9636652839573073
Cantharellales	Cantharellales	28.267664359556512	-0.974897599462009	1.0509162418753635	-0.9276644137902951	0.35358167334144447	0.49501434267802225
Eurotiales	Eurotiales	1672.522093719517	-2.841411974462813	1.438295217990051	-1.9755415570619437	0.0482067234468807	0.19478344152183574
Glomerellales	Glomerellales	356.1431821807563	-2.6614223036907685	1.3931140955494934	-1.9104123001791964	0.05608014837285821	0.19478344152183574
Helotiales	Helotiales	24.89810699018209	0.8827920331753304	0.9070683704175388	0.9732364857667414	0.3304357810902989	0.49501434267802225
Hypocreales	Hypocreales	2182.7750838912343	-2.588213953063177	1.4953431904070038	-1.7308494596205133	0.08347861779507246	0.19478344152183574
Magnaporthales	Magnaporthales	6.071183609396185	-0.19901580456149026	0.8688295128607123	-0.2290619754688234	0.818820746931271	0.9094428148637596
Malasseziales	Malasseziales	5029.656749632326	-2.7435192088188027	1.5427840720836237	-1.7782911156928871	0.07535605474641183	0.19478344152183574
Mycosphaerellales	Mycosphaerellales	54.66669445945864	1.0121451481619321	1.0417919163777278	0.971542524231829	0.3312781879757667	0.49501434267802225
Saccharomycetales	Saccharomycetales	96.16941488135221	3.3311662110527855	1.000354146053652	3.3299869093301333	8.685006715133472e-4	0.012159009401186862
Schizosaccharomycetales	Schizosaccharomycetales	7.841292731875379	-0.17029752380420293	0.8681430922629928	-0.19616296590034202	0.8444826138020625	0.9094428148637596
Sordariales	Sordariales	18.05924620356372	1.9500784791534875	0.854334398548911	2.282570481143801	0.02245568141116058	0.15718976987812405
Tremellales	Tremellales	13.729921399967372	0.7314767561167421	0.8814449156788065	0.8298609965359289	0.40661737921425306	0.5175130280908675
Ustilaginales	Ustilaginales	14.170451568085511	0.989489807405951	0.8116831192729991	1.2190592411139562	0.22282170839792179	0.44564341679584357
