Gene	Geneid	baseMean	log2FoldChange	lfcSE	stat	pvalue	padj
Agaricales	Agaricales	43.62460903881343	2.627818025404105	0.3381988813281634	7.770037603566947	7.846282948374501e-15	5.492398063862151e-14
Cantharellales	Cantharellales	28.267664359556512	3.2680464223841175	0.3185506287896544	10.259111510158332	1.0769302951856403e-24	1.5077024132598965e-23
Eurotiales	Eurotiales	1672.522093719517	-0.6914924487701942	0.5746203398521735	-1.2033901357339476	0.22882538330279198	0.26696294718659064
Glomerellales	Glomerellales	356.1431821807563	0.985556343781094	0.5564070807720926	1.771286487608132	0.07651307329857297	0.10711830261800216
Helotiales	Helotiales	24.89810699018209	1.0953020596394005	0.2296630220245562	4.769170282546781	1.8498624634548715e-6	3.699724926909743e-6
Hypocreales	Hypocreales	2182.7750838912343	-1.6737490376428457	0.5973686822365384	-2.801869410656677	0.0050807435378548305	0.008891301191245954
Magnaporthales	Magnaporthales	6.071183609396185	-1.696853023973318	0.23154943874265926	-7.328253668795009	2.331710613390307e-13	8.160987146866075e-13
Malasseziales	Malasseziales	5029.656749632326	0.30325214724701055	0.6162457339700279	0.4920961404363404	0.6226513805714731	0.6226513805714731
Mycosphaerellales	Mycosphaerellales	54.66669445945864	2.282169779797558	0.306322347890031	7.450222928615224	9.318264108944293e-14	4.34852325084067e-13
Saccharomycetales	Saccharomycetales	96.16941488135221	0.5807143379853154	0.2792067329987602	2.079872257191928	0.03753725127192206	0.05839127975632321
Schizosaccharomycetales	Schizosaccharomycetales	7.841292731875379	-0.3539895596841935	0.21912446141517086	-1.6154725830152588	0.10620839300221013	0.13517431836644925
Sordariales	Sordariales	18.05924620356372	-1.1410523188148274	0.19655610026933495	-5.8052246521541555	6.427975888397064e-9	1.7998332487511778e-8
Tremellales	Tremellales	13.729921399967372	0.12326965607581504	0.2174217187167437	0.5669610966345563	0.5707406131012916	0.6146437371860064
Ustilaginales	Ustilaginales	14.170451568085511	-0.8945650132212566	0.16898332865366872	-5.293806320117337	1.1979630966610108e-7	2.7952472255423587e-7
