Gene	Geneid	baseMean	log2FoldChange	lfcSE	stat	pvalue	padj
Agaricales	Agaricales	43.62460903881343	2.6777077058138823	1.079179361202406	2.481244362225774	0.013092458414302297	0.03665888356004643
Cantharellales	Cantharellales	28.267664359556512	2.2931488229221086	1.0355216205761792	2.2144866677396533	0.02679531883877459	0.050722218193582434
Eurotiales	Eurotiales	1672.522093719517	-3.5329044232330067	1.4051745293706495	-2.514210405461396	0.011929923568098088	0.03665888356004643
Glomerellales	Glomerellales	356.1431821807563	-1.6758659599096744	1.3609911855178993	-1.2313569534779576	0.2181893893233627	0.3054651450527078
Helotiales	Helotiales	24.89810699018209	1.9780940928147308	0.8991216356004319	2.2000294670851326	0.02780480442906758	0.050722218193582434
Hypocreales	Hypocreales	2182.7750838912343	-4.261962990706023	1.460899582167143	-2.9173551986261073	0.0035301351489309086	0.01647396402834424
Magnaporthales	Magnaporthales	6.071183609396185	-1.8958688285348082	0.868190118173568	-2.1837023813668743	0.028984124682047106	0.050722218193582434
Malasseziales	Malasseziales	5029.656749632326	-2.440267061571792	1.5072144271436683	-1.6190576587011298	0.10543485782914662	0.16400977884533918
Mycosphaerellales	Mycosphaerellales	54.66669445945864	3.2943149279594905	1.0282972746221646	3.2036600789104948	0.0013569258152688205	0.009498480706881744
Saccharomycetales	Saccharomycetales	96.16941488135221	3.9118805490381012	0.9892612209173499	3.9543453906042965	7.674447907483747e-5	0.0010744227070477246
Schizosaccharomycetales	Schizosaccharomycetales	7.841292731875379	-0.5242870834883964	0.8644565784019314	-0.6064932543605767	0.5441872603919771	0.5860478188836676
Sordariales	Sordariales	18.05924620356372	0.80902616033866	0.8501586375156184	0.9516178800498246	0.3412908102520192	0.3981726119606891
Tremellales	Tremellales	13.729921399967372	0.8547464121925572	0.8755382599294623	0.9762524966772095	0.3289393540635066	0.3981726119606891
Ustilaginales	Ustilaginales	14.170451568085511	0.09492479418469442	0.8096799618037062	0.11723742548010273	0.9066719101539721	0.9066719101539721
