Gene	Geneid	baseMean	log2FoldChange	lfcSE	stat	pvalue	padj
Agaricales	Agaricales	43.62460903881343	-0.22069818429143728	0.35433227136609025	-0.6228565731271357	0.533378777806635	0.8297003210325433
Cantharellales	Cantharellales	28.267664359556512	-0.2241016333650598	0.33199583254266957	-0.6750133929354588	0.4996672559898112	0.8297003210325433
Eurotiales	Eurotiales	1672.522093719517	-2.7727087214619224	0.6045963339392805	-4.586049510747422	4.517115259127358e-6	3.1619806813891504e-5
Glomerellales	Glomerellales	356.1431821807563	-0.6686819029810818	0.5855769703428718	-1.1419197421468772	0.2534873816673422	0.5914705572237985
Helotiales	Helotiales	24.89810699018209	0.021064126488801925	0.2527505861274247	0.08333957523715654	0.9335815332401415	0.9771484374257486
Hypocreales	Hypocreales	2182.7750838912343	-2.4220120661223095	0.6285892547423779	-3.8530917413072086	1.166356639214666e-4	5.442997649668441e-4
Magnaporthales	Magnaporthales	6.071183609396185	-0.7542290092152764	0.2979043849495292	-2.5317821667615177	0.011348446831633203	0.03971956391071621
Malasseziales	Malasseziales	5029.656749632326	-1.2407874196976272	0.6484274120110969	-1.9135332601830117	0.055679819778377625	0.15590349537945733
Mycosphaerellales	Mycosphaerellales	54.66669445945864	0.219121660829519	0.32357767983999774	0.6771841028647897	0.49828915280111125	0.8297003210325433
Saccharomycetales	Saccharomycetales	96.16941488135221	1.600337717886919	0.3045465705959062	5.2548210106439175	1.4816849872881623e-7	2.0743589822034273e-6
Schizosaccharomycetales	Schizosaccharomycetales	7.841292731875379	0.0888559856357113	0.2789429228696176	0.31854540248452196	0.7500712605588952	0.9060810924189653
Sordariales	Sordariales	18.05924620356372	0.06745189867371329	0.23775853972992012	0.28369916281591706	0.776640936359113	0.9060810924189653
Tremellales	Tremellales	13.729921399967372	-0.10417091273266547	0.25270933284097746	-0.41221632601205577	0.6801808718567737	0.9060810924189653
Ustilaginales	Ustilaginales	14.170451568085511	-0.006195694028864111	0.21629911181262781	-0.028644102959753337	0.9771484374257486	0.9771484374257486
