Gene	Geneid	baseMean	log2FoldChange	lfcSE	stat	pvalue	padj
Agaricales	Agaricales	45.27382175029836	-4.133315636188117e-6	1.8816135763032058	-2.196686763022201e-6	0.9999982472975468	0.9999994563667549
Cantharellales	Cantharellales	24.306674766457764	1.290366660105788e-5	1.7717679178379406	7.28293275385865e-6	0.9999941890603984	0.9999994563667549
Eurotiales	Eurotiales	1093.067553156783	0.15344903042379637	2.1911815763036038	0.07003026681278327	0.9441695693355229	0.9999994563667549
Glomerellales	Glomerellales	536.451109012468	-0.404054215168521	2.214153792065972	-0.18248696934078282	0.8552005796237929	0.9999994563667549
Helotiales	Helotiales	31.69648041991498	4.2908557428269265e-6	1.7546179993127629	2.4454643372560524e-6	0.9999980488017614	0.9999994563667549
Hypocreales	Hypocreales	4301.642864851658	-0.26412446269129464	2.5220484817035738	-0.1047261639129498	0.9165931003175365	0.9999994563667549
Magnaporthales	Magnaporthales	19.26254239578231	1.0960656671139823e-5	1.7735919017348936	6.179920341550003e-6	0.9999950691369726	0.9999994563667549
Malasseziales	Malasseziales	526.6867511368866	0.09748241556108532	2.707838717400801	0.03600008188621245	0.9712822936620813	0.9999994563667549
Mycosphaerellales	Mycosphaerellales	55.00388471506862	-1.525359908953013e-6	1.9374626349915092	-7.872977168200706e-7	0.999999371827307	0.9999994563667549
Saccharomycetales	Saccharomycetales	197.9947881804802	-2.941552201485854e-5	1.799477282626203	-1.634670373383585e-5	0.9999869572174713	0.9999994563667549
Schizosaccharomycetales	Schizosaccharomycetales	13.325030810746021	1.5865953760999074e-5	1.7423036907860665	9.10630784110944e-6	0.9999927342175677	0.9999994563667549
Sordariales	Sordariales	94.09395679143212	-9.071028325944509e-6	1.9581013700443934	-4.63256318835978e-6	0.9999963037493551	0.9999994563667549
Tremellales	Tremellales	22.045889154088396	7.746178617724508e-6	1.7285177567344427	4.4813995040229e-6	0.9999964243605249	0.9999994563667549
Ustilaginales	Ustilaginales	30.88408094632191	1.1788154629244761e-6	1.7301345463868205	6.813432315921855e-7	0.9999994563667549	0.9999994563667549
