Gene	Geneid	baseMean	log2FoldChange	lfcSE	stat	pvalue	padj
Agaricales	Agaricales	45.27382175029836	0.2549885901116138	1.6902762382996368	0.15085616441495034	0.880089180383098	0.9977569839908802
Cantharellales	Cantharellales	24.306674766457764	-0.8337911293110184	1.5896900715787665	-0.5244991739068715	0.5999313942346055	0.7635490472076797
Eurotiales	Eurotiales	1093.067553156783	-2.7827902210877156	1.9876877379280298	-1.4000137788184488	0.16150919237220765	0.5969160047589243
Glomerellales	Glomerellales	536.451109012468	-3.102697580730807	2.0083165822653553	-1.5449245443320516	0.12236451582479109	0.5969160047589243
Helotiales	Helotiales	31.69648041991498	1.127315675606513	1.5733836109794455	0.7164913043073767	0.47368803495683903	0.7368480543773052
Hypocreales	Hypocreales	4301.642864851658	-2.89586455862849	2.2877710534873583	-1.2658017305596143	0.20558407538084897	0.5969160047589243
Magnaporthales	Magnaporthales	19.26254239578231	-0.03906596878443279	1.5911068007441462	-0.024552700526552958	0.9804117474246613	0.9977569839908802
Malasseziales	Malasseziales	526.6867511368866	-2.7912102866155952	2.4563515302696146	-1.1363236296676258	0.2558211448966818	0.5969160047589243
Mycosphaerellales	Mycosphaerellales	55.00388471506862	1.265384227873933	1.7411727873606297	0.7267424790115605	0.4673837258552715	0.7368480543773052
Saccharomycetales	Saccharomycetales	197.9947881804802	3.569678004606662	1.6142031423384617	2.2114180743294463	0.027006899360025195	0.3780965910403527
Schizosaccharomycetales	Schizosaccharomycetales	13.325030810746021	0.00439194174573071	1.5622973179817228	0.002811207377226062	0.9977569839908802	0.9977569839908802
Sordariales	Sordariales	94.09395679143212	2.076417652480612	1.759860807306519	1.1798760696640467	0.23804950886089551	0.5969160047589243
Tremellales	Tremellales	22.045889154088396	0.9459053963750472	1.5494055490994574	0.6104956813436124	0.5415335033405104	0.7581469046767145
Ustilaginales	Ustilaginales	30.88408094632191	1.191644959636254	1.550850720528566	0.7683814720930159	0.4422605845567303	0.7368480543773052
