Gene	Geneid	baseMean	log2FoldChange	lfcSE	stat	pvalue	padj
Agaricales	Agaricales	45.27382175029836	-1.106264107202513	0.33534678991593364	-3.2988659515119756	9.707625570707441e-4	0.00226511263316507
Cantharellales	Cantharellales	24.306674766457764	1.0455296570061992	0.48594945466915335	2.151519354452249	0.031435229843649284	0.044009321781108994
Eurotiales	Eurotiales	1093.067553156783	-3.896749819626776	0.6441560609251114	-6.049387805232196	1.4539727919305894e-9	2.0355619087028253e-8
Glomerellales	Glomerellales	536.451109012468	-3.5394080431550297	0.6511030159292075	-5.436018504850328	5.4484298942341064e-8	3.50758008722679e-7
Helotiales	Helotiales	31.69648041991498	1.050395283150457	0.4839395743682182	2.1705091684674582	0.029968294827711642	0.044009321781108994
Hypocreales	Hypocreales	4301.642864851658	-2.1717574289593173	0.7416682508527249	-2.92820600917238	0.0034092407435865296	0.005966171301276427
Magnaporthales	Magnaporthales	19.26254239578231	0.4899009320578745	0.505843188215285	0.9684837978867366	0.3328028068499194	0.388269941324906
Malasseziales	Malasseziales	526.6867511368866	-3.6236443552890925	0.7964359214910212	-4.549825362604447	5.3690456504863045e-6	1.5033327821361651e-5
Mycosphaerellales	Mycosphaerellales	55.00388471506862	1.5457662697108097	0.4769636678127894	3.240846995326131	0.0011917513090445536	0.0023835026180891073
Saccharomycetales	Saccharomycetales	197.9947881804802	1.424489304944318	0.30909887427942234	4.608523108552617	4.055393078914135e-6	1.4193875776199471e-5
Schizosaccharomycetales	Schizosaccharomycetales	13.325030810746021	-0.7914717660297554	0.48074224882508915	-1.646353670733276	0.0996909655691213	0.1268794107243362
Sordariales	Sordariales	94.09395679143212	2.8116578485376036	0.5227711840497802	5.3783719040448625	7.516243044057407e-8	3.50758008722679e-7
Tremellales	Tremellales	22.045889154088396	0.16265416685673428	0.4573350753364157	0.355656444538145	0.7220978671419152	0.7627468333825146
Ustilaginales	Ustilaginales	30.88408094632191	0.12172223297688387	0.4032197347971101	0.301875683337105	0.7627468333825146	0.7627468333825146
