Gene	Geneid	baseMean	log2FoldChange	lfcSE	stat	pvalue	padj
Agaricales	Agaricales	45.27382175029836	0.8511424363494338	0.23950926526258168	3.5536931542765124	3.798621367064865e-4	0.001772689971296937
Cantharellales	Cantharellales	24.306674766457764	0.3993059438988656	0.20966341660284918	1.9045093816020515	0.05684387601008499	0.09947678301764873
Eurotiales	Eurotiales	1093.067553156783	1.0957732264789437	0.48345675481182443	2.2665382489183563	0.023418448048294998	0.046836896096589996
Glomerellales	Glomerellales	536.451109012468	1.1776419406346583	0.48868143739673564	2.409835632202642	0.01595970888322907	0.0372393207275345
Helotiales	Helotiales	31.69648041991498	-0.8147742390878188	0.18696960590199888	-4.3577897870463875	1.313824802808862e-5	9.196773619662034e-5
Hypocreales	Hypocreales	4301.642864851658	-0.6093403113506879	0.5564599317821992	-1.0950299860748758	0.27350349974247457	0.27350349974247457
Magnaporthales	Magnaporthales	19.26254239578231	0.35342220884849634	0.19929388080739138	1.773372104636083	0.07616706820522999	0.10663389548732198
Malasseziales	Malasseziales	526.6867511368866	0.682638205186596	0.5976259016184827	1.1422500318976874	0.2533501047738999	0.2728385743718922
Mycosphaerellales	Mycosphaerellales	55.00388471506862	-0.7129896341909164	0.265171861534379	-2.688783153933845	0.007171298715290203	0.02007963640281257
Saccharomycetales	Saccharomycetales	197.9947881804802	-0.2620607215452351	0.18395621763878034	-1.4245820277726198	0.15427805821271612	0.1963538922707296
Schizosaccharomycetales	Schizosaccharomycetales	13.325030810746021	-0.35102723341164777	0.18982153517659076	-1.8492487329484903	0.06442190479333232	0.10021185190073917
Sordariales	Sordariales	94.09395679143212	-0.8246636941015911	0.2643594579597981	-3.119478684310966	0.0018117136875478058	0.00634099790641732
Tremellales	Tremellales	22.045889154088396	-0.7772724970763263	0.1737430961913116	-4.473688532754463	7.688170824556933e-6	9.196773619662034e-5
Ustilaginales	Ustilaginales	30.88408094632191	-0.19874074951858223	0.1658460870701685	-1.1983445194850824	0.23078292166022277	0.2692467419369266
