Gene	Geneid	baseMean	log2FoldChange	lfcSE	stat	pvalue	padj
Agaricales	Agaricales	43.62460903881343	2.302880564525332	1.1828150775887882	1.9469489425344815	0.05154085616111334	0.36078599312779336
Cantharellales	Cantharellales	28.267664359556512	-0.3347790266411513	1.1982065573582923	-0.2794000955722064	0.7799377977445415	0.8609956868505129
Eurotiales	Eurotiales	1672.522093719517	-0.8151497217374188	1.6122184204826642	-0.5056074979551345	0.6131322169084068	0.8609956868505129
Glomerellales	Glomerellales	356.1431821807563	-0.45244597007880505	1.5615962562179642	-0.2897330012653755	0.7720205073206658	0.8609956868505129
Helotiales	Helotiales	24.89810699018209	-0.39338029759247994	1.0442139650277866	-0.3767238427825585	0.7063788421419329	0.8609956868505129
Hypocreales	Hypocreales	2182.7750838912343	-3.916859952919307	1.676582814271756	-2.336216212869057	0.019479975735747165	0.2727196603004603
Magnaporthales	Magnaporthales	6.071183609396185	-0.5165276815288381	1.009208959164031	-0.5118144035866458	0.6087809087516914	0.8609956868505129
Malasseziales	Malasseziales	5029.656749632326	-0.5093630990304802	1.7293065068425653	-0.29454761027904475	0.768339488287519	0.8609956868505129
Mycosphaerellales	Mycosphaerellales	54.66669445945864	0.2639038662312669	1.1637045090222287	0.22677910430458414	0.8205955127631719	0.8609956868505129
Saccharomycetales	Saccharomycetales	96.16941488135221	1.8301047490504947	1.0804242458476312	1.693876045529423	0.09028883973784188	0.42134791877659544
Schizosaccharomycetales	Schizosaccharomycetales	7.841292731875379	-0.4035804136773059	1.0009478456658403	-0.4031982439692852	0.6868023914178608	0.8609956868505129
Sordariales	Sordariales	18.05924620356372	-0.1860705849911219	0.97363330133193	-0.1911095119040992	0.8484397955648133	0.8609956868505129
Tremellales	Tremellales	13.729921399967372	-0.293984772090927	1.009589433457775	-0.2911924019292171	0.7709041732978097	0.8609956868505129
Ustilaginales	Ustilaginales	14.170451568085511	0.1587629538881358	0.9066633687389349	0.17510683607848512	0.8609956868505129	0.8609956868505129
