Gene	Geneid	baseMean	log2FoldChange	lfcSE	stat	pvalue	padj
Agaricales	Agaricales	43.62460903881343	-0.7006135227037544	0.6368670842908272	-1.1000937872050822	0.27129126050700286	0.7200158124433842
Cantharellales	Cantharellales	28.267664359556512	-0.5421981011779402	0.7586803089707906	-0.7146595143789543	0.4748194601689711	0.7200158124433842
Eurotiales	Eurotiales	1672.522093719517	-0.8739693696962695	1.0471273091106064	-0.8346352559925008	0.4039231052746868	0.7200158124433842
Glomerellales	Glomerellales	356.1431821807563	-0.6614665182518256	1.014268003207427	-0.6521614762173955	0.5142970088881316	0.7200158124433842
Helotiales	Helotiales	24.89810699018209	0.5794167798035709	0.6248834886391899	0.9272397020208808	0.35380209354388276	0.7200158124433842
Hypocreales	Hypocreales	2182.7750838912343	-0.28976413240925686	1.0895090602611666	-0.26595844218110254	0.7902712149737592	0.7902712149737592
Magnaporthales	Magnaporthales	6.071183609396185	-0.4979841547097841	0.6394877488771923	-0.7787235261099855	0.4361425945022654	0.7200158124433842
Malasseziales	Malasseziales	5029.656749632326	-0.6041724943480035	1.1230849554341282	-0.5379579625073516	0.59060607075724	0.7516804536910328
Mycosphaerellales	Mycosphaerellales	54.66669445945864	-0.6865651070619879	0.6964275017767988	-0.9858385909665416	0.32421232518581944	0.7200158124433842
Saccharomycetales	Saccharomycetales	96.16941488135221	1.0157735643570402	0.5527878954495496	1.8375466842141537	0.06612923130948012	0.46290461916636083
Schizosaccharomycetales	Schizosaccharomycetales	7.841292731875379	-0.2027066363195875	0.6130363998617576	-0.330660033181225	0.7409012944997079	0.7902712149737592
Sordariales	Sordariales	18.05924620356372	0.4847514446044321	0.5574959211796433	0.8695156792873278	0.38456513584164576	0.7200158124433842
Tremellales	Tremellales	13.729921399967372	-0.1783965118581483	0.6092906460302792	-0.2927937808014252	0.7696797822456105	0.7902712149737592
Ustilaginales	Ustilaginales	14.170451568085511	1.0525439981900053	0.47015966398777975	2.23869480691428	0.02517578066242864	0.35246092927400097
