Gene	Geneid	baseMean	log2FoldChange	lfcSE	stat	pvalue	padj
Agaricales	Agaricales	43.62460903881343	-0.5955253255799876	0.5999789098464523	-0.9925770986390097	0.32091608983837727	0.5616031572171603
Cantharellales	Cantharellales	28.267664359556512	-2.8520294829283195	0.6881969561344039	-4.144205314345101	3.409941359555042e-5	2.3869589516885295e-4
Eurotiales	Eurotiales	1672.522093719517	-0.054954019966333915	0.9951225481323275	-0.05522336929202648	0.9559605113378673	0.9559605113378673
Glomerellales	Glomerellales	356.1431821807563	0.5547380868497875	0.9639427906780815	0.5754885997534764	0.5649608985634489	0.7190411436262076
Helotiales	Helotiales	24.89810699018209	-2.350410263918409	0.5880866411862756	-3.9967074565360172	6.422959461900785e-5	2.9973810822203666e-4
Hypocreales	Hypocreales	2182.7750838912343	-2.076909028335594	1.0352903316171822	-2.006112647735582	0.04484423074612217	0.12556384608914206
Magnaporthales	Magnaporthales	6.071183609396185	0.6251121377906936	0.5945549582278216	1.0513950462274393	0.29307719005943306	0.5616031572171603
Malasseziales	Malasseziales	5029.656749632326	0.6901165428436851	1.067362616423585	0.6465624074000835	0.5179151946428546	0.7190411436262076
Mycosphaerellales	Mycosphaerellales	54.66669445945864	-2.811289400898705	0.6336523723814963	-4.436643060820329	9.137261737670072e-6	1.27921664327381e-4
Saccharomycetales	Saccharomycetales	96.16941488135221	-0.48143808210068767	0.5304972691319315	-0.9075222628166949	0.36413068201977594	0.566425505364096
Schizosaccharomycetales	Schizosaccharomycetales	7.841292731875379	0.20956265544680186	0.5765591990190336	0.36347118527178973	0.7162529340306943	0.8356284230358101
Sordariales	Sordariales	18.05924620356372	-0.9276448466560686	0.5307741355884137	-1.7477205169910661	0.08051243432097005	0.18786234674893013
Tremellales	Tremellales	13.729921399967372	-1.2529020970161497	0.5626415737823357	-2.2268210445125214	0.02595923633586092	0.09085732717551322
Ustilaginales	Ustilaginales	14.170451568085511	0.057642465674577266	0.46178144907717483	0.12482629128946195	0.9006610727404927	0.9559605113378673
