Gene	Geneid	baseMean	log2FoldChange	lfcSE	stat	pvalue	padj
Agaricales	Agaricales	43.62460903881343	-1.2961388482837422	0.4659435112254668	-2.7817510428995966	0.0054066497175698554	0.010813299435139711
Cantharellales	Cantharellales	28.267664359556512	-3.3942275841062597	0.5030591328256726	-6.7471741642795635	1.5075228092674837e-11	1.0552659664872386e-10
Eurotiales	Eurotiales	1672.522093719517	-0.9289233896626035	0.7754150236292859	-1.197969295610021	0.23092897056215367	0.32330055878701514
Glomerellales	Glomerellales	356.1431821807563	-0.10672843140203812	0.751155736898828	-0.1420856237385207	0.8870123735588116	0.9862116768281265
Helotiales	Helotiales	24.89810699018209	-1.7709934841148383	0.36607013097822044	-4.837853007516214	1.3124914531869573e-6	6.124960114872467e-6
Hypocreales	Hypocreales	2182.7750838912343	-2.366673160744851	0.8064900196208024	-2.9345349640626917	0.0033404791571604205	0.007794451366707649
Magnaporthales	Magnaporthales	6.071183609396185	0.12712798308090958	0.4247804576413107	0.2992792648391039	0.7647269742304739	0.9732888762933304
Malasseziales	Malasseziales	5029.656749632326	0.08594404849568159	0.8316853434889202	0.10333721661505574	0.9176953391263045	0.9862116768281265
Mycosphaerellales	Mycosphaerellales	54.66669445945864	-3.4978545079606924	0.4764478742887457	-7.3415261075146665	2.111719501122444e-13	2.9564073015714214e-12
Saccharomycetales	Saccharomycetales	96.16941488135221	0.5343354822563525	0.3921205451917856	1.3626816773780874	0.17298285483214507	0.2846462996401104
Schizosaccharomycetales	Schizosaccharomycetales	7.841292731875379	0.006856019127214337	0.3967153550640011	0.017281960578783933	0.9862116768281265	0.9862116768281265
Sordariales	Sordariales	18.05924620356372	-0.44289340205163646	0.3325988199815337	-1.3316144719822713	0.18298690691149955	0.2846462996401104
Tremellales	Tremellales	13.729921399967372	-1.431298608874298	0.38144356708613986	-3.7523207425099234	1.7520510501708433e-4	4.905742940478361e-4
Ustilaginales	Ustilaginales	14.170451568085511	1.1101864638645826	0.2758098401989618	4.025188017453344	5.692981113427358e-5	1.9925433896995754e-4
