Gene	Geneid	baseMean	log2FoldChange	lfcSE	stat	pvalue	padj
Agaricales	Agaricales	43.62460903881343	1.349249445171404	0.65136551263301945	2.0714167683169524	0.038319865203623675	0.43575033381652295
Cantharellales	Cantharellales	28.267664359556512	0.11292244759483977	0.7474097038656703	0.15108507022426215	0.879908609539249	0.879908609539249
Eurotiales	Eurotiales	1672.522093719517	0.5187909658445882	1.064709332771755	0.48726065403599034	0.6260736269253272	0.7304192314128818
Glomerellales	Glomerellales	356.1431821807563	1.1699210242840115	1.0314769805569917	1.1342192277061391	0.25670260055161503	0.4675036521833103
Helotiales	Helotiales	24.89810699018209	-0.8251909302704036	0.6209637060757218	-1.3288875375427784	0.18388507601270132	0.43575033381652295
Hypocreales	Hypocreales	2182.7750838912343	-1.5705747764203528	1.1075994680938843	-1.4179988539749144	0.1561910993605434	0.43575033381652295
Magnaporthales	Magnaporthales	6.071183609396185	0.8317954410297722	0.6300267072474064	1.320254255036101	0.1867501430642241	0.43575033381652295
Malasseziales	Malasseziales	5029.656749632326	0.46805399875475684	1.1419854051783955	0.40985987792167944	0.6819087389146266	0.7343632572926747
Mycosphaerellales	Mycosphaerellales	54.66669445945864	-1.1620102094822158	0.6726897136356922	-1.7274089166636557	0.08409425037743433	0.43575033381652295
Saccharomycetales	Saccharomycetales	96.16941488135221	-0.5818759917635669	0.5620468522577755	-1.0352802251736426	0.30053806211784234	0.4675036521833103
Schizosaccharomycetales	Schizosaccharomycetales	7.841292731875379	0.8161103675456026	0.614601888680776	1.3278683039802535	0.18422161733599893	0.43575033381652295
Sordariales	Sordariales	18.05924620356372	-0.36985017264957487	0.556325242554455	-0.664809259690158	0.5061724993444451	0.6442195446202028
Tremellales	Tremellales	13.729921399967372	0.4068313172260277	0.605965111704977	0.6713774594734416	0.5019801005576103	0.6442195446202028
Ustilaginales	Ustilaginales	14.170451568085511	-0.5222609097228126	0.4745854102886896	-1.100457153550342	0.2711329881806143	0.4675036521833103
