Gene	Geneid	baseMean	log2FoldChange	lfcSE	stat	pvalue	padj
Agaricales	Agaricales	45.27382175029836	-0.2437308160033819	0.19771564365756203	-1.2327340998141596	0.21767498511023978	0.25395414929527976
Cantharellales	Cantharellales	24.306674766457764	-1.207488552813483	0.17918256741137145	-6.738872928644354	1.596199179132751e-11	1.1173394253929257e-10
Eurotiales	Eurotiales	1093.067553156783	2.5594317779168048	0.39333637224841794	6.506979670571513	7.667678402690474e-11	3.5782499212555547e-10
Glomerellales	Glomerellales	536.451109012468	2.2778902237655236	0.3975667028571402	5.729579985937732	1.0067960789335675e-8	2.8190290210139887e-8
Helotiales	Helotiales	31.69648041991498	-0.43492978844232505	0.16096137154552692	-2.7020755617710916	0.006890810033990996	0.009647134047587394
Hypocreales	Hypocreales	4301.642864851658	1.5990082767319165	0.4527342545630047	3.531891524919705	4.125985694312882e-4	6.41819996893115e-4
Magnaporthales	Magnaporthales	19.26254239578231	0.2380421263734433	0.1697397832056526	1.4023944291541672	0.16079749599498375	0.2046513585390702
Malasseziales	Malasseziales	526.6867511368866	2.3426195776363583	0.48631673081511284	4.817065564883828	1.4568482884538411e-6	3.3993126730589627e-6
Mycosphaerellales	Mycosphaerellales	55.00388471506862	-1.3472358634559902	0.2220013512260095	-6.068593078446764	1.290356248136699e-9	4.516246868478447e-9
Saccharomycetales	Saccharomycetales	197.9947881804802	-0.15826179649485933	0.15111442673814526	-1.0472977326585713	0.2949622814964505	0.2949622814964505
Schizosaccharomycetales	Schizosaccharomycetales	13.325030810746021	0.7497224314374467	0.16697432648107108	4.490046148037246	7.1207744576628275e-6	1.4241548915325655e-5
Sordariales	Sordariales	94.09395679143212	-1.5185187409439516	0.2193998412432107	-6.921239014300982	4.477103538787919e-12	6.267944954303086e-11
Tremellales	Tremellales	22.045889154088396	0.17658887178163277	0.15143273198521964	1.1661208872522253	0.2435655728001433	0.262301386092462
Ustilaginales	Ustilaginales	30.88408094632191	0.5786462853133465	0.14187843420831023	4.078465402738801	4.533394688166917e-5	7.933440704292105e-5
