Gene	Geneid	baseMean	log2FoldChange	lfcSE	stat	pvalue	padj
Agaricales	Agaricales	45.27382175029836	0.520297708575913	0.26108960455533903	1.992793659717056	0.0462840463261483	0.42921370581486823
Cantharellales	Cantharellales	24.306674766457764	-0.35788661456272175	0.2293494626396439	-1.5604423504799603	0.11865538338001233	0.42921370581486823
Eurotiales	Eurotiales	1093.067553156783	-0.16806614399749079	0.5063830119777035	-0.33189530458595023	0.739968316024903	0.8396171940634993
Glomerellales	Glomerellales	536.451109012468	0.14117581867931078	0.5119254672135605	0.27577416581311887	0.7827215272431123	0.8396171940634993
Helotiales	Helotiales	31.69648041991498	-0.3546043189595934	0.2060978088405514	-1.7205632653471574	0.08533010419756808	0.42921370581486823
Hypocreales	Hypocreales	4301.642864851658	-0.8114686502981117	0.5828917614836178	-1.39214293959603	0.1638791175803304	0.42921370581486823
Magnaporthales	Magnaporthales	19.26254239578231	0.31411629866324126	0.22138219519409144	1.4188869090752645	0.15593198944201148	0.42921370581486823
Malasseziales	Malasseziales	526.6867511368866	-0.8316134450558991	0.6258875549235938	-1.3286946489252682	0.18394873106351495	0.42921370581486823
Mycosphaerellales	Mycosphaerellales	55.00388471506862	-0.1779329252443349	0.2881984421412004	-0.6173972486539611	0.5369727363362349	0.8396171940634993
Saccharomycetales	Saccharomycetales	197.9947881804802	0.0437022062380055	0.19599755924552908	0.22297321663714745	0.8235563517936384	0.8396171940634993
Schizosaccharomycetales	Schizosaccharomycetales	13.325030810746021	0.14931067840348686	0.2135740116624451	0.6991050888694885	0.4844863585005796	0.8396171940634993
Sordariales	Sordariales	94.09395679143212	0.05793132380339109	0.28624577469112045	0.20238315785063765	0.8396171940634993	0.8396171940634993
Tremellales	Tremellales	22.045889154088396	0.05164413614667352	0.19490998211087698	0.2649640392316855	0.7910371645039705	0.8396171940634993
Ustilaginales	Ustilaginales	30.88408094632191	0.08282485359728144	0.18345639182539616	0.4514688900897475	0.6516516419639387	0.8396171940634993
