Gene	Geneid	baseMean	log2FoldChange	lfcSE	stat	pvalue	padj
Agaricales	Agaricales	45.27382175029836	1.1061351597766838	0.8607022249453	1.2851542934572775	0.19873837201513211	0.3600587139590187
Cantharellales	Cantharellales	24.306674766457764	-0.43449808907875387	0.8099456324773135	-0.5364534008903666	0.5916452333394697	0.7510857009361465
Eurotiales	Eurotiales	1093.067553156783	-1.8404660250325684	1.0412097082683054	-1.7676228049136722	0.07712398295581367	0.302631355995541
Glomerellales	Glomerellales	536.451109012468	-1.5210014249276276	1.0525990215883534	-1.4449960466735596	0.14845899607742252	0.3600587139590187
Helotiales	Helotiales	31.69648041991498	0.3125371456629514	0.7988190733341284	0.39124897751687004	0.6956132089362776	0.7510857009361465
Hypocreales	Hypocreales	4301.642864851658	-3.2410804072878836	1.1985419237522503	-2.704186097338256	0.006847192959318226	0.04793035071522758
Magnaporthales	Magnaporthales	19.26254239578231	0.3143452794073924	0.8085367116921384	0.3887829394283382	0.6974367222978504	0.7510857009361465
Malasseziales	Malasseziales	526.6867511368866	-2.206054496990084	1.2868235591208068	-1.714341085344537	0.08646610171301171	0.302631355995541
Mycosphaerellales	Mycosphaerellales	55.00388471506862	0.5523961190429253	0.8901705322446709	0.6205508933776911	0.5348951583603749	0.7510857009361465
Saccharomycetales	Saccharomycetales	197.9947881804802	3.307646698583442	0.816280068139833	4.052097837107576	5.07604286987213e-5	7.106460017820982e-4
Schizosaccharomycetales	Schizosaccharomycetales	13.325030810746021	-0.346651157619678	0.7942841020830637	-0.43643219939888256	0.6625231812592809	0.7510857009361465
Sordariales	Sordariales	94.09395679143212	1.2517630294073465	0.8983016645591497	1.3934773570988108	0.16347548750210877	0.3600587139590187
Tremellales	Tremellales	22.045889154088396	0.16862515312010312	0.7856897330792852	0.21462053787978783	0.8300631801345386	0.8300631801345386
Ustilaginales	Ustilaginales	30.88408094632191	0.9929030313022086	0.7846898434473578	1.2653445684222355	0.20574783654801065	0.3600587139590187
