Gene	Geneid	baseMean	log2FoldChange	lfcSE	stat	pvalue	padj
Eurotiales	Eurotiales	89.12435241302892	-0.7642385117336146	0.37109676192885416	-2.059404958861195	0.0394554611212324	0.0789109222424648
Glomerellales	Glomerellales	89.18733882948435	-0.1519854986706179	0.3239937121360391	-0.46910014910043046	0.6389980525086213	0.9187311152945662
Helotiales	Helotiales	91.29401025223042	-0.0805053790715059	0.33784613295946114	-0.2382900711820961	0.8116561216369408	0.9187311152945662
Hypocreales	Hypocreales	830.1186383945143	-4.556116952194579	0.45657882365053865	-9.978817930640142	1.8870135781219422e-23	2.2644162937463307e-22
Magnaporthales	Magnaporthales	61.55379576969451	-1.4619284696304278	0.3754027233280186	-3.8942937245370675	9.848525668437416e-5	5.90911540106245e-4
Malasseziales	Malasseziales	1168.7297024420566	-0.48882257959131575	0.9463202103498611	-0.5165509245655809	0.6054696813090867	0.9187311152945662
Mycosphaerellales	Mycosphaerellales	83.61284487631134	-0.8226636426298162	0.33794082326499275	-2.4343423049092032	0.014918878988885765	0.03580530957332583
Saccharomycetales	Saccharomycetales	528.9482831970697	-0.060821025322582364	0.281411039073161	-0.21612878273325364	0.8288873645034567	0.9187311152945662
Schizosaccharomycetales	Schizosaccharomycetales	85.92345572571769	0.946381788169465	0.2867470992906194	3.3004057948997874	9.654512010682624e-4	0.0028963536032047873
Sordariales	Sordariales	318.4672932603741	1.4421539097647567	0.3945009014724069	3.6556416078700065	2.5653954889096357e-4	0.0010261581955638543
Tremellales	Tremellales	78.96451726538803	-0.06434765540305272	0.4503104733251073	-0.14289619987718144	0.8863721598326821	0.9187311152945662
Ustilaginales	Ustilaginales	5397.225958776155	0.10101318507599905	0.9900127951270954	0.10203220157677985	0.9187311152945662	0.9187311152945662
