Gene	Geneid	baseMean	log2FoldChange	lfcSE	stat	pvalue	padj
Eurotiales	Eurotiales	89.12435241302892	-1.7464237145606842	0.4909080649564232	-3.557537223829701	3.7434806678536347e-4	0.0022460884007121807
Glomerellales	Glomerellales	89.18733882948435	-0.24839124288240075	0.4252208276871005	-0.5841464639290432	0.559121776522215	0.7773110796802281
Helotiales	Helotiales	91.29401025223042	-0.41044078186065996	0.4441200381939081	-0.9241663211815194	0.3553997275113866	0.7107994550227732
Hypocreales	Hypocreales	830.1186383945143	-4.441511851288473	0.6061318624700055	-7.327633022275349	2.342531143803853e-13	2.8110373725646238e-12
Magnaporthales	Magnaporthales	61.55379576969451	-1.307067941963939	0.49394820072772894	-2.64616399055255	0.008141033909672312	0.03256413563868925
Malasseziales	Malasseziales	1168.7297024420566	-0.5463659801234992	1.2567674165220497	-0.4347391354523658	0.663751788234755	0.796502145881706
Mycosphaerellales	Mycosphaerellales	83.61284487631134	-0.3258644347924393	0.4434257487464163	-0.7348793698013074	0.4624129636051258	0.7773110796802281
Saccharomycetales	Saccharomycetales	528.9482831970697	-0.2041985361750348	0.37192447568861964	-0.549032261985341	0.5829833097601711	0.7773110796802281
Schizosaccharomycetales	Schizosaccharomycetales	85.92345572571769	0.7060055857800789	0.37542674397946435	1.8805415360038842	0.06003431109397394	0.14408234662553746
Sordariales	Sordariales	318.4672932603741	1.0087711785105833	0.5211229732161317	1.935764167687544	0.05289659138470667	0.14408234662553746
Tremellales	Tremellales	78.96451726538803	-0.15532850235695753	0.5931245762552378	-0.2618817506056525	0.7934126096495451	0.8655410287085946
Ustilaginales	Ustilaginales	5397.225958776155	-0.08764344010584528	1.3150775320862629	-0.06664507450507966	0.9468642612219513	0.9468642612219513
