Gene	Geneid	baseMean	log2FoldChange	lfcSE	stat	pvalue	padj
Eurotiales	Eurotiales	89.12435241302892	-0.07919796895290798	0.4210470145375973	-0.18809768557529105	0.8508000753597105	0.8508000753597105
Glomerellales	Glomerellales	89.18733882948435	-0.3784010377283525	0.36854261138497674	-1.0267497598346307	0.30453831185795677	0.3654459742295481
Helotiales	Helotiales	91.29401025223042	-0.57072917337032	0.37688162840009415	-1.5143459653184237	0.12993811621352033	0.24697739998302692
Hypocreales	Hypocreales	830.1186383945143	-2.4703071868820645	0.48554314779834296	-5.087719182287872	3.623954422761795e-7	4.348745307314154e-6
Magnaporthales	Magnaporthales	61.55379576969451	-0.629171863050588	0.43070343061966976	-1.4608006770351796	0.14407014999009904	0.24697739998302692
Malasseziales	Malasseziales	1168.7297024420566	-1.675177326719361	0.9947089360100081	-1.684087943794753	0.09216467398677332	0.24697739998302692
Mycosphaerellales	Mycosphaerellales	83.61284487631134	0.49750664716613285	0.4098318239431088	1.2139287827369762	0.22477492067836946	0.29969989423782595
Saccharomycetales	Saccharomycetales	528.9482831970697	-0.3898230480266013	0.3014492253355558	-1.2931632104632973	0.19595461678262324	0.29393192517393485
Schizosaccharomycetales	Schizosaccharomycetales	85.92345572571769	1.299173100103968	0.35233483085996975	3.6873251983999986	2.2662366581202817e-4	9.064946632481127e-4
Sordariales	Sordariales	318.4672932603741	1.586764778724668	0.4282935333182226	3.7048534598015976	2.1151297713888618e-4	9.064946632481127e-4
Tremellales	Tremellales	78.96451726538803	0.11330771438097444	0.5011275251343096	0.22610554938207852	0.8211193285685896	0.8508000753597105
Ustilaginales	Ustilaginales	5397.225958776155	1.6443432059149294	1.041336071633803	1.5790706292686465	0.11431985760520864	0.24697739998302692
