Gene	Geneid	baseMean	log2FoldChange	lfcSE	stat	pvalue	padj
Eurotiales	Eurotiales	39.901230870137546	-0.28768023253279584	1.1233738671469407	-0.25608592201225416	0.797884492228705	0.9595174421538857
Glomerellales	Glomerellales	60.53066850644245	-0.10173649197075889	1.08510501303311	-0.09375727763562972	0.9253019696400057	0.9595174421538857
Helotiales	Helotiales	46.4327516586802	0.05610039236077313	1.1052271743204294	0.050759150393915674	0.9595174421538857	0.9595174421538857
Hypocreales	Hypocreales	377.17037434830917	0.4497753960291858	1.2378453055569762	0.3633534772156417	0.7163408500334048	0.9595174421538857
Magnaporthales	Magnaporthales	33.14645653706706	-1.2513167840995225	1.0948213239105673	-1.1429415529010456	0.2530628585975818	0.7591885757927455
Malasseziales	Malasseziales	877.7620093130428	0.7607475165091844	1.3214793166673908	0.5756787162039709	0.5648323640886872	0.9595174421538857
Mycosphaerellales	Mycosphaerellales	38.44487861222709	-0.09133635301680695	1.0816546323552156	-0.08444132746691005	0.9327055500330473	0.9595174421538857
Saccharomycetales	Saccharomycetales	257.77921015706613	2.631597066617952	1.0853736603180806	2.4246000827463727	0.01532525847258421	0.1839031016710105
Schizosaccharomycetales	Schizosaccharomycetales	42.17682395979822	0.2737069853878135	1.0746931907284365	0.2546838369770376	0.7989673009054964	0.9595174421538857
Sordariales	Sordariales	138.9436478852063	2.226608299213246	1.1211864682613573	1.9859393261016474	0.04704006138211227	0.2822403682926736
Tremellales	Tremellales	33.50970914593488	-0.21316970474965866	1.0611371842726638	-0.20088797933866748	0.8407861672118279	0.9595174421538857
Ustilaginales	Ustilaginales	8388.752187178221	1.7043259327868214	1.2736931363726989	1.338097760062133	0.18086457086064	0.72345828344256
