Gene	Geneid	baseMean	log2FoldChange	lfcSE	stat	pvalue	padj
Eurotiales	Eurotiales	39.901230870137546	-0.8912235362983243	0.26005193825598777	-3.4270982261283094	6.100683481121271e-4	0.0018302050443363813
Glomerellales	Glomerellales	60.53066850644245	-0.3236300446765104	0.21544066571577897	-1.502177147481807	0.13305136503053333	0.1774018200407111
Helotiales	Helotiales	46.4327516586802	0.31005272258862626	0.24822378099550785	1.2490854878817488	0.21163380790802422	0.25396056948962903
Hypocreales	Hypocreales	377.17037434830917	-4.166539781045603	0.3332915399379278	-12.501186744258732	7.354511195664772e-36	8.825413434797726e-35
Magnaporthales	Magnaporthales	33.14645653706706	-2.048628640675271	0.2240499933907282	-9.143622856987099	6.039442138081203e-20	3.6236652828487216e-19
Malasseziales	Malasseziales	877.7620093130428	-1.532975461955208	0.5801608950398455	-2.642328145625746	0.00823382389303118	0.014115126673767736
Mycosphaerellales	Mycosphaerellales	38.44487861222709	-0.13983660785354124	0.2119909715067129	-0.6596347328363141	0.5094882596171851	0.5558053741278383
Saccharomycetales	Saccharomycetales	257.77921015706613	0.03779350792729981	0.1922947064695036	0.19653951281957704	0.8441879089376186	0.8441879089376186
Schizosaccharomycetales	Schizosaccharomycetales	42.17682395979822	0.671027777934095	0.20503692454713357	3.272716752927301	0.0010651916437505787	0.002556459945001389
Sordariales	Sordariales	138.9436478852063	0.8842410806124197	0.24783395659336208	3.5678770285028123	3.598853228626606e-4	0.0014395412914506424
Tremellales	Tremellales	33.50970914593488	0.531631198117025	0.18455269120652468	2.8806472267700514	0.00396859555000416	0.00793719110000832
Ustilaginales	Ustilaginales	8388.752187178221	-1.0813289857116979	0.5894061423956858	-1.8346075955648418	0.06656385244468832	0.09984577866703248
