Gene	Geneid	baseMean	log2FoldChange	lfcSE	stat	pvalue	padj
Eurotiales	Eurotiales	39.901230870137546	0.07789672986355468	0.8074058573826448	0.09647778642091019	0.9231411154852601	0.9231411154852601
Glomerellales	Glomerellales	60.53066850644245	-3.3052573734477546	0.41658488584899117	-7.93417496823417	2.11899189395359e-15	2.542790272744308e-14
Helotiales	Helotiales	46.4327516586802	1.1312963215154945	0.9393539797224745	1.2043344106017713	0.22846035175762114	0.3916463172987791
Hypocreales	Hypocreales	377.17037434830917	-2.570601393726381	0.7304071473331936	-3.519408870945422	4.3250959193624457e-4	0.0012975287758087337
Magnaporthales	Magnaporthales	33.14645653706706	0.3957624748761197	1.0948206796922342	0.3614861156873405	0.7177360823740326	0.7829848171353083
Malasseziales	Malasseziales	877.7620093130428	-5.412037848359385	1.2310137326377666	-4.396407371315581	1.1005729495113427e-5	5.159545545353204e-5
Mycosphaerellales	Mycosphaerellales	38.44487861222709	-0.2688816579486053	0.651567162231934	-0.41266913609880984	0.6798490404795023	0.7829848171353083
Saccharomycetales	Saccharomycetales	257.77921015706613	0.41588183642084153	0.45824288881978426	0.9075576437027869	0.3641119812255042	0.5461679718382563
Schizosaccharomycetales	Schizosaccharomycetales	42.17682395979822	1.3243759006821973	0.896002091027713	1.4780946539568232	0.13938244482520384	0.2787648896504077
Sordariales	Sordariales	138.9436478852063	1.3158943881667071	0.628692914650665	2.0930638114442366	0.0363434586367637	0.08722430072823288
Tremellales	Tremellales	33.50970914593488	0.4497418843408041	0.7820198268935646	0.5751029179494389	0.5652216946242816	0.7536289261657088
Ustilaginales	Ustilaginales	8388.752187178221	-5.472713516344974	1.2546875670100532	-4.361813777581749	1.289886386338301e-5	5.159545545353204e-5
