Gene	Geneid	baseMean	log2FoldChange	lfcSE	stat	pvalue	padj
Eurotiales	Eurotiales	39.901230870137546	-0.4507945752670846	0.3260658700825463	-1.3825260986467618	0.16681022263519582	0.18197478832930453
Glomerellales	Glomerellales	60.53066850644245	-0.5129186197582738	0.2707715040758472	-1.8942858167770766	0.05818708257829154	0.08728062386743732
Helotiales	Helotiales	46.4327516586802	-0.6382726042315087	0.2864471233946621	-2.2282388339858006	0.02586459272309021	0.04433930181101179
Hypocreales	Hypocreales	377.17037434830917	-3.3033201045351777	0.35012220900587815	-9.434763118610732	3.91878707114797e-21	4.7025444853775646e-20
Magnaporthales	Magnaporthales	33.14645653706706	-1.6771242786138068	0.283913557967158	-5.907165161896953	3.4804477601016546e-9	2.088268656060993e-8
Malasseziales	Malasseziales	877.7620093130428	1.7702551950788954	0.6293328594620894	2.8129076186995676	0.0049095753825414605	0.011782980918099505
Mycosphaerellales	Mycosphaerellales	38.44487861222709	-0.06670656571479137	0.2801801324437146	-0.2380845677135657	0.8118155038157504	0.8118155038157504
Saccharomycetales	Saccharomycetales	257.77921015706613	-0.490416637784154	0.20464436353199802	-2.39643364380995	0.016555490807348035	0.03311098161469607
Schizosaccharomycetales	Schizosaccharomycetales	42.17682395979822	0.4099964110471436	0.27245949588630963	1.5047976570367898	0.1323761063228294	0.15885132758739526
Sordariales	Sordariales	138.9436478852063	0.8021697010404244	0.2805267012810185	2.859512828466366	0.004242922569237024	0.011782980918099505
Tremellales	Tremellales	33.50970914593488	0.4217542209041889	0.2608903192530095	1.6165959017251799	0.10596553713882786	0.14128738285177048
Ustilaginales	Ustilaginales	8388.752187178221	3.5841919876208377	0.6207428584534755	5.774036605995801	7.73946112242377e-9	3.095784448969508e-8
