Gene	Geneid	baseMean	log2FoldChange	lfcSE	stat	pvalue	padj
Eurotiales	Eurotiales	39.901230870137546	0.16311434273428876	1.1568989863744372	0.1409927268114105	0.8878756881100878	0.9822869477197308
Glomerellales	Glomerellales	60.53066850644245	0.41118212778751495	1.109950435047803	0.3704508911425457	0.7110465609578479	0.9480620812771305
Helotiales	Helotiales	46.4327516586802	0.6943729965922818	1.131018271966481	0.6139361439183366	0.5392575247515395	0.9480620812771305
Hypocreales	Hypocreales	377.17037434830917	3.753095500564363	1.2611853198953957	2.975847753187969	0.002921798745590872	0.02642904745610001
Magnaporthales	Magnaporthales	33.14645653706706	0.425807494514284	1.1209410237992454	0.3798660995304458	0.7040448130375927	0.9480620812771305
Malasseziales	Malasseziales	877.7620093130428	-1.009507678569711	1.3952837097018729	-0.7235142727964696	0.46936398851490024	0.9480620812771305
Mycosphaerellales	Mycosphaerellales	38.44487861222709	-0.02462978730201558	1.1093577985175496	-0.022201842665124552	0.9822869477197308	0.9822869477197308
Saccharomycetales	Saccharomycetales	257.77921015706613	3.122013704402106	1.0963615424672373	2.847613294950467	0.004404841242683335	0.02642904745610001
Schizosaccharomycetales	Schizosaccharomycetales	42.17682395979822	-0.13628942565933005	1.101623858625312	-0.1237168427247047	0.9015394755489892	0.9822869477197308
Sordariales	Sordariales	138.9436478852063	1.4244385981728214	1.143499515092277	1.2456836049098572	0.21288057503884927	0.6386417251165478
Tremellales	Tremellales	33.50970914593488	-0.6349239256538476	1.0871550256524032	-0.5840233551538143	0.559204598989796	0.9480620812771305
Ustilaginales	Ustilaginales	8388.752187178221	-1.879866054834016	1.3433112933134523	-1.3994269713887997	0.16168498355062894	0.6386417251165478
