Gene	Geneid	baseMean	log2FoldChange	lfcSE	stat	pvalue	padj
Eurotiales	Eurotiales	39.901230870137546	-0.5286913051306393	0.8534346125049354	-0.6194865984856947	0.5355958478120503	0.6427150173744604
Glomerellales	Glomerellales	60.53066850644245	2.7923387536894806	0.47757726712137816	5.846883731548714	5.00867327844509e-9	3.005203967067054e-8
Helotiales	Helotiales	46.4327516586802	-1.7695689257470033	0.9695674932082939	-1.8251116483820107	0.06798418274135652	0.13596836548271304
Hypocreales	Hypocreales	377.17037434830917	-0.7327187108087961	0.7692996890067901	-0.9524489887091698	0.340869324759474	0.511303987139211
Magnaporthales	Magnaporthales	33.14645653706706	-2.0728867534899265	1.1209403945922274	-1.8492390527544469	0.06442330194984192	0.13596836548271304
Malasseziales	Malasseziales	877.7620093130428	7.18229304343828	1.3099251337856155	5.482979796472663	4.182207966596799e-8	1.6728831866387197e-7
Mycosphaerellales	Mycosphaerellales	38.44487861222709	0.2021750922338139	0.6965900863027337	0.29023538550037575	0.771636166982717	0.8417849094356912
Saccharomycetales	Saccharomycetales	257.77921015706613	-0.9062984742049957	0.4836932855051934	-1.8737048897803332	0.0609711116033191	0.13596836548271304
Schizosaccharomycetales	Schizosaccharomycetales	42.17682395979822	-0.9143794896350538	0.9281322205486213	-0.98518235806377	0.32453450472324236	0.511303987139211
Sordariales	Sordariales	138.9436478852063	-0.5137246871262828	0.6676726932681548	-0.7694259362498109	0.4416404965341284	0.5888539953788379
Tremellales	Tremellales	33.50970914593488	-0.027987663436615146	0.8169754804214321	-0.03425765412467198	0.9726716921463165	0.9726716921463165
Ustilaginales	Ustilaginales	8388.752187178221	9.05690550396581	1.325304461589977	6.833830086937289	8.267694418009245e-12	9.921233301611094e-11
