Gene	Geneid	baseMean	log2FoldChange	lfcSE	stat	pvalue	padj
Eurotiales	Eurotiales	39.901230870137546	0.6035433037655284	1.1400540880293042	0.5293988330052064	0.5965288075578998	0.8947932113368497
Glomerellales	Glomerellales	60.53066850644245	0.22189355270575153	1.097764747697528	0.20213215369791673	0.8398134116245278	0.9161600854085757
Helotiales	Helotiales	46.4327516586802	-0.25395233022785313	1.1219471567202814	-0.22634963572635294	0.8209294962372627	0.9161600854085757
Hypocreales	Hypocreales	377.17037434830917	4.616315177074789	1.2566169267023202	3.6736057576346393	2.3915162785117394e-4	0.002869819534214087
Magnaporthales	Magnaporthales	33.14645653706706	0.7973118565757484	1.1072941208084595	0.7200542670574407	0.4714915838471887	0.8347748770885532
Malasseziales	Malasseziales	877.7620093130428	2.2937229784643924	1.373806189640917	1.6696117660264156	0.09499620096723835	0.284988602901715
Mycosphaerellales	Mycosphaerellales	38.44487861222709	0.04850025483673428	1.0941270449613902	0.04432780915167467	0.9646431049586455	0.9646431049586455
Saccharomycetales	Saccharomycetales	257.77921015706613	2.593803558690652	1.0941236540775108	2.3706676562783637	0.017755988953169682	0.1065359337190181
Schizosaccharomycetales	Schizosaccharomycetales	42.17682395979822	-0.3973207925462814	1.086913561154563	-0.36554957702821494	0.7147012062878972	0.9161600854085757
Sordariales	Sordariales	138.9436478852063	1.3423672186008262	1.1359214677632583	1.1817429784508606	0.23730769939518817	0.5695384785484516
Tremellales	Tremellales	33.50970914593488	-0.7448009028666835	1.0714018792931752	-0.6951648277470293	0.4869520116349894	0.8347748770885532
Ustilaginales	Ustilaginales	8388.752187178221	2.7856549184985195	1.3291211890257353	2.0958622445410295	0.03609441279178813	0.1443776511671525
