Gene	Geneid	baseMean	log2FoldChange	lfcSE	stat	pvalue	padj
Eurotiales	Eurotiales	39.901230870137546	-1.0898588765925252	0.737127433638362	-1.4785216596988233	0.13926820401238985	0.20890230601858478
Glomerellales	Glomerellales	60.53066850644245	0.9821773965528888	0.46412266489972004	2.1162021828110924	0.03432761565966423	0.06408282141644604
Helotiales	Helotiales	46.4327516586802	0.16665569121968551	0.6432406289917595	0.2590876317637276	0.7955676274887641	0.8168759696413309
Hypocreales	Hypocreales	377.17037434830917	-2.54762043565963	0.40105791600993834	-6.3522507198100016	2.1218710794350432e-10	8.487484317740173e-10
Magnaporthales	Magnaporthales	33.14645653706706	-1.438414557226376	0.6910234408794276	-2.081571292857714	0.03738164582626019	0.06408282141644604
Malasseziales	Malasseziales	877.7620093130428	7.5346274196106515	0.8678106880000783	8.682339966306074	3.87708508777635e-18	4.65250210533162e-17
Mycosphaerellales	Mycosphaerellales	38.44487861222709	-0.16410589677193071	0.6025621460939521	-0.2723468406300172	0.7853553432346004	0.8168759696413309
Saccharomycetales	Saccharomycetales	257.77921015706613	-0.9828686109146066	0.4099889314871634	-2.3973052329715876	0.016516158926277665	0.04954847677883299
Schizosaccharomycetales	Schizosaccharomycetales	42.17682395979822	0.14787616367750978	0.638594888630063	0.2315649033689247	0.8168759696413309	0.8168759696413309
Sordariales	Sordariales	138.9436478852063	-1.2700795623562808	0.5887172521176185	-2.1573676629787886	0.030977028740036033	0.06408282141644604
Tremellales	Tremellales	33.50970914593488	0.7040994037018856	0.6191716892676633	1.1371634328673395	0.25546997037722297	0.3406266271696306
Ustilaginales	Ustilaginales	8388.752187178221	8.449621274386082	1.0136170893593566	8.336107750241815	7.677596139074058e-17	4.606557683444435e-16
