group	factor	Archaea metatranscriptome	Bacteria metatranscriptome	Eukaryota metatranscriptome	Human transcriptome	V(D)J profiling	Viruses metatranscriptome
Blood_CD4_EoE	Factor1	-0.01316568644784688	-6.179873779377232e-5	0.00789503852324236	0.014184217148527356	80.11708677240206	-0.005784514025330978
Blood_CD4_EoE	Factor2	-0.03712340498793765	-0.0065320646437383445	-1.8886413835073057e-4	0.0057730283385959424	3.208179411018364e-5	-0.8206821460544411
Esophagus_Control	Factor1	-5.95495666222412e-4	-1.1054269344334955e-5	-0.0013420600356806034	-0.00600396044421192	24.254532754879865	0.001414588166137598
Esophagus_Control	Factor2	-0.022027250561307277	0.010444303086243334	-4.299302658994364e-4	0.016445114660035287	4.917470376564204e-4	21.876700507502466
