Gene	Geneid	baseMean	log2FoldChange	lfcSE	stat	pvalue	padj
Eurotiales	Eurotiales	6.273834111476771	1.0906490373540687	0.6704633333331033	1.6267094457381854	0.10379882166830712	0.17794083714566933
Glomerellales	Glomerellales	11.178710157655631	-3.287260793754862	0.23373674395467176	-14.063945352093876	6.325888857046821e-45	7.591066628456185e-44
Helotiales	Helotiales	6.9931172836658835	0.8442559552081175	0.8492799599351747	0.9940843950592679	0.3201817818563471	0.42690904247512945
Hypocreales	Hypocreales	80.45197093399915	2.568992058284758	0.8587574119537759	2.991522428248967	0.0027759014645902954	0.008327704393770886
Magnaporthales	Magnaporthales	6.515399853423249	2.7324171813856792	1.030583406101738	2.651330465062755	0.008017535260064592	0.019242084624155022
Malasseziales	Malasseziales	171.26632799969792	-9.70716657930638	0.9554013294871904	-10.160302565746566	2.9814975166944843e-24	1.1925990066777937e-23
Mycosphaerellales	Mycosphaerellales	5.350303535884663	-0.07514094966454893	0.562639389296133	-0.13355081619605577	0.8937577786495505	0.8937577786495505
Saccharomycetales	Saccharomycetales	32.75057248606989	0.571238200757721	0.28067749711710877	2.0352119661355674	0.04182954953917356	0.08365909907834712
Schizosaccharomycetales	Schizosaccharomycetales	5.200599067848358	0.6034485243637409	0.845389044849631	0.7138116208627663	0.47534367284225626	0.5704124074107075
Sordariales	Sordariales	11.443450516338377	0.6690624077215811	0.43738508470108445	1.52968729644457	0.12609414957427426	0.1891412243614114
Tremellales	Tremellales	4.6415285225614955	-0.1312225930020061	0.7538929418043668	-0.17405998348775892	0.8618183216247819	0.8937577786495505
Ustilaginales	Ustilaginales	1598.4447777533162	-10.734933453313248	1.0174472881661578	-10.550849737544478	5.0339744719587364e-26	3.020384683175242e-25
