Gene	Geneid	baseMean	log2FoldChange	lfcSE	stat	pvalue	padj
Eurotiales	Eurotiales	6.273834111476771	0.2815350622771354	0.1443006090438148	1.9510316979441944	0.051053275204334295	0.1531598256130029
Glomerellales	Glomerellales	11.178710157655631	-0.2548711479587312	0.11643190677891455	-2.1890146353326543	0.028595776300046824	0.1143831052001873
Helotiales	Helotiales	6.9931172836658835	0.589367627241119	0.14377643048137603	4.09919501595543	4.145895964040738e-5	4.975075156848886e-4
Hypocreales	Hypocreales	80.45197093399915	0.494060164320715	0.6298478574906246	0.7844119154252568	0.43279844899641823	0.6491976734946273
Magnaporthales	Magnaporthales	6.515399853423249	0.16306927251369427	0.11813004668780082	1.3804216377282976	0.16745686178351024	0.28706890591458895
Malasseziales	Malasseziales	171.26632799969792	0.43028794472188814	0.7292991223835942	0.5900020053713527	0.5551893050538306	0.7013844556899197
Mycosphaerellales	Mycosphaerellales	5.350303535884663	-0.2839375492718242	0.1176583310254894	-2.41323794751357	0.01581149334136918	0.09486896004821507
Saccharomycetales	Saccharomycetales	32.75057248606989	0.030323102795760847	0.055451270195538825	0.5468423480441825	0.5844870464082664	0.7013844556899197
Schizosaccharomycetales	Schizosaccharomycetales	5.200599067848358	-0.18367429420563608	0.12776878934624097	-1.4375521216523124	0.15056117398907612	0.28706890591458895
Sordariales	Sordariales	11.443450516338377	-0.01915672468368461	0.10570996983468484	-0.1812196589748627	0.8561951644403639	0.8561951644403639
Tremellales	Tremellales	4.6415285225614955	0.32308030066526155	0.18339547276665666	1.7616590845529376	0.07812691470106681	0.18750459528256033
Ustilaginales	Ustilaginales	1598.4447777533162	0.3015756347997323	0.770505897648235	0.39139951520191085	0.6955019506095264	0.7587294006649378
