Gene	Geneid	baseMean	log2FoldChange	lfcSE	stat	pvalue	padj
Eurotiales	Eurotiales	6.273834111476771	0.04343229535830261	0.8394955773035769	0.05173618126471285	0.9587389073511459	0.9587389073511459
Glomerellales	Glomerellales	11.178710157655631	-2.0866384786901246	0.38708412093171424	-5.390658944282113	7.019979381042411e-8	8.423975257250894e-7
Helotiales	Helotiales	6.9931172836658835	1.0969824416197018	0.9613105428099556	1.1411322281072367	0.25381490164918763	0.4346493644747582
Hypocreales	Hypocreales	80.45197093399915	0.18562018594585714	0.8304123198205977	0.22352773618045374	0.8231247988073048	0.9401953121395463
Magnaporthales	Magnaporthales	6.515399853423249	1.3616120304268422	1.1483947578946494	1.18566548746973	0.23575442913462977	0.4346493644747582
Malasseziales	Malasseziales	171.26632799969792	-2.4352379577402194	0.9014356918407815	-2.7015104680039115	0.006902530747483733	0.041415184484902404
Mycosphaerellales	Mycosphaerellales	5.350303535884663	-0.12554831189779864	0.7214377763977926	-0.17402514257663812	0.8618457027945842	0.9401953121395463
Saccharomycetales	Saccharomycetales	32.75057248606989	-0.7465232719799794	0.39743536631982695	-1.878351388032317	0.06033311097023327	0.1809993329106998
Schizosaccharomycetales	Schizosaccharomycetales	5.200599067848358	1.0957358343036911	0.9578725729921118	1.143926515069677	0.2526541137169444	0.4346493644747582
Sordariales	Sordariales	11.443450516338377	-0.6370835593596161	0.6017974340054421	-1.0586345560154964	0.28976624298317216	0.4346493644747582
Tremellales	Tremellales	4.6415285225614955	0.6836347032067202	0.8763811179944023	0.7800655321867475	0.4353523032529605	0.5804697376706139
Ustilaginales	Ustilaginales	1598.4447777533162	-2.339747078993753	0.9608815935557304	-2.435000414916418	0.014891772625205775	0.0595670905008231
