group	factor	Archaea metatranscriptome	Bacteria metatranscriptome	Eukaryota metatranscriptome	Human transcriptome	Viruses metatranscriptome
Esophagus_ECs_Control	Factor1	0.059811488098515664	0.17324728884390295	3.473247594304818	1.0140260749576968	0.013166824405919098
Esophagus_ECs_Control	Factor2	0.03746271027209591	0.05417461462654538	0.5215394246446459	1.7093444766726806	0.016705917738768505
Esophagus_ECs_Control	Factor3	0.1673932800540956	0.008566515915064965	0.0063530975486947305	0.17642179668920788	0.4312875364112734
Esophagus_ECs_Control	Factor4	0.08347087075589732	6.723618586779168e-4	-0.1592341680020981	0.1352931109583455	0.08731884449050265
Esophagus_EoE	Factor1	-3.339672915991798e-5	-0.0010477973796385598	0.2812050287318568	0.36448465834580945	0.006043113928677624
Esophagus_EoE	Factor2	-1.9972021814140817e-6	-1.4052142494058728e-4	-0.008266181800387074	0.5426607618200685	0.008258612297951107
Esophagus_EoE	Factor3	-7.153298822171195e-5	1.5060219996643198e-4	0.004723509378756763	0.042809463760162814	0.04867585837736721
Esophagus_EoE	Factor4	-1.8725298376320865e-4	3.2840359336372416e-4	0.06122901895909694	0.09666766142183425	-4.64742519268313e-4
