DGE	Genes	Process~name	num_of_Genes	gene_group	percentage%	P-value	Benjamini and Hochberg (FDR)	 Hommel singlewise process	Bonferroni single-step process	Hommel singlewise process	Hochberg step-up process	Benjamini and Yekutieli
down	IGKV1-17; IGLV2-11; IGHG1;	GO:0038096~Fc-gamma receptor signaling pathway involved in phagocytosis	3	135	2.22222222222222	0.00016275276474864	0.00517192119090128	0.0452452686001223	0.0465472907181115	0.0360834910586149	0.0452452686001223	0.0322466943821119
down	IGKV1-17; IGLV2-11; IGHG1;	GO:0006958~complement activation, classical pathway	3	161	1.86335403726708	0.0002703656988352	0.00773245898668691	0.0748912985773522	0.0773245898668691	0.0508287513810188	0.0748912985773522	0.0482115315686888
down	IGKV1-17; IGLV2-11; MS4A2;	GO:0038095~Fc-epsilon receptor signaling pathway	3	171	1.75438596491228	0.00032153487617558	0.00835990678056531	0.0887436258244625	0.0919589745862184	0.0559470684545524	0.0887436258244625	0.0521236401455794
down	IGKV1-17; IGLV2-11; PPIA;	GO:0050900~leukocyte migration	3	193	1.55440414507772	0.00045513135920449	0.0108472973943738	0.125161123781237	0.130167568732486	0.0686743644361567	0.125161123781237	0.0676324079654618
down	MS4A2; CCL8; IL1RN;	GO:0006954~inflammatory response	3	381	0.78740157480315	0.00312253160233666	0.0171739238128517	0.733794926549116	0.893044038268286	0.1815295596608	0.467469700232428	0.107078637143385
down	RIOK3; PRKCB; CCL8;	GO:0006468~protein phosphorylation	3	482	0.622406639004149	0.00597528846384621	0.0211909509257815	1	1	0.226615577696175	0.467469700232428	0.132124619256027
down	PRKCB; CCL8; IL1RL1; F2RL3;	GO:0007165~signal transduction	4	989	0.404448938321537	0.00675266842070998	0.0211909509257815	1	1	0.234815483468076	0.467469700232428	0.132124619256027
down	RIOK3; OTULIN; IGHG1;	GO:0045087~innate immune response	3	505	0.594059405940594	0.00678574074780114	0.0211909509257815	1	1	0.234815483468076	0.467469700232428	0.132124619256027
