DGE	Genes	Process~name	num_of_Genes	gene_group	percentage%	P-value	Benjamini and Hochberg (FDR)	 Hommel singlewise process	Bonferroni single-step process	Hommel singlewise process	Hochberg step-up process	Benjamini and Yekutieli
down	KLRD1; APOBEC3G; IGHV3-48; IGHV3-49; IGHG1; IGHG4;	GO:0045087~innate immune response	6	505	1.18811881188119	0.00011832716190929	0.00143320466414593	0.0422427968016176	0.0457926116588964	0.0405862165348875	0.0421888049972878	0.00936876113232774
down	CCL8; CCL4; CCL22; XCL2;	GO:0070374~positive regulation of ERK1 and ERK2 cascade	4	209	1.91387559808612	0.0002972797546823	0.00348628075945607	0.105534312912217	0.11504726506205	0.0829410515563618	0.105534312912217	0.0227895795294791
down	ACOD1; TNFAIP6; CALCRL;	GO:0050728~negative regulation of inflammatory response	3	93	3.2258064516129	0.00040744852115715	0.00463772287317109	0.144236776489631	0.157682577687817	0.102269578810445	0.144236776489631	0.0303164780883302
down	CCL22; CCL4; CCL8;	GO:0009615~response to virus	3	104	2.88461538461538	0.00055939846071317	0.00585100552151352	0.196348859710326	0.216487204296	0.123013387427471	0.196348859710326	0.0382476240039709
down	CCL4; CCL8; XCL2; CCL22;	GO:0043547~positive regulation of GTPase activity	4	322	1.24223602484472	0.00145100214704952	0.0129803867753147	0.500595740732084	0.561537830908164	0.201689298439883	0.500595740732084	0.0848519029734104
down	LTF; FASLG; CXXC5;	GO:0043123~positive regulation of I-kappaB kinase/NF-kappaB signaling	3	183	1.63934426229508	0.00273378182909312	0.0184941568488154	0.934953385549846	1	0.256463632223274	0.593672844852407	0.120895041856152
down	CCL4; TNFAIP6; SLAMF7;	GO:0007155~cell adhesion	3	454	0.66079295154185	0.0307669116925067	0.0564303072274885	1	1	0.593672844852407	0.593672844852407	0.368881069301613
down	LTF; HSPA1A; TNFAIP6;	GO:0043312~neutrophil degranulation	3	483	0.62111801242236	0.0359148121107999	0.0634659008533314	1	1	0.593672844852407	0.593672844852407	0.414872264944232
