group	factor	Archaea metatranscriptome	Bacteria metatranscriptome	Eukaryota metatranscriptome	Human transcriptome	V(D)J profiling	Viruses metatranscriptome
Blood_CD4_EoE	Factor1	0.03469260054531631	1.4508772032273853	-0.08335472896456864	0.012210392203271248	80.48221408832035	0.239929916285464
Blood_CD4_EoE	Factor2	0.0016389037709396703	6.8872199643355e-5	2.940377742303424	-2.92173828109199e-4	-6.794984797053871e-7	-4.8959972076545455e-6
Esophagus_EoE	Factor1	0.05880092549794824	0.05070324484184319	0.006980538764200794	0.011321349977655437	4.71828280234261	0.16662040753647744
Esophagus_EoE	Factor2	-0.01131456133873776	-3.3899626026290264e-4	19.754209431329105	0.507891071437816	5.255977867046902e-4	1.3446636731861972e-4
