DGE	Genes	Process~name	num_of_Genes	gene_group	percentage%	P-value	Benjamini and Hochberg (FDR)	 Hommel singlewise process	Bonferroni single-step process	Hommel singlewise process	Hochberg step-up process	Benjamini and Yekutieli
down	FOS; PSMB9; PSMB10;	GO:0038095~Fc-epsilon receptor signaling pathway	3	171	1.75438596491228	0.00015452951073102	0.00428819392278601	0.0497585024553908	0.0514583270734321	0.0355417874681363	0.0497585024553908	0.0273880895416063
down	ITGAX; CCR1; PREX1;	GO:0030335~positive regulation of cell migration	3	226	1.32743362831858	0.0003459092737581	0.00767918587742993	0.110345058328835	0.115187788161449	0.0611586145374349	0.110345058328835	0.0490458767035067
down	CTSS; CD86; LAIR1;	GO:0002250~adaptive immune response	3	347	0.864553314121038	0.00118108053287402	0.0101329175903384	0.367316045723821	0.39329981744705	0.101250517014037	0.3500877383689	0.0647175149442875
down	CCR1; CTSS; CD86;	GO:0006955~immune response	3	433	0.69284064665127	0.00220859236473026	0.0117897254414133	0.60736290030082	0.735461257455175	0.130306949519085	0.494733649923054	0.075299312921603
down	ITGAX; CD86; TCIRG1;	GO:0008284~positive regulation of cell population proliferation	3	490	0.612244897959184	0.00312254878819718	0.0128371450181439	0.790004843413886	1	0.149882341833464	0.494733649923054	0.081989033972393
down	FOS; CD74; CD86;	GO:0045893~positive regulation of transcription, DNA-templated	3	570	0.526315789473684	0.00475044949576975	0.0150657112580126	1	1	0.171016181847711	0.494733649923054	0.0962225721066174
down	CCR1; C3AR1; PREX1;	GO:0007186~G protein-coupled receptor signaling pathway	3	1152	0.260416666666667	0.0308604876321136	0.0426412546949951	1	1	0.340657595763385	0.494733649923054	0.272343677264067
