Gene	Geneid	baseMean	log2FoldChange	lfcSE	stat	pvalue	padj
Eurotiales	Eurotiales	33.57713026965264	0.08556424518058979	0.30691783212323615	0.2787855126848196	0.7804094330561276	0.8513557451521392
Glomerellales	Glomerellales	30.53140170041068	0.5245234996364269	0.46359919479356065	1.1314158987484775	0.2578800828914368	0.5157601657828736
Helotiales	Helotiales	27.956465361191853	-0.8876633330503643	0.4820621929301014	-1.841387576268763	0.06556478211680906	0.1966943463504272
Hypocreales	Hypocreales	489.36962914343263	1.6548223051643673	0.8759432955199526	1.8891888477576377	0.05886652853983973	0.1966943463504272
Magnaporthales	Magnaporthales	26.966164600115103	0.5713505021269464	0.6174991326145264	0.9252652707507716	0.35482793907648436	0.6082764669882589
Malasseziales	Malasseziales	620.3109433617328	0.9025669403071904	1.3898200127519598	0.6494128247009715	0.5160715767621513	0.7684627572542798
Mycosphaerellales	Mycosphaerellales	38.07114688970727	-2.2308265033621018	0.7035046030898028	-3.171019057393908	0.0015190517710909047	0.018228621253090854
Saccharomycetales	Saccharomycetales	153.07718407860585	-0.24272433279471914	0.44522596192879743	-0.5451711120869828	0.5856358376987285	0.7684627572542798
Schizosaccharomycetales	Schizosaccharomycetales	18.33358678573811	0.4245062925738376	2.676294828547226	0.15861716281993957	0.8739705060148968	0.8739705060148968
Sordariales	Sordariales	57.462633157608344	-0.26124791024220345	0.5592261397584146	-0.46715969027317356	0.6403856310452332	0.7684627572542798
Tremellales	Tremellales	25.67503789247282	-1.1853836374652758	0.7775436447541727	-1.524523601295777	0.12737796576139981	0.30570711782735954
Ustilaginales	Ustilaginales	5508.27028795487	3.5714851100340543	1.6800843051059215	2.1257773191380944	0.033521805402174795	0.1966943463504272
