Gene	Geneid	baseMean	log2FoldChange	lfcSE	stat	pvalue	padj
Eurotiales	Eurotiales	33.57713026965264	0.8473300834538281	0.4526685626816045	1.8718553778823348	0.061226614394564345	0.14694387454695443
Glomerellales	Glomerellales	30.53140170041068	-0.5200257262215849	0.5145493664847648	-1.010643021046227	0.31218731728623583	0.374624780743483
Helotiales	Helotiales	27.956465361191853	-0.744331795061932	0.5523357914929572	-1.3476073912393254	0.1777846920554879	0.26667703808323184
Hypocreales	Hypocreales	489.36962914343263	1.1794136110492104	0.8630034513948698	1.3666383479033923	0.1717386910666274	0.26667703808323184
Magnaporthales	Magnaporthales	26.966164600115103	-0.13803127970876022	0.7107895930209099	-0.19419428908928837	0.8460237544015028	0.9229350048016394
Malasseziales	Malasseziales	620.3109433617328	2.2572901456092613	1.3531420252930122	1.6681841990093116	0.0952791665992268	0.1905583331984536
Mycosphaerellales	Mycosphaerellales	38.07114688970727	2.7302991034955695	0.8974544367798962	3.0422704391456308	0.0023480083652919867	0.009392033461167947
Saccharomycetales	Saccharomycetales	153.07718407860585	-1.429271660113374	0.4589511904943039	-3.114212774073004	0.0018443643243990393	0.009392033461167947
Schizosaccharomycetales	Schizosaccharomycetales	18.33358678573811	-0.24680899013601265	2.6381352232766515	-0.09355433639579236	0.9254631847272099	0.9254631847272099
Sordariales	Sordariales	57.462633157608344	-0.747237867286784	0.6084453690706415	-1.2281100412155959	0.21940566213096166	0.2925408828412822
Tremellales	Tremellales	25.67503789247282	1.7158882863036349	0.8537909185409965	2.0097289032259047	0.04445988914110261	0.13337966742330784
Ustilaginales	Ustilaginales	5508.27028795487	5.501816791397569	1.635449510259207	3.364100668889234	7.679352659635131e-4	0.009215223191562157
