Gene	Geneid	baseMean	log2FoldChange	lfcSE	stat	pvalue	padj
Eurotiales	Eurotiales	33.57713026965264	0.1478149047981544	0.28421352575407177	0.5200839910977978	0.6030050358349306	0.9934240019681361
Glomerellales	Glomerellales	30.53140170041068	0.018458515126814234	0.4250742280910272	0.04342421607094338	0.9653633742719131	0.9934240019681361
Helotiales	Helotiales	27.956465361191853	-0.05509293187022997	0.4655263622365862	-0.11834546083607413	0.9057939379266456	0.9934240019681361
Hypocreales	Hypocreales	489.36962914343263	-0.09730582111527114	0.7972117498144498	-0.12205768559974056	0.9028533332397859	0.9934240019681361
Magnaporthales	Magnaporthales	26.966164600115103	-0.1618937877426192	0.5797843580742462	-0.2792310373469706	0.780067526170855	0.9934240019681361
Malasseziales	Malasseziales	620.3109433617328	4.028308377816251	1.2914683229310577	3.1191693255578934	0.0018136170445585847	0.010881702267351509
Mycosphaerellales	Mycosphaerellales	38.07114688970727	0.09388740476515821	0.6815644839750533	0.13775278344549816	0.8904358018471012	0.9934240019681361
Saccharomycetales	Saccharomycetales	153.07718407860585	-0.13677621800012926	0.4194893874876062	-0.32605406019757843	0.7443834539031008	0.9934240019681361
Schizosaccharomycetales	Schizosaccharomycetales	18.33358678573811	0.0202748025809145	2.4599716620457435	0.008241884609375425	0.9934240019681361	0.9934240019681361
Sordariales	Sordariales	57.462633157608344	-0.24577306545539163	0.5286958287653439	-0.4648666626126824	0.6420269454749543	0.9934240019681361
Tremellales	Tremellales	25.67503789247282	0.30521505573290386	0.7553693495123196	0.40406068359797276	0.6861680956223128	0.9934240019681361
Ustilaginales	Ustilaginales	5508.27028795487	6.563058659319131	1.5373850677608143	4.268975155897773	1.9637313730929133e-5	2.3564776477114958e-4
