Gene	Geneid	baseMean	log2FoldChange	lfcSE	stat	pvalue	padj
Eurotiales	Eurotiales	33.57713026965264	0.10689761549693348	0.3550693267764945	0.30106125039694664	0.7633677886809207	0.9160413464171048
Glomerellales	Glomerellales	30.53140170041068	0.9413503004029942	0.5243581219249036	1.795243100168496	0.07261497624719111	0.31753526726796605
Helotiales	Helotiales	27.956465361191853	-0.5505774004412135	0.5509673761391339	-0.9992921982048136	0.3176531637126101	0.6353063274252202
Hypocreales	Hypocreales	489.36962914343263	0.715419344763422	0.9311198265415571	0.7683429397274163	0.44228347036427723	0.6634252055464158
Magnaporthales	Magnaporthales	26.966164600115103	-0.0206085691960461	0.7040952865395473	-0.029269574147175556	0.9766495928142815	0.9766495928142815
Malasseziales	Malasseziales	620.3109433617328	2.3784840599910058	1.4707840900556062	1.6171537862508982	0.10584508908932201	0.31753526726796605
Mycosphaerellales	Mycosphaerellales	38.07114688970727	-1.2609906507797912	0.7644021032988442	-1.6496430940441893	0.0990159554853096	0.31753526726796605
Saccharomycetales	Saccharomycetales	153.07718407860585	-0.4126207106080749	0.4895303453455789	-0.8428909760778764	0.3992894208358466	0.6634252055464158
Schizosaccharomycetales	Schizosaccharomycetales	18.33358678573811	0.5195756237550488	2.8521904937092772	0.18216722371840602	0.8554514942653383	0.9332198119258235
Sordariales	Sordariales	57.462633157608344	-0.8172459684178999	0.6289873311631556	-1.2993043387799348	0.19383950596489533	0.46521481431574874
Tremellales	Tremellales	25.67503789247282	0.4905721501603076	0.8332531466985417	0.5887432313985478	0.5560335325904363	0.741378043453915
Ustilaginales	Ustilaginales	5508.27028795487	4.241870264191221	1.7780370125900593	2.3857041412271314	0.017046458598407144	0.20455750318088572
