Gene	Geneid	baseMean	log2FoldChange	lfcSE	stat	pvalue	padj
Eurotiales	Eurotiales	15.448226736134268	-0.589703685635824	0.4994845490176223	-1.1806244793670657	0.23775193458502572	0.31700257944670096
Glomerellales	Glomerellales	21.44913309891098	-0.8386213056990575	0.6083841705920695	-1.378440377373601	0.16806736423353125	0.25210104635029684
Helotiales	Helotiales	15.292709835876963	0.05002854980880171	0.8176870452459236	0.061183004059646516	0.9512134651681109	0.9512134651681109
Hypocreales	Hypocreales	223.95599052536116	2.8306101130602013	0.7316941311014059	3.8685702026874744	1.094754181129498e-4	4.379016724517992e-4
Magnaporthales	Magnaporthales	14.315038527447411	1.8831851066392067	0.938807396504285	2.005933393421673	0.04486335485946512	0.10031702402639343
Malasseziales	Malasseziales	384.3291802344525	-8.028432642871836	0.9420060177379688	-8.52269782962793	1.5587908341319066e-17	1.0007290033918104e-16
Mycosphaerellales	Mycosphaerellales	12.242305869722566	-0.6656012770348358	0.6186708219081513	-1.0758569072029907	0.28199125690629384	0.3383895082875526
Saccharomycetales	Saccharomycetales	81.15488318912134	1.527419518690766	0.6002295979204879	2.544725425041606	0.01093636959141977	0.03280910877425931
Schizosaccharomycetales	Schizosaccharomycetales	10.527699385757815	-0.2019552621952978	0.7173455043378286	-0.2815313694364333	0.7783028712944189	0.8490576777757296
Sordariales	Sordariales	28.401168544667282	1.3208701841591244	0.6759836374330476	1.9539972730330315	0.050701539687113335	0.10031702402639343
Tremellales	Tremellales	11.267575857885005	-1.4830875278015234	0.783957731995503	-1.8917952681280918	0.05851826401539617	0.10031702402639343
Ustilaginales	Ustilaginales	3576.2216911615837	-9.40470136287934	1.1045042036767891	-8.514862443775213	1.667881672319684e-17	1.0007290033918104e-16
