Gene	Geneid	baseMean	log2FoldChange	lfcSE	stat	pvalue	padj
Eurotiales	Eurotiales	15.448226736134268	-0.49867374642428547	0.39271820796971957	-1.2698004225532002	0.20415573017834643	0.24844117029075127
Glomerellales	Glomerellales	21.44913309891098	1.1790332893659805	0.401000499515242	2.9402289792438663	0.0032796977789488896	0.019678186673693338
Helotiales	Helotiales	15.292709835876963	1.072570276278597	0.38321042372310055	2.7989068404193844	0.005127592872963579	0.020510371491854317
Hypocreales	Hypocreales	223.95599052536116	-2.326060663159322	0.5683608761632847	-4.092577024057981	4.266054708987411e-5	5.119265650784893e-4
Magnaporthales	Magnaporthales	14.315038527447411	-0.437397634009355	0.4789923992331352	-0.9131619514414566	0.3611573717533269	0.3939898600945384
Malasseziales	Malasseziales	384.3291802344525	1.490780283796663	0.7852937270799317	1.8983728411279195	0.057646984670453726	0.09882340229220637
Mycosphaerellales	Mycosphaerellales	12.242305869722566	-1.131896896598887	0.5037774854312603	-2.246819140061257	0.024651588028362578	0.07395476408508773
Saccharomycetales	Saccharomycetales	81.15488318912134	0.7114130242350905	0.3686418997149069	1.9298213924821601	0.05362897190630663	0.09882340229220637
Schizosaccharomycetales	Schizosaccharomycetales	10.527699385757815	0.5397682101756165	0.3949736991178604	1.3665927918267522	0.17175297783199941	0.24844117029075127
Sordariales	Sordariales	28.401168544667282	-0.04626118845956295	0.3747730505310472	-0.12343787365183173	0.9017603675476429	0.9017603675476429
Tremellales	Tremellales	11.267575857885005	-0.7445271224728224	0.5900692108243691	-1.261762364168543	0.20703430857562607	0.24844117029075127
Ustilaginales	Ustilaginales	3576.2216911615837	1.731618318930017	0.9029403968434724	1.9177548429369902	0.05514210408981702	0.09882340229220637
