Gene	Geneid	baseMean	log2FoldChange	lfcSE	stat	pvalue	padj
Eurotiales	Eurotiales	15.448226736134268	0.5680143328848151	0.5167690513887556	1.0991647649145084	0.27169620464032584	0.326035445568391
Glomerellales	Glomerellales	21.44913309891098	0.8476389106241459	0.6332976716030639	1.338452592883408	0.18074894435932537	0.2711234165389881
Helotiales	Helotiales	15.292709835876963	-0.5305594940253333	0.8348508515482255	-0.6355141077492036	0.525093168609273	0.572828911210116
Hypocreales	Hypocreales	223.95599052536116	-2.732138710306299	0.7716075032322262	-3.5408399981357146	3.988553737435534e-4	0.0015954214949742136
Magnaporthales	Magnaporthales	14.315038527447411	-1.6707108852494397	0.95709272137278	-1.7456102715451651	0.080878696192263	0.13864919347245083
Malasseziales	Malasseziales	384.3291802344525	6.5717652311062595	1.0151844644207655	6.473469070328925	9.577802692244633e-11	5.74668161534678e-10
Mycosphaerellales	Mycosphaerellales	12.242305869722566	0.7594235528270862	0.6448054991512878	1.1777560114277283	0.23889388995741592	0.3185251866098879
Saccharomycetales	Saccharomycetales	81.15488318912134	-1.5416351202708216	0.6246215903884353	-2.468110523224342	0.013582837414029218	0.040748512242087656
Schizosaccharomycetales	Schizosaccharomycetales	10.527699385757815	0.2345569981981655	0.7313176572356012	0.32073203193916683	0.7484134706913522	0.7484134706913522
Sordariales	Sordariales	28.401168544667282	-1.3603270532918694	0.6949554639446023	-1.9574305460821682	0.05029687009443035	0.12071248822663284
Tremellales	Tremellales	11.267575857885005	1.4599544342831652	0.8268885234539823	1.7656000692630414	0.07746296840400514	0.13864919347245083
Ustilaginales	Ustilaginales	3576.2216911615837	8.41513575708157	1.178793252462477	7.138771569571263	9.4168674137375e-13	1.1300240896484999e-11
