Gene	Geneid	baseMean	log2FoldChange	lfcSE	stat	pvalue	padj
Eurotiales	Eurotiales	15.448226736134268	0.8733544203494742	0.523570612069134	1.6680737998223505	0.09530107749940975	0.2287225859985834
Glomerellales	Glomerellales	21.44913309891098	0.3166739811848107	0.6291155754202662	0.5033637594702117	0.6147085464307503	0.6834289476396721
Helotiales	Helotiales	15.292709835876963	-1.2904835448326617	0.8303342064358376	-1.5541736505978587	0.12014300089125217	0.24028600178250434
Hypocreales	Hypocreales	223.95599052536116	-0.7011620470866752	0.7360111102839231	-0.9526514441014287	0.3407667027664269	0.4543556036885692
Magnaporthales	Magnaporthales	14.315038527447411	-0.9274076236209489	0.9575954465671987	-0.9684753900465299	0.3328070039629441	0.4543556036885692
Malasseziales	Malasseziales	384.3291802344525	1.0818699429677403	0.9406281635017888	1.1501568685123502	0.2500792672697567	0.4287073153195829
Mycosphaerellales	Mycosphaerellales	12.242305869722566	1.5212364971598111	0.6582453540776667	2.3110478300167685	0.02083021313158052	0.12498127878948312
Saccharomycetales	Saccharomycetales	81.15488318912134	-2.0384318019911505	0.6050395480487206	-3.369088530766598	7.541720107497583e-4	0.0090500641289971
Schizosaccharomycetales	Schizosaccharomycetales	10.527699385757815	0.2533947802499307	0.7427232712239777	0.3411698408646149	0.7329757261901961	0.7329757261901961
Sordariales	Sordariales	28.401168544667282	-1.2772459003207366	0.686783508796781	-1.8597503928980819	0.06292084876934893	0.2287225859985834
Tremellales	Tremellales	11.267575857885005	0.39255756310314144	0.8065829560007992	0.4866921129222974	0.6264765353363662	0.6834289476396721
Ustilaginales	Ustilaginales	3576.2216911615837	1.8972449685380304	1.1042052161870923	1.7181996070344305	0.08576021320039362	0.2287225859985834
