Gene	Geneid	baseMean	log2FoldChange	lfcSE	stat	pvalue	padj
Eurotiales	Eurotiales	15.448226736134268	-0.17438566295163013	0.25120791823937894	-0.6941885597151282	0.48756396614148695	0.7313459492122304
Glomerellales	Glomerellales	21.44913309891098	0.048850494857849945	0.33489472040416435	0.1458682143417944	0.8840254244348247	0.8913768492288947
Helotiales	Helotiales	15.292709835876963	-0.6587501408790096	0.32374915808973986	-2.034754761266162	0.04187555506941032	0.12562666520823096
Hypocreales	Hypocreales	223.95599052536116	0.09301287065201763	0.5714977429941805	0.1627528223728519	0.8707130551690431	0.8913768492288947
Magnaporthales	Magnaporthales	14.315038527447411	0.35044275899610977	0.36469329126785943	0.9609246108635353	0.3365900752825756	0.7313459492122304
Malasseziales	Malasseziales	384.3291802344525	-1.8477373606694008	0.7881109412328872	-2.3445142859949124	0.019051880640526417	0.1143112838431585
Mycosphaerellales	Mycosphaerellales	12.242305869722566	-0.7159842056460178	0.3457859209494068	-2.070599646394441	0.03839622524624931	0.12562666520823096
Saccharomycetales	Saccharomycetales	81.15488318912134	-0.15922665990963097	0.36535335782196454	-0.4358155098364296	0.662970589909486	0.8839607865459813
Schizosaccharomycetales	Schizosaccharomycetales	10.527699385757815	-0.1921860978210808	0.26247324917673237	-0.7322121337084344	0.4640390995108994	0.7313459492122304
Sordariales	Sordariales	28.401168544667282	0.04397466335013112	0.32201195040089076	0.13656220924529228	0.8913768492288947	0.8913768492288947
Tremellales	Tremellales	11.267575857885005	-1.7729024265595472	0.5033609112662019	-3.522129722190426	0.00042809460881622103	0.005137135305794653
Ustilaginales	Ustilaginales	3576.2216911615837	-0.6565572822759015	0.924605811175979	-0.7100942632415922	0.4776456835610333	0.7313459492122304
