Gene	Geneid	baseMean	log2FoldChange	lfcSE	stat	pvalue	padj
Eurotiales	Eurotiales	15.448226736134268	-1.0808681705884988	0.5764307469901869	-1.8751049908982378	0.06077828108637985	0.5966855128959585
Glomerellales	Glomerellales	21.44913309891098	0.004088264813782927	0.6650415706359911	0.006147382350660044	0.9950951294258389	0.99534488295138
Helotiales	Helotiales	15.292709835876963	0.005216782441449756	0.8941486345698073	0.005834357107707997	0.99534488295138	0.99534488295138
Hypocreales	Hypocreales	223.95599052536116	0.7616298505145566	0.7439236082157968	1.023801156601584	0.30592920398765133	0.5966855128959585
Magnaporthales	Magnaporthales	14.315038527447411	1.188382663157998	0.9911151568287252	1.1990359091676797	0.23051398304805826	0.5966855128959585
Malasseziales	Malasseziales	384.3291802344525	-0.7970397995874096	0.9417345713595875	-0.8463529149585309	0.397355896939594	0.5966855128959585
Mycosphaerellales	Mycosphaerellales	12.242305869722566	-0.5261993708761215	0.6927633283288798	-0.7595658565609229	0.44751413467196893	0.5966855128959585
Saccharomycetales	Saccharomycetales	81.15488318912134	0.6833052857396379	0.6346496533973078	1.07666534139249	0.28162980141010896	0.5966855128959585
Schizosaccharomycetales	Schizosaccharomycetales	10.527699385757815	-0.043114834621955075	0.7819080760350098	-0.055140541379987765	0.9560264979074056	0.99534488295138
Sordariales	Sordariales	28.401168544667282	0.5879035528980853	0.7263728249195545	0.8093688705427483	0.4183030024043896	0.5966855128959585
Tremellales	Tremellales	11.267575857885005	-0.8953986023185243	0.8806192355724312	-1.016782925183875	0.3092567066075424	0.5966855128959585
Ustilaginales	Ustilaginales	3576.2216911615837	-1.0568217763858936	1.1042675087163178	-0.957034204161654	0.3385499911498067	0.5966855128959585
