Gene	Geneid	baseMean	log2FoldChange	lfcSE	stat	pvalue	padj
Eurotiales	Eurotiales	15.448226736134268	0.28365073471365027	0.2644053425946193	1.0727874555414625	0.2833664904503906	0.3400397885404687
Glomerellales	Glomerellales	21.44913309891098	-0.5219473245142467	0.32530196850239457	-1.604500971565454	0.10860367047831276	0.14480489397108368
Helotiales	Helotiales	15.292709835876963	-1.24045499502386	0.31092988059261767	-3.9895007602987893	6.621250703965634e-5	1.98637521118969e-4
Hypocreales	Hypocreales	223.95599052536116	2.129448065973526	0.4895187228086292	4.350085025871432	1.3608475529369571e-5	5.4433902117478285e-5
Magnaporthales	Magnaporthales	14.315038527447411	0.9557774830182579	0.3611847841765735	2.6462285370000638	0.008139480555777597	0.01953475333386623
Malasseziales	Malasseziales	384.3291802344525	-6.946562699904095	0.6670504636888573	-10.41384884359257	2.1437530638267716e-25	2.572503676592126e-24
Mycosphaerellales	Mycosphaerellales	12.242305869722566	0.8556352201249754	0.369615504634034	2.3149332465697356	0.020616585545659816	0.035342718078273966
Saccharomycetales	Saccharomycetales	81.15488318912134	-0.5110122833003843	0.31809582903899064	-1.6064727564778816	0.10817007616885978	0.14480489397108368
Schizosaccharomycetales	Schizosaccharomycetales	10.527699385757815	0.051439518054632885	0.29442370202141155	0.1747125577916007	0.861305499857404	0.8836112070646334
Sordariales	Sordariales	28.401168544667282	0.04362428383838777	0.2979944687168979	0.1463929314736104	0.8836112070646334	0.8836112070646334
Tremellales	Tremellales	11.267575857885005	-1.090529964698382	0.46834520775788896	-2.328474694807022	0.019886911422648503	0.035342718078273966
Ustilaginales	Ustilaginales	3576.2216911615837	-7.50745639434131	0.7813027782238303	-9.608895045027664	7.33316742876569e-22	4.399900457259414e-21
