Gene	Geneid	baseMean	log2FoldChange	lfcSE	stat	pvalue	padj
Eurotiales	Eurotiales	15.448226736134268	-0.6655501479043049	0.38195943443577135	-1.74246291072101	0.08142747596664644	0.13958995879996533
Glomerellales	Glomerellales	21.44913309891098	0.8915600653706903	0.42930579474493047	2.0767482672820794	0.03782479918632675	0.0907795180471842
Helotiales	Helotiales	15.292709835876963	-0.7035619082463616	0.48549273331727943	-1.4491708319485175	0.14728988098951365	0.1963865079860182
Hypocreales	Hypocreales	223.95599052536116	-1.9759673918936271	0.5870738485233474	-3.365790175910117	7.63247420492887e-4	0.003052989681971548
Magnaporthales	Magnaporthales	14.315038527447411	-0.344359684485099	0.4836849419408214	-0.7119503929630938	0.47649549519464773	0.5198132674850702
Malasseziales	Malasseziales	384.3291802344525	5.3836554826150245	0.7877864692480235	6.833901942684999	8.263552028716445e-12	4.958131217229867e-11
Mycosphaerellales	Mycosphaerellales	12.242305869722566	-0.5765822994873036	0.4655484360661559	-1.2385012059311684	0.21553027520594742	0.2586363302471369
Saccharomycetales	Saccharomycetales	81.15488318912134	-1.0033408928607592	0.41950886571003476	-2.391703667960787	0.0167703764665778	0.0503111293997334
Schizosaccharomycetales	Schizosaccharomycetales	10.527699385757815	-0.033345670247738095	0.4070477531058046	-0.08192078200483396	0.9347097083324971	0.9347097083324971
Sordariales	Sordariales	28.401168544667282	-0.6889919679109079	0.4175587370722748	-1.6500480213677124	0.0989331146533131	0.14839967197996964
Tremellales	Tremellales	11.267575857885005	-1.185213501076548	0.6436402096633068	-1.8414224022712045	0.06555968239095294	0.1311193647819059
Ustilaginales	Ustilaginales	3576.2216911615837	7.691322304217545	0.9243230500897589	8.321032677342254	8.720020261278786e-17	1.0464024313534543e-15
