Gene	Geneid	baseMean	log2FoldChange	lfcSE	stat	pvalue	padj
Eurotiales	Eurotiales	15.448226736134268	-0.04063734875900509	0.40128835099696636	-0.1012672026437974	0.9193383508199648	0.9193383508199648
Glomerellales	Glomerellales	21.44913309891098	0.6082354699938839	0.39302453457329756	1.5475763380885077	0.12172433196204374	0.3651729958861312
Helotiales	Helotiales	15.292709835876963	0.49086542213374645	0.3724434081189022	1.3179597529003337	0.18751712122729536	0.4500410909455088
Hypocreales	Hypocreales	223.95599052536116	-0.28962546783781357	0.4858528553428323	-0.5961176612483736	0.5510966264354582	0.8266449396531873
Magnaporthales	Magnaporthales	14.315038527447411	0.167937090012793	0.4763265036885028	0.35256717548225425	0.7244129494103098	0.9193383508199648
Malasseziales	Malasseziales	384.3291802344525	-3.6080450554380312	0.6637195997778569	-5.436098401562381	5.445988661653517e-8	3.26759319699211e-7
Mycosphaerellales	Mycosphaerellales	12.242305869722566	0.43972252917210647	0.5204223503335653	0.8449339827358794	0.3981476995361879	0.6825389134906078
Saccharomycetales	Saccharomycetales	81.15488318912134	0.3596274008443372	0.3218675660720903	1.1173148174979197	0.2638597421476917	0.5277194842953834
Schizosaccharomycetales	Schizosaccharomycetales	10.527699385757815	0.7833938260513301	0.41689004691306986	1.8791377531128342	0.06022568636064014	0.24090274544256057
Sordariales	Sordariales	28.401168544667282	-0.046611567971306306	0.35434988214742574	-0.13154108501132156	0.8953472877738295	0.9193383508199648
Tremellales	Tremellales	11.267575857885005	-0.06215466061165716	0.5604967901654485	-0.11089209019967845	0.9117019180228578	0.9193383508199648
Ustilaginales	Ustilaginales	3576.2216911615837	-5.119280793135392	0.7555392337524989	-6.775665067331734	1.238352633351854e-11	1.4860231600222248e-10
