Gene	Geneid	baseMean	log2FoldChange	lfcSE	stat	pvalue	padj
Eurotiales	Eurotiales	15.448226736134268	-0.9139917691084793	0.5836154447854496	-1.5660856429947354	0.11732856872178388	0.22720820801117378
Glomerellales	Glomerellales	21.44913309891098	0.2915614888090732	0.6471307641303152	0.4505449361550679	0.6523175604150963	0.6523175604150963
Helotiales	Helotiales	15.292709835876963	1.781348966966408	0.8429998905392715	2.1131069967599516	0.03459161096308305	0.10377483288924916
Hypocreales	Hypocreales	223.95599052536116	0.41153657924886156	0.7292466776022337	0.5643310993229282	0.5725288202433054	0.6428562510340873
Magnaporthales	Magnaporthales	14.315038527447411	1.095344713633742	0.9888335803149332	1.1077139120668678	0.26798538918111875	0.4019780837716781
Malasseziales	Malasseziales	384.3291802344525	-4.689914998405771	0.9396503177005001	-4.991127986720496	6.002770432218335e-7	3.601662259331001e-6
Mycosphaerellales	Mycosphaerellales	12.242305869722566	-1.0815139679877048	0.719011430772211	-1.5041679752242183	0.13253812133985138	0.22720820801117378
Saccharomycetales	Saccharomycetales	81.15488318912134	2.3980592028354875	0.6022369503554406	3.9819197434168587	6.836086499934605e-5	2.734434599973842e-4
Schizosaccharomycetales	Schizosaccharomycetales	10.527699385757815	0.5299990458013994	0.7756910396898589	0.6832604976503359	0.4944422506471452	0.6428562510340873
Sordariales	Sordariales	28.401168544667282	1.2306343323494302	0.7026499991322643	1.7514186776762237	0.07987381802593521	0.1916971632622445
Tremellales	Tremellales	11.267575857885005	-0.45471222371479864	0.8422583879829632	-0.5398725975335688	0.5892848967812467	0.6428562510340873
Ustilaginales	Ustilaginales	3576.2216911615837	-7.016525761673422	1.0864322298842122	-6.458318861196907	1.0587248603400377e-10	1.2704698324080453e-9
