Gene	Geneid	baseMean	log2FoldChange	lfcSE	stat	pvalue	padj
Eurotiales	Eurotiales	15.448226736134268	-0.021689352751008806	0.25066753524428736	-0.08652637338884553	0.9310479917542663	0.9784166108050836
Glomerellales	Glomerellales	21.44913309891098	0.009017604925088466	0.3333179084384058	0.027054066693673735	0.9784166108050836	0.9784166108050836
Helotiales	Helotiales	15.292709835876963	-0.4805309442165316	0.3227976165831723	-1.4886446476989943	0.1365809679866427	0.8194858079198563
Hypocreales	Hypocreales	223.95599052536116	0.0984714027539021	0.5415664464854925	0.18182700090253828	0.8557184940660504	0.9784166108050836
Magnaporthales	Magnaporthales	14.315038527447411	0.21247422138976693	0.35984944779254213	0.5904530983531231	0.5548869210194352	0.9784166108050836
Malasseziales	Malasseziales	384.3291802344525	-1.456667411765575	0.7686182972130114	-1.8951766007228952	0.058069009059708646	0.6968281087165038
Mycosphaerellales	Mycosphaerellales	12.242305869722566	0.09382227579225037	0.3451125842288652	0.2718599091420877	0.7857297384429132	0.9784166108050836
Saccharomycetales	Saccharomycetales	81.15488318912134	-0.014215601580055689	0.35392679504624824	-0.040165372554508375	0.9679612840393332	0.9784166108050836
Schizosaccharomycetales	Schizosaccharomycetales	10.527699385757815	0.03260173600286772	0.2643347487818422	0.12333503692991275	0.9018417971640362	0.9784166108050836
Sordariales	Sordariales	28.401168544667282	-0.039456869132745015	0.31637340758763943	-0.12471613664879519	0.9007482819484979	0.9784166108050836
Tremellales	Tremellales	11.267575857885005	-0.023133093518357864	0.502509282226487	-0.04603515663603503	0.9632822286587635	0.9784166108050836
Ustilaginales	Ustilaginales	3576.2216911615837	-0.9895656057977703	0.883582288952	-1.1199473078749407	0.2627362168802877	0.9784166108050836
