Gene	Geneid	baseMean	log2FoldChange	lfcSE	stat	pvalue	padj
Eurotiales	Eurotiales	15.448226736134268	-0.20751375023902455	0.39076560865243426	-0.5310440469790607	0.5953882563860807	0.7300373688059691
Glomerellales	Glomerellales	21.44913309891098	0.32076224599859365	0.42186531427306984	0.7603427803760301	0.4470497163745586	0.7300373688059691
Helotiales	Helotiales	15.292709835876963	-1.285266762391212	0.4770398690057265	-2.694254392342589	0.0070546298101593595	0.04232777886095616
Hypocreales	Hypocreales	223.95599052536116	0.0604678034278814	0.5076165920016591	0.11912101452287392	0.9051794821004658	0.9051794821004658
Magnaporthales	Magnaporthales	14.315038527447411	0.26097503953704904	0.48104505106356926	0.5425168369574633	0.5874625118374718	0.7300373688059691
Malasseziales	Malasseziales	384.3291802344525	0.2848301433803308	0.6666670735826021	0.4272449542913258	0.6692009214054717	0.7300373688059691
Mycosphaerellales	Mycosphaerellales	12.242305869722566	0.9950371262836898	0.4835111457795645	2.0579404114446884	0.03959585387339173	0.1583834154935669
Saccharomycetales	Saccharomycetales	81.15488318912134	-1.3551265162515125	0.3790640575088236	-3.5749274810101688	3.5032498525987797e-4	0.004203899823118536
Schizosaccharomycetales	Schizosaccharomycetales	10.527699385757815	0.2102799456279756	0.42834677439235325	0.490910538374605	0.6234897231569281	0.7300373688059691
Sordariales	Sordariales	28.401168544667282	-0.6893423474226513	0.39932980287012027	-1.7262481850042533	0.0843027727134677	0.2529083181404031
Tremellales	Tremellales	11.267575857885005	-0.5028410392153829	0.6166422495805137	-0.8154501894047206	0.4148146654970214	0.7300373688059691
Ustilaginales	Ustilaginales	3576.2216911615837	0.8404231921521365	0.7809681342825125	1.076129940851231	0.2818691468468331	0.6764859524323995
