Gene	Geneid	baseMean	log2FoldChange	lfcSE	stat	pvalue	padj
Eurotiales	Eurotiales	15.448226736134268	-0.5128538377036835	0.3816042512784388	-1.3439416253501801	0.17896726423025747	0.30680102439472706
Glomerellales	Glomerellales	21.44913309891098	0.8517271754379289	0.4280768853053694	1.989659345494321	0.046628473974494065	0.11190833753878575
Helotiales	Helotiales	15.292709835876963	-0.5253427115838836	0.4848587196409325	-1.0834964708336727	0.2785881164836281	0.4178821747254421
Hypocreales	Hypocreales	223.95599052536116	-1.9705088597917426	0.5579787176331157	-3.531512578383678	4.131902100771228e-4	0.0016527608403084913
Magnaporthales	Magnaporthales	14.315038527447411	-0.4823282220914418	0.4800432807998771	-1.0047598651683185	0.31501249396074926	0.42001665861433235
Malasseziales	Malasseziales	384.3291802344525	5.77472543151885	0.7682855928949267	7.516378655181447	5.631429957421004e-14	3.3788579744526024e-13
Mycosphaerellales	Mycosphaerellales	12.242305869722566	0.23322418195096473	0.4650485340154722	0.5015050363392939	0.616015734268291	0.639117527408458
Saccharomycetales	Saccharomycetales	81.15488318912134	-0.8583298345311838	0.40959588448767975	-2.095552877941579	0.03612187307048337	0.1083656192114501
Schizosaccharomycetales	Schizosaccharomycetales	10.527699385757815	0.19144216357621044	0.4082505678975261	0.4689330000497729	0.639117527408458	0.639117527408458
Sordariales	Sordariales	28.401168544667282	-0.772423500393784	0.4132260104749241	-1.8692518883456328	0.061587778290116586	0.12317555658023317
Tremellales	Tremellales	11.267575857885005	0.5645558319646411	0.6429744094662427	0.8780377938109546	0.37992320907005783	0.4559078508840694
Ustilaginales	Ustilaginales	3576.2216911615837	7.358313980695676	0.8832863953534553	8.330609436989208	8.042724907561967e-17	9.65126988907436e-16
