Gene	Geneid	baseMean	log2FoldChange	lfcSE	stat	pvalue	padj
Eurotiales	Eurotiales	15.448226736134268	-0.32428808347265536	0.36931145141240074	-0.8780883512613614	0.3798957740146766	0.4144317534705563
Glomerellales	Glomerellales	21.44913309891098	1.1301827945081306	0.35890543756229015	3.148970943946707	0.0016384648526345013	0.003932315646322803
Helotiales	Helotiales	15.292709835876963	1.7313204171576062	0.3433237137021067	5.042822118194344	4.5871564488276344e-7	2.118361736534144e-6
Hypocreales	Hypocreales	223.95599052536116	-2.4190735338113396	0.4792877984139968	-5.0472253660874635	4.48272465173411e-7	2.118361736534144e-6
Magnaporthales	Magnaporthales	14.315038527447411	-0.7878403930054648	0.43732939225521666	-1.801480547517595	0.07162717062150112	0.09550289416200149
Malasseziales	Malasseziales	384.3291802344525	3.3385176444660636	0.6656705713518644	5.015269997118994	5.29590434133536e-7	2.118361736534144e-6
Mycosphaerellales	Mycosphaerellales	12.242305869722566	-0.415912690952869	0.46936766147499237	-0.8861127961944787	0.3755567482690966	0.4144317534705563
Saccharomycetales	Saccharomycetales	81.15488318912134	0.8706396841447214	0.31273213689314	2.783978943750886	0.0053696519951147385	0.010739303990229477
Schizosaccharomycetales	Schizosaccharomycetales	10.527699385757815	0.7319543079966973	0.3697890380800075	1.979383466305812	0.0477728485807487	0.07679486953267581
Sordariales	Sordariales	28.401168544667282	-0.09023585180969407	0.33293551544214917	-0.27103101839363075	0.7863671755778096	0.7863671755778096
Tremellales	Tremellales	11.267575857885005	1.0283753040867247	0.5274183734299934	1.949828363769025	0.05119657968845054	0.07679486953267581
Ustilaginales	Ustilaginales	3576.2216911615837	2.3881756012059183	0.7559756076948112	3.1590643625237567	0.0015827653167077545	0.003932315646322803
