Gene	Geneid	baseMean	log2FoldChange	lfcSE	stat	pvalue	padj
Eurotiales	Eurotiales	20.563327417099543	0.2854645718945319	0.4336037659813752	0.6583535344727462	0.5103109855333519	0.6804146473778024
Glomerellales	Glomerellales	20.12773814827977	0.04162137844503238	0.5806728240682787	0.07167784804087596	0.9428582855108794	0.9428582855108794
Helotiales	Helotiales	16.960286714220967	-0.7633340606943939	0.4691623926617251	-1.6270145958710125	0.10373399788705581	0.20746799577411162
Hypocreales	Hypocreales	267.4237177288811	1.148960004442262	0.654239750649814	1.7561757800578068	0.07905839888599782	0.18974015732639476
Magnaporthales	Magnaporthales	16.710711826599834	0.13874711442766532	0.5863266644741422	0.23663790653645816	0.8129377101080539	0.8868411382996951
Malasseziales	Malasseziales	357.11443540159723	1.9951911656564827	1.0540320905163183	1.8929131129955796	0.058369425120957434	0.1751082753628723
Mycosphaerellales	Mycosphaerellales	15.544285203594283	1.8099463639652276	0.49519926729269903	3.6549859491117074	2.571960636705725e-4	0.001543176382023435
Saccharomycetales	Saccharomycetales	84.5683721723555	-0.8813338148110365	0.39850420333443887	-2.2116048147963694	0.026993982454054318	0.10797592981621727
Schizosaccharomycetales	Schizosaccharomycetales	11.983064783506293	0.18348910391080758	0.3409486270884293	0.5381722914614271	0.5904581075550615	0.7085497290660737
Sordariales	Sordariales	33.21951087169619	-0.381955140216758	0.491437307609332	-0.7772204802171698	0.43702870115133546	0.6555430517270032
Tremellales	Tremellales	15.678773569739427	0.9231970191192926	0.6210031591328041	1.4866220977176432	0.13711464813671456	0.2350536825200821
Ustilaginales	Ustilaginales	3050.091122935164	4.665441342012922	1.2588421055863837	3.706137029663227	2.1044447003275892e-4	0.001543176382023435
